word_us,word_length,n_phon,nonword,n_phon_nw,
abacus,6,6,aborus,6,
abalone,7,7,abolana,7,
abandon,7,7,abondin,7,
abbreviate,10,8,abtrofiase,9,
abbreviation,12,10,abbreriotion,10,
abdomen,7,7,abdumin,7,
abdominal,9,9,abfeminar,9,
abduct,6,6,abvict,6,
abide,5,4,asade,4,
ability,7,7,amoriny,7,
ablaze,6,5,abloit,5,
able,4,4,abro,4,
abnormal,8,8,abnardal,8,
abnormality,11,11,abnorcaloty,10,
abnormally,10,9,abtongally,9,
aboard,6,5,abouse,4,
abolish,7,6,abilish,6,
abolition,9,8,aburitive,8,
abolitionist,12,11,abofitialist,12,
abominable,10,10,abomogable,10,
abortion,8,7,aburtive,7,
abound,6,5,abeash,4,
about,5,4,apoot,4,
above,5,4,abert,5,
abrasive,8,7,abrosave,7,
abreast,7,6,abrouts,6,
abroad,6,5,atroud,5,
abrupt,6,6,abript,6,
absence,7,6,agbonce,6,
absent,6,6,agbent,6,
absentee,8,7,absintoo,7,
absentminded,12,12,absontmenden,12,
absolute,8,7,absulate,8,
absolutely,10,10,ablocurnmy,10,
absorb,6,6,aypent,5,
abstain,7,6,agstorn,7,
abstract,8,8,adstrome,7,
abstracts,9,9,adstroles,8,
absurd,6,6,adsord,6,
abundant,8,8,abindart,8,
abuse,5,5,amose,4,
academic,8,8,acugapid,8,
academy,7,7,ametegy,7,
accelerate,10,9,acmilerase,9,
accent,6,6,aurent,5,
accept,6,6,accube,5,
acceptance,10,9,acciptarce,8,
access,6,5,addess,4,
accessible,10,9,acmossibly,9,
accessory,9,8,acmissony,8,
accident,8,8,accodert,7,
accidental,10,9,acnidencal,11,
acclamation,11,9,acbranative,10,
accommodate,11,8,accorlomate,9,
accommodation,13,10,accomrogation,11,
accompaniment,13,12,accombarimics,12,
accomplice,10,8,accorplace,8,
accomplish,10,8,accorplush,8,
accord,6,5,audord,5,
accordance,10,7,accardarce,8,
accordion,9,8,accurrian,7,
account,7,5,aybount,5,
accountant,10,8,accourtent,8,
accumulate,10,10,acmacunate,10,
accuracy,8,8,actunary,9,
accurate,8,7,accorale,6,
accursed,8,7,accarsed,6,
accusation,10,9,acrabative,9,
accuse,6,5,absuse,6,
accuser,7,7,accaser,6,
accustom,8,7,accastim,7,
ace,3,2,ose,2,
ache,4,2,arve,3,
achieve,7,4,acleave,5,
acid,4,4,afin,4,
acidic,6,6,acudin,6,
acknowledge,11,7,acknouladge,7,
acne,4,4,adme,4,
acorn,5,5,acarn,5,
acoustic,8,7,acrastin,8,
acquaint,8,6,abquotch,6,
acquire,7,6,adtrite,6,
acquisition,11,9,actriditive,10,
acre,4,4,asco,4,
acrobat,7,7,acrubit,7,
acrobatic,9,9,acribanic,9,
acrobatics,10,10,acribanive,9,
across,6,5,afliss,5,
acrylic,7,7,acrolin,7,
act,3,3,arf,3,
action,6,5,abcoon,5,
activate,8,7,actovale,7,
active,6,5,abtain,5,
activity,8,8,actiliry,8,
actor,5,5,abton,5,
actual,6,6,atduac,6,
actuality,9,10,actuority,10,
actually,8,7,actoarry,7,
acute,5,5,amote,4,
adamant,7,7,adomint,7,
adapt,5,5,agaft,5,
adaptability,12,12,adaptobalory,12,
adaptation,10,9,adaslative,9,
add,3,2,jadd,3,
addict,6,5,ambict,6,
addiction,9,7,addirtoon,7,
addition,8,6,addution,7,
additional,10,8,addoleanal,8,
additive,8,6,addutave,6,
address,7,5,affress,5,
addressee,9,6,addrissoo,6,
adequate,8,7,adequite,7,
adjacent,8,7,adjocant,7,
adjective,9,7,adjictire,8,
adjourn,7,5,apnearn,6,
adjust,6,5,abnost,6,
administer,10,10,admanittan,9,
administrative,14,13,adminustrotion,13,
administrator,13,13,adminustrotar,13,
admirable,9,9,adricably,9,
admiral,7,7,admorel,7,
admiration,10,9,adnicative,9,
admire,6,6,abmite,5,
admirer,7,8,adminer,7,
admissible,10,9,admiffibly,9,
admission,9,7,admussoon,7,
admit,5,5,abrot,5,
admittance,10,7,admuttense,8,
adolescence,11,9,adolindence,10,
adopt,5,5,adait,4,
adoptive,8,7,adiptare,7,
adorable,8,8,adanagle,8,
adore,5,5,adose,4,
adrift,6,6,ascoft,6,
adult,5,5,agolt,5,
adultery,8,8,adormery,8,
adulthood,9,8,adoltheed,8,
advance,7,6,aphance,6,
advantage,9,8,advontare,8,
advantageous,12,10,adranmagauge,10,
adventure,9,8,advintude,9,
adverb,6,6,abcorb,6,
adverse,7,6,abvorse,6,
adversity,9,9,admerliry,9,
advertise,9,8,advortide,8,
advertisement,13,12,adpertainlent,12,
advertising,11,10,adpercasive,10,
advice,6,5,apwice,5,
advisable,9,9,advosably,9,
advise,6,5,abnose,5,
advisement,10,9,advasemint,9,
advisory,8,8,adridomy,8,
advocate,8,7,advucale,7,
aerial,6,5,aeroat,5,
aerobic,7,6,aeribis,6,
aeronautics,11,9,aeronailize,8,
aerosol,7,6,aeisil,5,
aerospace,9,7,aeispade,6,
aesthetic,9,7,aethitin,6,
afar,4,4,ahor,4,
affair,6,4,affeon,5,
affect,6,5,afforn,5,
affection,9,7,afficlion,8,
affiliate,9,7,afroliase,8,
affinity,8,7,afranily,8,
affirm,6,5,affape,4,
affirmation,11,9,affigrative,9,
affirmative,11,9,affintatics,10,
afford,6,5,affese,4,
afghan,6,5,aubran,5,
aflame,6,5,aflime,5,
afloat,6,5,aprout,5,
afraid,6,5,afroid,5,
African,7,7,Afrocap,7,
afterbirth,10,9,aftenbarth,9,
aftermath,9,8,aftenmith,8,
afternoon,9,8,aftennoop,8,
afterthought,12,8,aftenthearth,9,
afterward,9,9,aftenwarm,9,
age,3,2,afe,2,
aged,4,4,athed,3,
ageless,7,5,almness,6,
agency,6,6,agindy,6,
agenda,6,6,aginba,6,
agent,5,5,agish,4,
aggravate,9,7,aggrovale,7,
aggravation,11,9,aggrosative,9,
aggregation,11,9,aggrodative,9,
aggression,10,7,aggrossive,7,
agile,5,4,abirt,5,
agility,7,7,amarily,7,
agitate,7,6,agotake,6,
agitation,9,8,agirative,8,
agitator,8,8,agiramor,8,
ago,3,3,ada,3,
agonize,7,6,aginaze,6,
agony,5,5,agiry,5,
agree,5,4,aglie,4,
agreement,9,8,aggroomint,8,
agricultural,12,12,agrilipteral,12,
agriculture,11,10,agrocurtude,11,
ahead,5,4,ahood,4,
ahoy,4,3,ahap,4,
aid,3,2,arb,3,
ail,3,2,aeng,2,
ailment,7,6,ashdent,6,
aim,3,2,aith,2,
air,3,2,aif,2,
aircraft,8,7,ashspair,5,
airlift,7,6,ainlink,6,
airline,7,5,ailtine,5,
airliner,8,7,airluner,7,
airmail,7,5,ainstone,6,
airplane,8,6,ashpline,6,
aisle,5,2,aip,2,
ajar,4,4,ajor,4,
alarm,5,5,alorg,5,
albatross,9,8,albitruss,8,
albino,6,6,albuna,6,
album,5,5,amrum,5,
alcohol,7,7,alcuhil,7,
alcoholic,9,9,alcapolit,9,
alcoholism,10,11,alcojusize,9,
alert,5,5,aterd,5,
algae,5,4,alnoe,4,
algebra,7,7,algobru,7,
algebraic,9,9,almebroid,9,
alias,5,5,avios,5,
alibi,5,5,alobu,5,
alien,5,5,adion,5,
alienable,9,9,aleadably,8,
alienate,8,7,alionake,7,
alienation,10,9,alearative,8,
alike,5,4,ative,4,
alive,5,4,alyme,4,
allege,6,4,allind,5,
allegedly,9,8,allageppy,7,
allegiance,10,7,allopiance,8,
allergic,8,7,allorgim,7,
allergy,7,6,allordy,6,
alley,5,3,attey,3,
alliance,8,6,astianes,7,
allied,6,4,alloon,4,
alligator,9,8,almibator,9,
alliteration,12,10,allitenative,10,
allocate,8,6,allucale,6,
allow,5,3,allim,4,
alloy,5,3,appoy,3,
ally,4,3,asty,4,
almighty,8,6,almoughy,5,
almond,6,6,amfond,6,
alone,5,4,atore,4,
along,5,4,arang,4,
alongside,9,7,alingsade,7,
aloud,5,4,atood,4,
alphabet,8,7,alphobit,7,
alphabetic,10,9,altrufitid,10,
alphabetize,11,9,alphobitase,9,
alpine,6,5,aspone,5,
altar,5,5,adtor,5,
alteration,10,9,alderitive,9,
alternate,9,8,altornale,9,
alternation,11,10,aldermitive,10,
alternative,11,10,alterdation,10,
altitude,8,8,altotade,7,
alto,4,4,amlo,4,
altogether,10,9,almogerner,10,
aluminum,8,8,alucaniop,9,
amateur,7,6,amoteud,7,
amateurish,10,9,amatierine,8,
amateurism,10,11,amacourism,10,
amaze,5,4,alize,4,
amazon,6,6,amozin,6,
ambassador,10,9,ambarrator,9,
amber,5,5,adser,5,
ambidextrous,12,13,ammidestruce,10,
ambiguity,9,11,amniroity,8,
ambiguous,9,9,ambasuous,9,
ambition,8,7,ambotive,7,
ambulance,9,9,ambalince,8,
ambush,6,5,asbyne,5,
amend,5,5,aband,5,
amendment,9,9,amindmint,9,
amends,6,6,abands,6,
American,8,8,Aferimen,8,
americanize,11,10,amerilanize,10,
amiable,7,7,amoaple,7,
ammonia,7,6,ammunic,7,
ammunition,10,9,amturitive,10,
amnesia,7,6,amnosid,7,
amoeba,6,5,amoaga,5,
among,5,4,abung,4,
amount,6,5,aneant,5,
amphibian,9,8,amphobiar,7,
amphitheater,12,10,amphitreaten,11,
ample,5,5,astle,5,
amplification,13,12,amplirization,12,
amplifier,9,9,amplufaer,10,
amplify,7,7,ampludy,7,
amputate,8,8,ampotake,7,
amputation,10,10,ampalative,9,
amputee,7,7,ampotoo,6,
amuse,5,5,anose,4,
anal,4,3,anit,4,
analysis,8,8,anolysin,8,
analyst,7,7,anolast,7,
analytic,8,8,analetim,8,
analyze,7,5,anolaze,6,
anatomy,7,7,amicory,7,
ancestor,8,8,ancispor,8,
ancestral,9,9,ancispral,9,
anchor,6,5,abscar,6,
ancient,7,6,algount,6,
anecdote,8,7,anicdate,7,
anemia,6,6,anumoa,6,
anesthesia,10,8,anisthosin,9,
anesthetist,11,10,anisthotust,10,
anew,4,4,anaw,3,
angel,5,5,arbel,5,
anger,5,5,arver,5,
angle,5,5,artle,5,
angry,5,5,arfry,5,
anguish,7,6,algeare,5,
angular,7,8,angofer,7,
animal,6,6,anomil,6,
animalism,9,10,anirenish,8,
animate,7,6,anomake,6,
animation,9,8,animitive,8,
ankle,5,5,arcle,5,
anklet,6,6,arsket,6,
annex,5,5,armex,6,
annihilate,10,7,annohulake,8,
anniversary,11,10,annisermagy,10,
announce,8,5,alneeves,6,
annoy,5,3,annim,4,
annual,6,6,atruac,6,
anonymous,9,8,amalygous,8,
anonymously,11,10,anonygously,10,
another,7,6,anortar,7,
answer,6,5,arsper,6,
answerable,10,9,antheraber,9,
ant,3,3,ont,3,
antarctic,9,9,antasklic,9,
antelope,8,7,antolape,7,
antenna,7,6,anteppa,6,
anterior,8,8,antodier,7,
anthem,6,5,arskim,6,
anthropology,12,11,anthrocalomy,11,
anti,4,4,arto,4,
antibiotic,10,10,antifiuter,10,
antibody,8,8,anpibony,8,
anticipate,10,9,antimipade,9,
anticipated,11,11,anticimated,11,
anticlimax,10,11,antocrimix,11,
antidote,8,7,antudate,7,
antipersonnel,13,12,anticermennic,12,
antique,7,5,amtaste,6,
antiquity,9,9,antaqoiry,9,
antiseptic,10,10,antosetmic,10,
antisocial,10,9,antosivial,10,
antler,6,6,almner,7,
antonym,7,7,antunom,7,
anus,4,4,apus,4,
anxiety,7,7,aniopy,6,
anxious,7,6,arlgous,6,
anymore,7,6,anomare,6,
anyone,6,6,anyore,6,
anyway,6,5,anyfay,5,
aorta,5,5,aurto,5,
apart,5,5,asave,4,
apartment,9,9,apertmint,9,
apathetic,9,8,apathenim,8,
apathy,6,5,apophy,5,
ape,3,2,ope,2,
apiece,6,4,apouce,4,
apologetic,10,10,apolumetic,10,
apologize,9,8,apilogist,9,
apology,7,7,apilury,7,
apostrophe,10,9,apemtriphe,9,
apparatus,9,8,apranatas,9,
apparel,7,6,apporel,6,
apparent,8,7,appanems,7,
appeal,6,4,asteal,5,
appear,6,4,astear,5,
appearance,10,7,appeatarce,8,
appendage,9,7,appindade,7,
appendicitis,12,11,appenmiciton,11,
appendix,8,8,appindux,8,
appetite,8,6,appotate,6,
appetizer,9,8,apremizer,9,
applaud,7,5,ampleon,7,
applause,8,5,amplempt,8,
apple,5,4,adfle,5,
appliance,9,7,amphiants,8,
applicability,13,12,applicobalory,12,
applicable,10,9,apprinably,9,
applicant,9,8,applocart,8,
application,11,9,apprilative,9,
applicator,10,9,apprilanor,9,
applied,7,5,afflied,5,
apply,5,4,adshy,4,
appoint,7,5,ampique,5,
appointee,9,6,appaintee,6,
appointment,11,9,appaintmint,9,
appraise,8,5,ampruade,7,
appreciable,11,10,appromiably,10,
appreciate,10,8,aptreliase,9,
appreciative,12,10,appreviatine,10,
apprehend,9,8,approhind,8,
apprehensive,12,10,approlernize,9,
apprentice,10,8,approntace,8,
approach,8,5,ambroach,6,
approaching,11,6,appreaching,7,
appropriate,11,9,appreproade,9,
appropriation,13,11,approchiation,10,
approval,8,7,apprival,7,
approve,7,5,alcrove,6,
approximate,11,10,applixigate,10,
approximation,13,12,approxigation,11,
apricot,7,7,aprocut,7,
April,5,5,Aprif,5,
apron,5,5,ascan,5,
apt,3,3,eft,3,
aptitude,8,8,aptotade,7,
aquarium,8,8,aquanion,8,
aquatic,7,7,aquanid,7,
Arab,4,4,Arib,4,
Arabian,7,7,Arobuan,7,
Arabic,6,6,Arofic,6,
arbitrarily,11,11,arbidririly,11,
arbitrary,9,9,armiclary,9,
arbitrate,9,8,arbotrave,8,
arbitrator,10,10,armiplanor,10,
arc,3,3,arl,3,
arcade,6,5,anlade,5,
arch,4,3,orge,3,
archaeology,11,9,archaealomy,9,
archbishop,10,8,archbuship,8,
archduke,8,7,auntnuke,7,
archer,6,5,orchen,5,
archery,7,6,archeny,6,
architect,9,8,archutict,8,
architectural,13,12,architullerly,11,
architecture,12,10,archotempure,9,
archway,7,5,arcelay,5,
arctic,6,6,asklic,6,
area,4,4,areo,4,
arena,5,5,aronu,5,
arguable,8,9,argoaple,8,
argue,5,5,anbue,5,
argument,8,9,argofent,8,
argumentation,13,13,argucenraters,13,
argumentative,13,13,argucengators,14,
arise,5,4,asint,5,
aristocrat,10,10,arosticrab,10,
aristocratic,12,12,aristustatic,12,
arithmetic,10,9,arothmitis,9,
arithmetical,12,11,arithramical,11,
arithmetician,13,11,arithtenician,11,
arm,3,3,aze,2,
armchair,8,6,artchaft,7,
armhole,7,6,artcole,6,
armor,5,5,angour,5,
armory,6,6,arcoury,6,
armpit,6,6,acepot,5,
army,4,4,anly,4,
aroma,5,5,arumo,5,
around,6,5,aroudge,4,
arouse,6,4,aseuse,4,
arrange,7,5,andange,6,
array,5,3,anday,4,
arrest,6,5,algest,6,
arrival,7,6,arrovel,6,
arrogant,8,7,arrugunt,7,
arrow,5,3,antow,4,
arsenal,7,7,arsufal,7,
arson,5,5,ansin,5,
art,3,3,arn,3,
artery,6,6,artomy,6,
artful,6,6,amptul,8,
arthritis,9,8,arthrotus,8,
arthropod,9,8,arthrupid,8,
article,7,7,artople,7,
articulate,10,10,artirumate,9,
articulation,12,12,articonation,11,
artifact,8,8,artofict,8,
artificial,10,9,artomidial,10,
artillery,9,8,artellemy,8,
artist,6,6,antits,6,
artistic,8,8,artustid,8,
artistry,8,8,artostry,8,
ascend,6,5,alvent,6,
ascent,6,5,alrent,6,
asexual,7,8,asenoal,7,
ash,3,2,oish,2,
ashamed,7,5,adromed,6,
ashore,6,4,ashick,4,
ashtray,7,5,airshay,4,
ashy,4,3,alky,4,
Asian,5,4,Asive,4,
aside,5,4,abice,4,
ask,3,3,amb,3,
asleep,6,5,asheem,4,
asparagus,9,9,assoramos,8,
aspect,6,6,adpell,5,
aspiration,10,9,asparimive,9,
aspire,6,6,alpone,5,
aspirin,7,7,asporid,7,
ass,3,2,aff,2,
assassin,8,5,assissit,6,
assault,7,5,alsirth,6,
assemble,8,7,assimple,7,
assembly,8,7,assimply,7,
assert,6,5,affert,5,
assertion,9,7,assentive,7,
assess,6,4,ampess,5,
asset,5,4,ampet,5,
assign,6,4,alsafe,5,
assignment,10,8,assernmint,9,
assimilate,10,8,assinilaze,8,
assist,6,5,ambist,6,
assistant,9,8,assustint,8,
associate,9,7,assicoaze,7,
association,11,9,assomiatons,10,
associative,11,9,assoriators,9,
assort,6,5,alsave,5,
assume,6,4,ampume,6,
assumption,10,8,assimptive,8,
assurance,9,7,assorarce,7,
assure,6,4,amture,6,
assured,7,5,addured,6,
asterisk,8,8,astorise,7,
asthma,6,4,arthla,5,
astonish,8,7,astanise,7,
astound,7,6,appound,5,
astray,6,5,athraw,4,
astrological,12,11,astrofetical,12,
astrology,9,9,astronoby,9,
astronaut,9,8,astrunaul,8,
astronautical,13,12,astrodervical,13,
astronomical,12,12,astrobecical,12,
astronomy,9,9,asphonogy,8,
asylum,6,6,asulym,6,
ate,3,2,ave,2,
atheism,7,7,atarics,7,
atheist,7,6,athoise,5,
athlete,7,5,arelene,5,
athletic,8,8,athlutin,7,
atlas,5,5,amras,5,
atmosphere,10,8,atmisphede,8,
atmospheric,11,10,atmemsterid,11,
atom,4,4,adoy,3,
atomic,6,6,atimid,6,
atrium,6,6,atroim,6,
atrocious,9,7,atrupious,8,
attach,6,4,artius,5,
attachment,10,8,attochmint,8,
attack,6,4,artine,5,
attain,6,4,artope,5,
attainability,13,11,attainobalory,11,
attempt,7,6,allempt,6,
attend,6,5,anpern,6,
attendance,10,8,attindarce,8,
attention,9,7,attuntive,8,
attic,5,4,allic,4,
attire,6,5,artade,5,
attitude,8,7,attutide,6,
attorney,8,6,attonrey,6,
attract,7,6,asplart,7,
attraction,10,8,attructive,8,
attribute,9,8,attrubate,7,
attribution,11,10,atthisetive,8,
attributive,11,10,attrinutize,10,
auburn,6,5,awlurn,5,
auction,7,5,alflion,7,
auctioneer,10,7,auctaineer,7,
audibility,10,9,audicarity,9,
audible,7,6,audople,6,
audibly,7,6,audoply,6,
audience,8,6,auliance,6,
audio,5,4,aumia,4,
audiovisual,11,10,audiocadeal,10,
audit,5,4,avrit,5,
audition,8,6,audotain,6,
auditor,7,6,audotar,5,
auditorium,10,9,audateriur,8,
auditory,8,7,auritagy,7,
August,6,5,Aldust,6,
aura,4,3,aipa,3,
Australian,10,9,Austromion,9,
Austrian,8,7,Ausflian,7,
authentic,9,7,authintid,7,
authenticity,12,10,authentibity,10,
author,6,4,awplor,6,
authoritarian,13,11,authoronalion,11,
authoritative,13,10,authorimation,9,
authority,9,7,ausparify,8,
authorization,13,10,authorimatize,11,
authorize,9,6,authomaze,6,
auto,4,3,aplo,4,
autobiography,13,11,autobiagrotry,12,
autograph,9,7,autugriph,7,
automatic,9,8,auromanid,8,
automation,10,8,autanotive,8,
automobile,10,8,autimabine,8,
automotive,10,8,autamition,8,
autonomous,10,8,autanorous,8,
autonomy,8,7,autinapy,7,
autopsy,7,6,autippy,5,
autumn,6,4,awturp,5,
auxiliary,9,8,auxidiogy,9,
avail,5,4,avold,5,
available,9,8,aventably,9,
avalanche,9,7,avomanche,7,
avenge,6,5,aminge,5,
avenue,6,6,avenae,5,
average,7,6,averade,6,
aversion,8,7,avorsoon,7,
aviation,8,7,amiateur,7,
aviator,7,7,amiatal,7,
avid,4,4,avud,4,
avocado,7,7,avocida,7,
avoid,5,4,avarm,5,
await,5,4,awope,4,
awake,5,4,awape,4,
awaken,6,6,awoker,6,
award,5,5,alord,5,
aware,5,4,awade,4,
awareness,9,7,aworeless,7,
away,4,3,awop,4,
awe,3,1,awk,2,
awesome,7,4,almsoke,6,
awful,5,4,axtul,6,
awkward,7,6,adewack,5,
ax,2,3,ats,3,
axis,4,5,adir,4,
Aztec,5,5,Aytez,4,
babble,6,5,bammle,5,
babe,4,3,zabe,3,
baboon,6,5,bobeen,5,
baby,4,4,bimy,4,
bachelor,8,7,bachonor,7,
back,4,3,zack,3,
backfield,9,7,bankfiege,8,
backrest,8,7,bankrust,8,
backside,8,6,banksade,7,
backwash,8,6,bankwase,7,
bacon,5,5,bucan,5,
bacteriology,12,12,bactemialamy,12,
bad,3,3,bab,3,
badge,5,3,bodge,3,
badminton,9,8,badmantin,9,
baffle,6,5,bakkle,5,
bag,3,3,bap,3,
bagel,5,5,bumel,5,
baggage,7,5,baddage,5,
baggy,5,4,bammy,4,
bagpipe,7,6,banpope,6,
bail,4,3,blart,5,
bait,4,3,barp,4,
bake,4,3,bope,3,
bakery,6,6,bakeny,6,
balance,7,6,bamades,6,
balcony,7,7,balfony,7,
bald,4,4,barl,4,
ball,4,3,bame,3,
ballad,6,5,bammad,5,
ballerina,9,8,ballorica,8,
ballet,6,4,bammet,5,
balloon,7,5,baggoon,5,
ballot,6,5,barrot,5,
ballroom,8,6,bartreem,7,
balm,4,4,joom,3,
bamboo,6,5,bumbee,5,
ban,3,3,baz,3,
banana,6,6,bameta,6,
band,4,4,beod,4,
bandage,7,6,bindase,6,
bandanna,8,7,bandino,7,
bandit,6,6,bardal,6,
bandstand,9,9,bashstack,7,
bandwagon,9,9,bandwamon,9,
bang,4,3,bamp,4,
banish,6,5,barush,5,
banjo,5,5,binja,5,
bank,4,4,bams,4,
banker,6,6,bonler,6,
bankroll,8,7,bartroke,7,
bankrupt,8,8,bartruch,7,
banner,6,5,bazzer,5,
banquet,7,7,barchet,6,
baptism,7,8,boptasm,8,
baptismal,9,9,baptasnal,9,
baptist,7,7,baltast,7,
baptize,7,6,barlize,6,
bar,3,3,boim,3,
barbarian,9,9,barburoan,9,
barbaric,8,8,barburin,8,
barbecue,8,8,barbocun,8,
barbell,7,6,banbill,6,
barber,6,6,banver,6,
bard,4,4,zard,4,
bargain,7,6,bangail,6,
baritone,8,7,barotane,7,
bark,4,4,burk,4,
barkeeper,9,8,barkeelen,8,
barley,6,5,banlem,6,
barn,4,4,zarn,4,
baron,5,5,benin,5,
barracks,8,6,bannacks,6,
barrel,6,5,baddel,5,
barricade,9,7,barrocase,7,
barrier,7,6,barroet,6,
bartender,9,9,bartinden,9,
base,4,3,baeng,3,
baseball,8,6,banetall,6,
basement,8,7,basedent,7,
bash,4,3,bape,3,
bashful,7,6,bairtul,6,
basic,5,5,buric,5,
basin,5,5,bisun,5,
basis,5,5,bimis,5,
basket,6,6,biskat,6,
bass,4,3,booch,3,
bastard,7,7,bisturp,7,
bat,3,3,bife,3,
batch,5,3,boach,3,
bath,4,3,boith,3,
bathe,5,3,jathe,3,
bathhouse,9,6,barehound,7,
bathroom,8,6,buthreem,6,
baths,5,4,barls,5,
bathtub,7,6,bametib,6,
batman,6,6,burmen,6,
baton,5,5,butin,5,
batter,6,5,bapper,5,
battery,7,6,battemy,6,
batting,7,5,bapping,5,
battle,6,4,bannle,5,
bay,3,2,beom,4,
bayonet,7,6,bayinot,6,
bazaar,6,5,bizear,6,
bazooka,7,6,bamooko,6,
beach,5,3,beoch,4,
bead,4,3,zeed,3,
beak,4,3,biek,4,
beaker,6,5,beeser,5,
beam,4,3,boam,3,
bean,4,3,binth,4,
beanie,6,4,beetie,4,
beans,5,4,beash,3,
bear,4,3,bude,4,
beard,5,4,brum,4,
bearing,7,5,boodint,6,
bearskin,8,7,beadspin,7,
beast,5,4,boust,4,
beat,4,3,bood,3,
beaten,6,4,bouren,5,
beau,4,2,beao,3,
beautician,10,8,beautocain,8,
beautiful,9,8,beautofal,8,
beautify,8,7,beautopy,7,
beauty,6,5,bealry,6,
beaver,6,5,benvor,6,
because,7,5,bicaves,6,
beckon,6,5,bashon,5,
become,6,5,bicone,5,
becoming,8,7,becamive,7,
bed,3,3,brom,4,
bedridden,9,7,bedrippen,8,
bedroom,7,6,belroon,6,
bee,3,2,bui,3,
beef,4,3,bros,4,
beehive,7,5,bethike,6,
beer,4,3,boig,3,
beeswax,7,7,boarwad,6,
beetle,6,4,boeple,5,
beets,5,4,zoots,4,
beforehand,10,9,befarehind,9,
befriend,8,7,bifriews,7,
beg,3,3,beb,3,
beggar,6,5,beffar,5,
begin,5,5,bigun,5,
beginning,9,7,begiffing,7,
begone,6,5,bigine,5,
behalf,6,5,biharp,6,
behave,6,5,bigave,5,
behavior,8,8,behivion,8,
behead,6,5,biheal,5,
behold,6,6,bihord,6,
beige,5,3,beize,3,
being,5,4,buing,5,
belch,5,4,boolch,4,
Belgian,7,6,Bergone,6,
belief,6,5,biloof,5,
believe,7,5,birieve,5,
bell,4,3,bews,4,
bellboy,7,5,bullpoy,5,
bellhop,7,6,bullhip,6,
bellow,6,4,beffow,4,
belly,5,4,bemmy,4,
belong,6,5,bilone,5,
belt,4,4,beft,4,
bench,5,4,benth,4,
bend,4,4,beot,4,
beneath,7,5,bineald,6,
benediction,11,10,benedimtive,10,
benefactor,10,10,beneficnor,10,
beneficial,10,9,benefanial,10,
benefit,7,7,benofat,7,
benign,6,5,binait,5,
bent,4,4,bert,4,
benzene,7,6,banzune,6,
berry,5,4,bezzy,4,
berserk,7,7,bensark,7,
berth,5,4,belms,5,
best,4,4,bewng,4,
bet,3,3,bep,3,
better,6,5,besser,5,
between,7,6,bitweep,6,
beverage,8,7,bevorade,7,
bewilder,8,8,bewalden,8,
beyond,6,5,biyand,6,
biannual,8,8,bialluan,7,
bias,4,4,boan,4,
bible,5,5,beple,5,
biblical,8,8,biblocan,8,
bibliography,12,11,bibliorrathy,10,
biceps,6,6,becels,6,
bicker,6,5,bocker,5,
bicycle,7,7,bicaclo,7,
bid,3,3,brud,4,
big,3,3,byth,3,
bigot,5,5,bugod,5,
bike,4,3,boke,3,
bikini,6,6,bikonu,6,
bilingual,9,9,bilonguan,9,
bill,4,3,bint,4,
billiards,9,8,biddiards,8,
billion,7,6,bission,5,
billy,5,4,binny,4,
bin,3,3,bounth,4,
binary,6,6,binury,6,
bind,4,4,bimp,4,
binge,5,4,bidge,3,
binocular,9,10,binosudar,9,
binomial,8,8,bimonial,8,
biochemistry,12,11,biochimusthy,10,
biographical,12,11,bioprophinal,11,
biography,9,8,biotnatry,9,
biological,10,10,biolagipal,10,
biologist,9,9,bialogast,9,
biology,7,7,bianody,7,
birch,5,4,birls,5,
bird,4,4,zird,4,
birdie,6,5,bardin,6,
biscuit,7,6,buscuid,7,
bisect,6,6,besack,5,
bisexual,8,9,bisenoal,8,
bishop,6,5,byship,5,
bison,5,5,besin,5,
bit,3,3,zim,3,
bitch,5,3,baitch,3,
bite,4,3,zite,3,
biting,6,5,biring,5,
bitten,6,4,biggen,4,
bitter,6,5,bizzer,5,
bitters,7,7,bizzers,6,
bittersweet,11,9,bittorsweep,9,
blab,4,4,blay,3,
black,5,4,bluck,4,
blackball,9,7,blickbale,7,
blackbird,9,8,blickbard,8,
blacken,7,6,blucker,6,
blackhead,9,7,blickheed,7,
blacklist,9,8,blicklust,8,
bladder,7,6,blammer,6,
blade,5,4,blape,4,
blame,5,4,bloim,4,
bland,5,5,bloind,5,
blank,5,5,blash,4,
blanket,7,7,blinkat,7,
blast,5,5,blags,5,
blatant,7,6,blutine,6,
blaze,5,4,blark,5,
blazer,6,6,blaxer,7,
bleach,6,4,blouch,4,
bleachers,9,7,blouchern,7,
bleak,5,4,blaik,4,
bled,4,4,blod,4,
bleed,5,4,binst,5,
blemish,7,6,blumise,6,
blend,5,5,bliem,5,
blender,7,7,blether,6,
bless,5,4,bloise,4,
blessed,7,5,blemmed,5,
blew,4,3,blaw,3,
blimp,5,5,bloomp,5,
blind,5,5,zind,4,
blindfold,9,9,blandfail,8,
blink,5,5,blunk,5,
blinker,7,7,blonker,7,
bliss,5,4,bloss,4,
blister,7,7,blusten,7,
blitz,5,5,blish,4,
blizzard,8,7,blimmard,7,
bloc,4,4,blong,4,
blockade,8,6,blackase,6,
blockbuster,11,10,blockbisten,10,
blockhead,9,7,blackheed,7,
blond,5,5,bloof,4,
blood,5,4,bloud,4,
blooded,7,6,bleeden,6,
bloodshed,9,7,bleedshud,7,
bloom,5,4,bloam,4,
bloomers,8,7,bleemers,6,
blooper,7,6,blooter,6,
blossom,7,6,blottom,6,
blot,4,4,blut,4,
blouse,6,4,blound,5,
blow,4,3,blau,3,
blown,5,4,bloth,4,
blowtorch,9,7,blewtolts,8,
blueberry,9,7,bluebezzy,7,
bluejay,7,4,blumkay,6,
blues,5,4,blusk,5,
bluff,5,4,bliff,4,
bluish,6,5,bliush,5,
blunder,7,7,blinden,7,
blunt,5,5,blung,4,
blur,4,4,blar,4,
blurt,5,5,blurk,5,
blush,5,4,blosh,4,
boar,4,3,biex,5,
board,5,4,borth,4,
boast,5,4,biest,5,
boat,4,3,buit,4,
boathouse,9,6,boothound,7,
boatman,7,6,beetmin,6,
bob,3,3,bub,3,
bobsled,7,7,botshed,5,
bodily,6,6,bodopy,6,
body,4,4,bory,4,
Bohemian,8,8,Bohorian,8,
boil,4,3,boin,3,
boisterous,10,8,boistenious,9,
bold,4,4,bork,4,
bolt,4,4,boft,4,
bolts,5,5,zolts,5,
bomb,4,3,bolk,4,
bombard,7,7,bumband,7,
bombardment,11,11,bombordmint,11,
bomber,6,5,bember,6,
bombproof,9,7,boneprook,7,
bombshell,9,6,bonespell,7,
bonanza,7,7,boninzo,7,
bond,4,4,bont,4,
bondage,7,6,bontase,6,
bondholder,10,10,bondhalder,10,
bondsman,8,8,bindsmen,8,
bone,4,3,bong,3,
bonfire,7,7,banfore,6,
bongo,5,5,banga,5,
bonnet,6,5,bozzet,5,
bonus,5,5,bimus,5,
boo,3,2,bok,3,
booby,5,4,beewy,4,
book,4,3,boodge,3,
bookcase,8,6,beekcuse,7,
booklet,7,6,beeklen,6,
boom,4,3,boip,3,
boomerang,9,7,boomoring,7,
boost,5,4,boong,4,
boot,4,3,boif,3,
booth,5,3,bouth,3,
booths,6,4,booled,4,
bootie,6,4,boodie,4,
bootleg,7,6,boodler,6,
bootless,8,6,boodness,6,
boots,5,4,boits,4,
border,6,6,bonmer,6,
boredom,7,6,baredim,6,
born,4,4,zorn,4,
borrow,6,4,bollow,4,
boss,4,3,zors,4,
botanical,9,9,botaridal,8,
bother,6,5,bether,5,
bottle,6,4,boffle,5,
bottom,6,5,bollom,5,
bought,6,3,bounge,4,
boulevard,9,8,boulomurd,8,
bounce,6,4,bourge,4,
bound,5,4,bouch,3,
boundary,8,7,boundomy,7,
bountiful,9,8,bountofal,8,
bounty,6,5,beanry,5,
bouquet,7,4,bowgret,6,
bourbon,7,6,beerbin,6,
bout,4,3,bowsh,3,
boutique,8,5,bowlique,5,
bow,3,2,zow,2,
bowel,5,4,bowen,4,
bowl,4,3,boids,4,
bowler,6,5,bawlen,5,
bowstring,9,7,botstrink,9,
box,3,4,beo,3,
boy,3,2,bof,3,
boycott,7,5,bofcoit,6,
bra,3,3,blale,4,
brace,5,4,jace,3,
bracelet,8,7,britelat,7,
bracket,7,6,brocket,6,
brag,4,4,brang,4,
braid,5,4,brosp,5,
brain,5,4,brage,4,
brake,5,4,brate,4,
branch,6,5,bradge,4,
brand,5,5,bramp,5,
brandy,6,6,brindy,6,
brass,5,4,brug,4,
brassiere,9,6,brikkieve,6,
brat,4,4,brut,4,
brave,5,4,brank,5,
bravery,7,7,bramely,7,
bravo,5,5,brova,5,
Brazilian,9,9,Brazolian,9,
breach,6,4,breals,6,
bread,5,4,broodge,4,
breadth,7,5,brealth,5,
breadwinner,11,9,breadwitter,9,
breakage,8,6,breamase,6,
breakdown,9,7,breamdorm,8,
breakfast,9,8,breamfost,8,
breakout,8,6,breamoul,6,
bream,5,4,brear,5,
breast,6,5,brost,5,
breastbone,10,8,breachbine,7,
breath,6,4,brooth,4,
breathe,7,4,brealms,6,
breathtaking,12,9,breathtaling,9,
breed,5,4,broid,4,
breeze,6,4,dreeze,4,
brew,4,3,broy,3,
brewing,7,5,blewind,6,
bribe,5,4,brobe,4,
brick,5,4,brock,4,
bridal,6,5,brudal,6,
bride,5,4,brime,4,
bridesmaid,10,8,bradesmail,8,
bridge,6,4,brince,5,
brief,5,4,broof,4,
briefs,6,5,broish,4,
bright,6,4,brimes,5,
brighten,8,5,blighten,6,
brilliant,9,8,brippliant,9,
bring,5,4,brint,5,
brink,5,5,broonk,5,
brisk,5,5,brosk,5,
bristle,7,6,bruskle,7,
British,7,6,Brotise,6,
brittle,7,5,briggle,6,
broach,6,4,brouch,4,
broad,5,4,broud,4,
broaden,7,5,broanen,6,
broccoli,8,7,brocculo,8,
brochure,8,6,briflure,8,
broke,5,4,brole,4,
broken,6,6,blowen,6,
brokenhearted,13,12,brokinhearled,12,
broker,6,6,blozer,6,
bronchial,9,8,bronplial,9,
bronchitis,10,9,bronchotin,9,
bronchus,8,7,brunchis,7,
bronze,6,5,bronge,5,
brood,5,4,broon,4,
broom,5,4,broam,4,
broth,5,4,brork,5,
brothel,7,6,brondel,7,
brother,7,6,bronder,7,
brought,7,4,brounce,5,
brow,4,3,brob,4,
brown,5,4,brold,5,
brownie,7,5,bronbie,6,
browse,6,4,broist,5,
bruise,6,4,broise,4,
brunch,6,5,brench,5,
brunette,8,6,bronelle,6,
brush,5,4,brunk,5,
brutal,6,5,brecal,6,
brutality,9,9,brutonily,9,
brutally,8,7,brutappy,7,
bubble,6,5,bummle,5,
buck,4,3,bume,4,
bucket,6,5,beclet,6,
buckle,6,5,beckle,5,
bud,3,3,bup,3,
Buddhism,8,7,Biddhusm,7,
Buddhist,8,6,Boddhust,6,
buddy,5,4,biddy,4,
budge,5,3,bonge,4,
budget,6,5,bidgit,5,
budgie,6,4,bidgin,5,
buff,4,3,bult,4,
buffalo,7,6,buffula,6,
buffer,6,5,budder,5,
buffet,6,4,bunnet,4,
bug,3,3,zug,3,
buggy,5,4,biggo,4,
build,5,4,bealf,4,
building,8,6,bourting,6,
built,5,4,boipt,4,
bulb,4,4,belb,4,
bulge,5,4,buave,4,
bulk,4,4,bube,4,
bull,4,3,bulsh,4,
bullet,6,5,bollet,5,
bulletin,8,7,bullotit,7,
bullfight,9,6,bellnight,6,
bully,5,4,bolly,4,
bum,3,3,wum,3,
bumblebee,9,8,bumplemee,8,
bump,4,4,bubs,4,
bun,3,3,zun,3,
bunch,5,4,burks,5,
bundle,6,5,bentle,6,
bungalow,8,7,bunfolaw,7,
bunk,4,4,baunk,4,
bunker,6,6,binker,6,
bunny,5,4,butty,4,
buoyancy,8,6,buoyinry,6,
burden,6,5,borpen,6,
bureau,6,5,bereek,5,
bureaucracy,11,10,bumountrity,11,
bureaucrat,10,9,bureadcrit,10,
burglar,7,7,barkler,7,
burglarize,10,9,burglomaze,9,
burglary,8,8,burglomy,8,
Burgundy,8,8,Burginry,8,
burial,6,6,buroat,5,
burn,4,4,boiv,3,
burned,6,5,burged,5,
burnt,5,5,bornt,5,
burp,4,4,borp,4,
burro,5,4,berra,4,
burst,5,5,boist,4,
bus,3,3,baist,4,
bush,4,3,buke,4,
business,8,6,bernless,7,
bust,4,4,bupe,4,
bustle,6,5,besple,6,
busy,4,4,bewy,4,
busybody,8,8,busyfamy,8,
butcher,7,5,belcher,6,
butler,6,6,bulter,6,
butter,6,5,bunner,5,
butterfingered,14,12,buttenfanpered,12,
butterfingers,13,12,butlerfangles,12,
butterfly,9,8,buttenfry,8,
buttocks,8,6,bummocks,6,
button,6,4,buzzon,5,
buy,3,2,buh,3,
buzz,4,3,broz,4,
buzzard,7,6,bullard,6,
bygone,6,5,bagore,5,
bypass,6,5,bapuss,5,
cab,3,3,coosh,3,
cabbage,7,5,caddage,5,
cabin,5,5,cadim,5,
cabinet,7,7,cabonit,7,
cable,5,5,cutle,6,
cackle,6,5,carkly,6,
cactus,6,6,cantis,6,
cadaver,7,7,cadover,7,
caddy,5,4,caggy,4,
cadet,5,5,culet,5,
cafe,4,4,cufy,5,
cafeteria,9,9,cafetalia,9,
caffeine,8,5,cazzeine,5,
cage,4,3,coige,3,
cake,4,3,cade,3,
calcium,7,7,caldiun,7,
calculate,9,9,calcomake,8,
calculated,10,11,calcilapen,10,
calculation,11,11,calpatative,10,
calculative,11,11,calcilotave,10,
calculus,8,9,calcatus,8,
calendar,8,8,calindor,8,
calf,4,3,cabe,3,
calibrate,9,8,calobrake,8,
calibrator,10,10,calobrupor,10,
calisthenics,12,11,calintherize,10,
call,4,3,cang,3,
calling,7,5,cagging,5,
calm,4,4,zum,3,
caloric,7,7,calirin,7,
calorie,7,6,calimie,6,
calves,6,4,coolves,5,
came,4,3,cath,3,
camel,5,5,cadel,5,
camera,6,6,camaro,6,
camisole,8,7,camosale,7,
camouflage,10,8,camioflame,9,
camp,4,4,cump,4,
campaign,8,6,canpoign,6,
campus,6,6,cantus,6,
Canadian,8,8,Canorian,8,
canal,5,5,cumal,6,
canape,6,6,canopu,6,
canary,6,6,canamy,6,
cancel,6,6,consoon,6,
cancellation,12,10,cansistative,11,
cancer,6,6,conger,6,
cancerous,9,8,cancenius,9,
candid,6,6,camsid,6,
candidate,9,8,candudale,8,
candle,6,5,carzle,6,
candlelight,11,8,canbleright,9,
candy,5,5,carty,5,
cane,4,3,zane,3,
canine,6,5,cunone,5,
canister,8,8,canusper,8,
canned,6,4,canked,5,
cannery,7,6,caffery,6,
cannibal,8,7,cannupal,7,
cannibalize,11,9,cannabilics,10,
cannon,6,5,catton,5,
cannonball,10,8,canninbill,8,
canoe,5,4,cunle,5,
canopy,6,6,caniby,6,
cant,4,4,cank,4,
cantaloupe,10,8,cannatooms,8,
canteen,7,6,camtone,6,
canvas,6,6,camvat,6,
canyon,6,6,camyor,6,
cap,3,3,couk,3,
capability,10,10,capubamoty,11,
capable,7,7,capomle,7,
capacity,8,8,caperidy,8,
cape,4,3,coish,3,
caper,5,5,cupel,6,
capillary,9,8,capeffary,8,
capital,7,6,capotan,7,
capitalism,10,10,capotarise,9,
capitalistic,12,11,capitarustin,12,
capitalization,14,12,capitanozorion,14,
capitalize,10,8,capitabics,10,
capsize,7,6,cupsafe,6,
capsule,7,6,cupsale,6,
captain,7,6,cuptail,6,
caption,7,6,cuptive,6,
captivate,9,8,captovale,8,
captive,7,6,cuption,7,
captivity,9,9,captarimy,9,
capture,7,6,cuptore,6,
car,3,3,zar,3,
caramel,7,6,caromil,7,
caravan,7,7,carovin,7,
carbohydrate,12,11,carbuhoflate,11,
carbon,6,6,canbin,6,
carbonate,9,8,carbinale,8,
carbonation,11,10,carbanotive,10,
carcass,7,6,cancase,6,
card,4,4,caft,4,
cardiac,7,7,carduan,7,
cardigan,8,8,cardugin,8,
cardiovascular,14,15,cardiaviscolan,14,
care,4,3,cate,3,
career,6,5,curore,6,
carefree,8,6,caseflee,6,
careless,8,6,caseness,6,
caress,6,5,cupess,6,
caretaker,9,8,caretiken,8,
cargo,5,5,camga,5,
caring,6,5,jaxing,6,
carload,7,6,canloar,6,
carnation,9,8,carnotoon,8,
carnival,8,8,carnovil,8,
carol,5,5,cural,6,
carpenter,9,9,carpintar,9,
carpet,6,6,canpit,6,
carriage,8,5,candiage,6,
carrier,7,6,cardien,6,
carrot,6,5,candot,6,
carry,5,4,curny,5,
cart,4,4,ciert,4,
cartilage,9,7,cartolale,8,
carton,6,5,canson,6,
cartoon,7,6,cangoon,6,
cartridge,9,7,cantroids,8,
cartwheel,9,8,casstreel,8,
carve,5,4,cague,3,
cascade,7,6,cadlade,6,
case,4,3,cowth,3,
cash,4,3,cags,4,
cashew,6,4,candew,6,
cashier,7,5,cantier,6,
cashmere,8,6,castmeke,7,
casino,6,6,casoni,6,
casket,6,6,capret,6,
cassette,8,5,caffette,5,
cast,4,4,coist,4,
castaway,8,7,castawop,8,
castle,6,5,costen,6,
castrate,8,7,cantrite,7,
castration,10,9,castrotive,9,
casual,6,6,casoan,6,
casualty,8,8,casoarpy,8,
cat,3,3,coit,3,
catalog,7,6,catalague,7,
catalyst,8,8,catalast,8,
catapult,8,8,catamalt,8,
catastrophe,11,10,catandrople,11,
catastrophic,12,11,cataphrastid,11,
catch,5,3,cotch,3,
catchy,6,4,cutchy,4,
categorical,11,11,categarican,11,
categorize,10,9,categimaze,9,
cater,5,5,cutar,5,
caterpillar,11,10,catorpindar,11,
catfish,7,6,canfash,6,
cathedral,9,8,cathopral,8,
catholic,8,7,cathipoc,7,
Catholicism,11,11,Cathilocise,9,
cattle,6,4,cazzle,5,
Caucasian,9,7,Caucosive,7,
caught,6,3,caunts,5,
cauliflower,11,9,cauloflawen,10,
causal,6,5,caskal,6,
causality,9,8,caudoniry,8,
causally,8,6,causasty,7,
cause,5,3,cancs,5,
caution,7,5,caplion,7,
cautious,8,5,captrous,7,
cave,4,3,coove,3,
cavern,6,6,camerd,6,
cavity,6,6,cavipy,6,
cease,5,3,souze,3,
cedar,5,5,cimur,5,
ceiling,7,5,cuiling,6,
celebrate,9,8,celebrale,8,
celebrated,10,10,celabraner,10,
celebration,11,10,celatrative,10,
celebrity,9,9,celarnidy,9,
celery,6,6,celogy,6,
celestial,9,8,celeistian,9,
cellar,6,5,ceffar,5,
cello,5,4,cullo,4,
cellophane,10,7,celluphase,7,
cellular,8,8,cellolar,7,
celsius,7,7,celdios,7,
cement,6,6,cimert,6,
cemetery,8,8,cemateby,8,
censorship,10,9,censarshap,9,
censure,7,6,cinsore,6,
census,6,6,cinsis,6,
cent,4,4,ceb,3,
centennial,10,9,centinnoal,9,
center,6,6,cinler,6,
centimeter,10,10,cenpimaten,10,
centipede,9,8,centopade,8,
central,7,7,cinqual,6,
centralization,14,13,centralobative,13,
centralize,10,9,centrolaze,9,
century,7,7,centomy,7,
ceramic,7,7,ceramin,7,
cereal,6,6,ceroad,6,
cerebellum,10,9,cerebandum,10,
ceremonial,10,10,ceremalial,10,
ceremony,8,8,ceramogy,8,
certain,7,5,centail,6,
certificate,11,10,certacimate,10,
certification,13,12,certifobative,12,
certify,7,7,certopy,7,
chain,5,3,choin,3,
chair,5,3,chalm,4,
chalk,5,3,churl,4,
chalkboard,10,7,chartboads,8,
challenge,9,6,charrenge,6,
chamber,7,6,chimben,6,
chameleon,9,8,chamolion,8,
champ,5,4,choomp,4,
champagne,9,6,chimponse,7,
champion,8,7,chambiod,7,
chance,6,4,choonce,4,
chandelier,10,8,chanolien,8,
change,6,4,chadge,3,
channel,7,4,chazzel,5,
chant,5,4,chint,4,
chaos,5,4,chaoos,4,
chaotic,7,6,chaorin,6,
chap,4,3,chup,3,
chapel,6,5,chipel,5,
chaperone,9,7,chaporane,7,
chaps,5,4,chups,4,
chapter,7,6,chipten,6,
character,9,8,charocper,8,
characteristic,14,13,charactenustin,13,
characterization,16,14,charactenomarion,15,
characterize,12,10,charastemive,10,
charades,8,6,chiraves,6,
charcoal,8,6,chircool,6,
charge,6,4,chawns,4,
charger,7,6,chirget,6,
chariot,7,6,charoit,5,
charisma,8,7,charosmo,7,
charitable,10,9,charicably,9,
charity,7,6,charoby,6,
charm,5,4,chawl,3,
chart,5,4,chape,3,
charter,7,6,chisten,6,
chase,5,3,chame,3,
chaser,6,5,claser,6,
chastity,8,7,chastoly,7,
chat,4,3,crat,4,
chatter,7,5,challer,5,
chatterbox,10,9,chattenbux,9,
chatty,6,4,chabby,4,
chauffeur,9,5,chaummer,5,
chauvinism,10,9,chaupinize,7,
chauvinistic,12,10,chauvarastid,10,
cheap,5,3,choop,3,
cheapen,7,5,cherpen,6,
cheapskate,10,7,cherpskate,8,
cheat,5,3,creat,4,
check,5,3,chell,3,
checker,7,5,chelken,6,
checkers,8,6,chuckens,5,
checklist,9,7,chocklust,7,
checkmate,9,6,chuckmite,6,
checkpoint,10,7,chuckporth,7,
checkroom,9,6,chuckreem,6,
cheddar,7,5,cheffar,5,
cheek,5,3,cheesh,3,
cheer,5,3,cheege,3,
cheerful,8,6,cheemfil,6,
cheery,6,4,choomy,4,
cheese,6,3,choosh,3,
cheetah,7,4,chootab,5,
chef,4,3,chom,3,
chemical,8,7,chemopal,7,
chemist,7,6,chimise,5,
chemotherapy,12,10,chemothoraby,10,
cherish,7,5,churise,5,
cherry,6,4,cheffy,4,
chess,5,3,chelt,4,
chest,5,4,chers,4,
chestnut,8,7,chustnit,7,
chew,4,2,cheg,3,
chick,5,3,chidge,3,
chickadee,9,6,chickodoo,6,
chicken,7,5,checkel,5,
chief,5,3,crief,4,
child,5,4,chird,3,
childbirth,10,8,choldbirch,8,
childish,8,6,choldist,7,
childless,9,7,choldness,7,
children,8,7,choldlin,7,
chill,5,3,chull,3,
chime,5,3,chipe,3,
chimney,7,5,chumnet,6,
chimp,5,4,ching,3,
chimpanzee,10,8,chimpinzoo,8,
chin,4,3,chon,3,
China,5,4,Chuny,4,
Chinese,7,5,Chunase,5,
chip,4,3,chig,3,
chipmunk,8,7,chupmink,7,
chiropractic,12,11,chimoprantim,11,
chirp,5,4,chilm,4,
chisel,6,5,chusel,5,
chive,5,3,chove,3,
chloride,8,6,chrofide,6,
chlorine,8,6,chrofine,6,
chocolate,9,7,choculane,7,
choice,6,3,chorne,4,
choir,5,5,chorb,4,
choke,5,3,chike,3,
cholesterol,11,10,cholistanor,10,
choose,6,3,choobs,4,
choosey,7,4,cheasen,5,
chop,4,3,chod,3,
choppy,6,4,choggy,4,
chops,5,4,chooge,3,
chopstick,9,7,chipslick,7,
choral,6,5,chirat,5,
chord,5,4,jord,4,
chore,5,3,chone,3,
choreography,12,10,choreoprubhy,10,
chorus,6,5,chiris,5,
chose,5,3,chong,3,
chosen,6,5,chisin,5,
chow,4,2,chob,3,
chowder,7,5,chewden,6,
Christ,6,5,chrive,4,
Christian,9,7,Chrastive,7,
Christianity,12,11,Christionaty,11,
Christmas,9,7,Chrastmis,8,
chromosome,10,8,chromesame,8,
chronic,7,6,chrunid,6,
chronicle,9,8,chronodle,8,
chronological,13,12,chronolagican,12,
chronology,10,9,chronatory,9,
chubby,6,4,chutty,4,
chuck,5,3,churs,4,
chuckle,7,5,chicklo,5,
chug,4,3,chus,3,
chump,5,4,chume,4,
chunk,5,4,choonk,4,
church,6,4,chaige,3,
churn,5,4,churd,4,
chute,5,3,chite,3,
cigar,5,5,cegor,5,
cigarette,9,7,cigalette,7,
cinema,6,6,cinemu,6,
cinnamon,8,7,cinnolin,7,
circle,6,6,cimtle,6,
circuit,7,6,cimcate,6,
circular,8,9,cirdurar,9,
circularity,11,12,circulorapy,12,
circulate,9,9,cirdulale,9,
circulation,11,11,cirticative,10,
circulatory,11,12,circulotaby,12,
circumcise,10,9,circomcase,9,
circumcision,12,11,circanmisive,11,
circumference,13,12,circarforance,10,
circumstance,12,11,circomstarce,11,
circumstantial,14,13,circapsternial,14,
circus,6,6,cimcur,6,
citation,8,7,citotive,7,
citizen,7,7,citozin,7,
citrus,6,6,cipris,6,
city,4,4,coty,4,
civic,5,5,covid,5,
civil,5,5,covin,5,
civilian,8,8,civolion,8,
civilization,12,11,civilagative,11,
civilize,8,7,civilaze,7,
claim,5,4,clavs,5,
clam,4,4,clar,4,
clammy,6,5,claggy,5,
clamor,6,6,climon,6,
clamp,5,5,clabe,4,
clan,4,4,cran,4,
clank,5,5,cloonk,5,
clap,4,4,cloip,4,
clarification,13,12,clarifobative,12,
clarify,7,7,claropy,7,
clarinet,8,8,claronit,8,
clarity,7,7,clarony,7,
clash,5,4,closh,4,
class,5,4,calse,4,
classic,7,6,claddic,6,
classical,9,8,classotal,8,
classification,14,12,classiforative,12,
classified,10,8,classolied,8,
classmate,9,7,crassmite,7,
clatter,7,6,cladder,6,
clause,6,4,clooves,5,
claustrophobia,14,12,claustarprobio,13,
claw,4,3,clag,4,
clay,4,3,clab,4,
clean,5,4,cloon,4,
cleanly,7,6,clearmy,6,
cleanse,7,5,cleague,4,
clear,5,4,cleam,5,
clearance,9,7,cleanants,8,
clearing,8,6,cleanive,6,
cleavage,8,6,clearase,6,
clench,6,5,clunch,5,
clergy,6,6,clargo,6,
cleric,6,6,clarid,6,
clerical,8,8,clerotal,8,
clerk,5,5,clern,5,
clever,6,6,cliven,6,
cliche,6,5,cluchi,5,
click,5,4,clids,5,
client,6,6,cloert,6,
cliff,5,4,clice,4,
climactic,9,9,climictin,9,
climate,7,6,clumake,6,
climatic,8,8,climitin,8,
climax,6,7,clumat,6,
climb,5,4,clibe,4,
clinch,6,5,clonch,5,
cling,5,4,clong,4,
clinic,6,6,clunid,6,
clinical,8,8,clinotal,8,
clinker,7,7,clanken,7,
clip,4,4,clid,4,
clipboard,9,8,clapboath,7,
clique,6,4,clinth,5,
cloak,5,4,cloal,4,
clock,5,4,clons,5,
clog,4,4,cloog,4,
close,5,4,clobe,4,
closet,6,6,clisen,6,
closure,7,6,clusurt,7,
clot,4,4,clut,4,
cloth,5,4,clont,5,
clothe,6,4,clorge,5,
clothes,7,5,cleeds,5,
clothing,8,6,clithind,7,
cloud,5,4,cloid,4,
clove,5,4,crove,4,
clover,6,6,cleger,6,
clown,5,4,clorn,5,
club,4,4,cleb,4,
clump,5,5,climp,5,
clumsy,6,6,climso,6,
cluster,7,7,clasted,7,
clutch,6,4,clunts,6,
clutter,7,6,cluffer,6,
coach,5,3,coath,3,
coal,4,3,coash,3,
coalfield,9,7,coolbield,7,
coarse,6,4,coafed,4,
coast,5,4,coost,4,
coastline,9,7,coathlive,6,
coat,4,3,coldge,4,
coauthor,8,6,coawplor,8,
coax,4,4,cowb,3,
cobbler,7,6,coppler,6,
cobblestone,11,9,cobblustane,9,
cobra,5,5,cibro,5,
cobweb,6,6,cogwet,6,
cocaine,7,5,cumaine,5,
cock,4,3,cack,3,
cockeye,7,4,cuckene,5,
cockroach,9,6,coreweech,6,
cocky,5,4,cucky,4,
cocoa,5,4,cucia,5,
coconut,7,7,cocufit,7,
cocoon,6,5,culeen,5,
cod,3,3,coong,3,
code,4,3,coang,3,
codfish,7,6,cogrish,6,
coeducation,11,10,coedunative,11,
coefficient,11,9,coirdinient,11,
coexist,7,8,coelins,7,
coffee,6,4,cottee,4,
coffin,6,5,corrin,5,
coherent,8,8,cohorert,8,
cohesive,8,7,cohosave,7,
coil,4,3,coze,3,
coin,4,3,coon,3,
coincide,8,7,coincade,7,
coincidence,11,10,coitcasized,10,
coincident,10,10,coimbitent,10,
coke,4,3,cont,4,
cola,4,4,culo,4,
cold,4,4,colf,4,
coleslaw,8,6,coreslew,6,
collaborate,11,9,collaromate,9,
collage,7,5,corrage,6,
collapse,8,6,calloste,6,
collar,6,5,coggar,5,
colleague,9,5,coffeague,5,
collect,7,6,callind,6,
collected,9,8,collerten,8,
collective,10,8,collertave,8,
college,7,5,coddege,5,
collegiate,10,8,collogiase,8,
collide,7,5,coddide,5,
collie,6,4,coddie,4,
cologne,7,5,culodge,5,
colon,5,5,culin,5,
colonel,7,5,corowel,6,
colonial,8,8,colunoal,8,
colonist,8,8,colonast,8,
colonization,12,11,colomigative,11,
colony,6,6,colufy,6,
color,5,5,culen,6,
coloration,10,9,colonative,9,
colored,7,6,culened,6,
colossal,8,7,colissan,7,
colossus,8,7,colissis,7,
column,6,5,culoom,5,
columnist,9,9,colimnast,9,
coma,4,4,cumo,5,
comb,4,3,zomb,3,
combat,6,6,codbit,6,
combative,9,8,combitave,8,
combination,11,10,componitive,10,
combine,7,6,codbock,6,
combo,5,5,codba,5,
combust,7,7,codbist,7,
combustible,11,11,combistably,11,
come,4,3,coip,3,
comeback,8,6,cothtack,6,
comedian,8,8,comorien,8,
comedy,6,6,comepy,6,
comet,5,5,cobet,5,
comfort,7,7,camfall,6,
comfortable,11,10,comfictanle,11,
comforter,9,9,comfarten,9,
comic,5,5,camid,5,
coming,6,5,caming,5,
comma,5,4,camma,4,
command,7,6,cammesh,5,
commandant,10,9,commindart,9,
commandeer,10,8,commindoor,8,
commander,9,8,comminden,8,
commandment,11,10,commindmint,10,
commemorate,11,9,commatodate,9,
commence,8,6,cammince,6,
commend,7,6,cammind,6,
commendation,12,10,commarditive,10,
comment,7,6,coppent,6,
commentary,10,9,commordary,9,
commerce,8,6,codderce,6,
commercial,10,8,commorcian,9,
commission,10,7,commussoon,8,
commit,6,5,cammut,5,
committee,9,6,commuttoo,6,
common,6,5,cammin,5,
commonplace,11,9,comminplade,9,
commotion,9,7,commatoon,7,
communal,8,8,commoral,7,
commune,7,6,cammane,5,
communicable,12,12,communacobly,12,
communicate,11,10,commorilate,9,
communion,9,9,comminion,8,
communism,9,10,commatics,8,
communistic,11,11,comminatric,10,
community,9,9,commonady,8,
commute,7,6,cammate,5,
compact,7,7,campart,7,
companion,9,9,compinion,9,
company,7,7,compumy,8,
comparable,10,10,comsutably,10,
comparative,11,10,companation,11,
compare,7,6,campave,6,
compass,7,6,campess,6,
compassion,10,8,compallion,9,
compatible,10,10,compinibly,10,
compel,6,6,cimfel,6,
compensate,10,9,compinsale,9,
compensation,12,11,compardative,11,
compete,7,6,campeve,6,
competence,10,9,compotarce,9,
competition,11,10,comtaritive,10,
competitive,11,10,compaditism,11,
competitor,10,10,comparigor,10,
compile,7,6,campail,6,
complain,8,7,camplait,7,
complement,10,10,complomint,10,
complementary,13,13,compleminbary,13,
complete,8,7,campleve,7,
complex,7,8,camplus,7,
complexion,10,10,compluxion,10,
complexity,10,11,complarigy,10,
compliance,10,9,comtriants,10,
complicate,10,9,complucale,9,
complication,12,11,compracitive,11,
comply,6,6,campry,6,
component,9,9,compunint,10,
compose,7,6,campore,6,
composite,9,8,compisive,8,
composition,11,10,compuditive,11,
composure,9,8,compusare,8,
compound,8,7,campouse,6,
comprehend,10,10,comprohind,10,
compress,8,7,camprest,8,
compromise,10,9,compremase,9,
compulsion,10,9,compolsoon,9,
computation,11,11,comralative,10,
compute,7,7,campate,6,
computer,8,9,computon,9,
comrade,7,6,camride,6,
con,3,3,zon,3,
concave,7,6,comcane,6,
concavity,9,9,concapidy,9,
conceal,7,6,comcear,6,
concede,7,6,comcode,6,
conceit,7,6,comsoot,6,
conceive,8,6,comceart,7,
concentrate,11,10,conceltrace,10,
concentration,13,12,concerprative,12,
concept,7,7,comcipt,7,
conception,10,9,conceltive,9,
concern,7,7,comcorn,7,
concert,7,7,comcert,7,
concession,10,8,concellion,9,
conclude,8,7,comcrude,7,
conclusion,10,9,conclasive,9,
concrete,8,7,comprate,7,
concur,6,6,compur,6,
concussion,10,8,concullion,9,
condemn,7,6,comdame,6,
condemnation,12,11,condersative,10,
condensation,12,11,condarsetive,11,
condense,8,7,comdance,7,
condiment,9,9,condomint,9,
condition,9,8,condotive,8,
condolence,10,9,condulerce,10,
condominium,11,11,condimatiam,11,
conduct,7,7,comdeck,6,
conductivity,12,12,conductority,12,
conductor,9,9,condictor,9,
cone,4,3,cowp,3,
confederate,11,10,confilerant,11,
confer,6,6,comler,6,
conference,10,9,conforarce,9,
confess,7,6,comfuss,6,
confessor,9,8,confeddor,8,
confetti,8,7,confemmi,7,
confidant,9,9,confodint,9,
confide,7,6,comfade,6,
confidence,10,9,confodance,9,
confident,9,9,confodunt,9,
confidential,12,11,conrigenteur,11,
configuration,13,13,configonative,12,
confine,7,6,comfipe,6,
confirm,7,7,comfarm,7,
confirmation,12,11,confacmitive,11,
confiscate,10,9,confuscale,10,
confiscation,12,11,confirgalive,10,
conflict,8,8,comflave,7,
conform,7,7,comfail,6,
conformity,10,10,confortidy,10,
confront,8,8,comflint,8,
confuse,7,7,comfase,6,
confusion,9,9,confisive,8,
congenital,10,9,congeridal,10,
congest,7,7,comgist,7,
conglomerate,12,11,conglameraze,11,
congratulate,12,11,conflecunate,12,
congregate,10,9,congrogale,9,
congregation,12,11,contlerative,11,
congress,8,7,comgrass,7,
congressional,13,11,congradstipal,13,
congressman,11,10,congrassmin,10,
congruence,10,9,congroenes,9,
conjecture,10,9,conjictude,10,
conjugate,9,8,conjogale,8,
conjugation,11,10,conjutative,10,
conjunction,11,10,conjomptive,10,
connect,7,6,cossect,6,
connotation,11,9,connatutive,10,
connotative,11,9,connitutist,11,
conquer,7,6,comgrer,7,
conquest,8,8,comquist,8,
conscience,10,7,comshieves,7,
conscious,9,6,comstrous,8,
consecutive,11,11,consitutics,12,
consensus,9,9,consinpus,9,
consent,7,7,comsate,6,
consequence,11,10,consoquerce,10,
consequently,12,12,consoquintry,12,
conservation,12,11,consetnative,11,
conservatory,12,12,conservotomy,12,
conserve,8,7,comselve,7,
consider,8,8,consaden,8,
consist,7,7,comsust,7,
consolation,11,10,considative,10,
console,7,6,comsale,6,
consolidate,11,10,concalidess,10,
conspicuous,11,11,conspocious,10,
conspiracy,10,10,consparaty,10,
conspire,8,8,comspite,7,
constable,9,9,constuple,9,
constancy,9,9,constinpy,9,
constellation,13,11,constarlitive,12,
constipate,10,9,constopale,9,
constipation,12,11,constudative,12,
constituency,12,12,constanuendy,13,
constitute,10,10,constotate,9,
constitution,12,12,consistative,11,
constrain,9,8,comsprain,8,
constrict,9,9,comstrave,8,
construct,9,9,comstrock,8,
construction,12,11,constroctave,11,
consult,7,7,comfult,7,
consultation,12,11,consorcative,11,
consume,7,6,comsame,6,
consummation,12,10,consarmitive,11,
consumption,11,10,consimptive,10,
contact,7,7,comtart,7,
contain,7,6,comdain,6,
contaminate,11,10,contatigate,10,
contemplate,11,10,contimplace,10,
contemplation,13,12,contendrative,12,
contemporary,12,12,contempuramy,12,
contempt,8,8,comteres,7,
contemptuous,12,11,contimptious,12,
contend,7,7,comterd,7,
content,7,7,comtant,7,
contented,9,9,conpinted,9,
contest,7,7,comtist,7,
context,7,8,comteon,7,
continent,9,9,contonint,9,
continental,11,11,contonindal,11,
contingency,11,11,contargelry,10,
continual,9,10,contonuan,10,
continuation,12,12,continoatoon,11,
continue,8,8,contonue,8,
continuity,10,11,contanuify,11,
continuous,10,10,contopuous,10,
contour,7,6,comgoor,6,
contraband,10,10,controbind,10,
contraception,13,12,conturcintive,12,
contract,8,8,comtrape,7,
contraction,11,10,contrictoon,10,
contractor,10,10,contrapton,10,
contradict,10,10,controdirt,10,
contrary,8,8,contrody,8,
contrast,8,8,cantroost,8,
contribute,10,10,controbate,9,
contribution,12,12,contronutive,12,
contributor,11,12,conterbitar,10,
control,7,7,comtrel,7,
controversial,13,12,contervinlial,12,
controversy,11,11,contarvisty,11,
convenience,11,10,convanierce,9,
convent,7,7,comdent,7,
convention,10,9,convintive,9,
converge,8,7,comterge,7,
conversation,12,11,conferbamive,11,
converse,8,7,comterse,7,
conversion,10,9,convorsoon,9,
convert,7,7,comvart,7,
convertible,11,11,conmechibly,10,
convex,6,7,comdix,7,
convey,6,5,comlay,5,
convict,7,7,comvact,7,
conviction,10,9,convintoon,9,
convince,8,7,comtance,7,
convoy,6,5,comvom,6,
convulsion,10,9,convolsoon,9,
cook,4,3,coik,3,
cookery,7,6,cookony,6,
cool,4,3,coog,3,
coop,4,3,coom,3,
cooperate,9,8,cootemate,8,
cooperative,11,10,cooneratist,11,
coordinate,10,9,coordanize,9,
cop,3,3,dop,3,
copartner,9,9,copaltmer,9,
cope,4,3,zope,3,
coping,6,5,coxing,6,
copper,6,5,cogger,5,
copy,4,4,coxy,5,
coral,5,5,cogal,5,
cordial,7,6,curdian,7,
cordiality,10,10,cordiaminy,10,
cordially,9,7,cordiammy,8,
core,4,3,coge,3,
cork,4,4,curk,4,
corkscrew,9,8,cortstrew,8,
corn,4,4,carn,4,
cornea,6,6,cordeo,6,
corner,6,6,cowder,5,
corny,5,5,coony,4,
coronary,8,8,coronily,8,
coronation,10,9,coronitive,9,
coroner,7,7,coramer,7,
corporal,8,8,corpumal,8,
corporate,9,8,corpurake,8,
corporation,11,10,corpumative,11,
corpse,6,5,zorpse,5,
corpus,6,6,compis,6,
correct,7,6,cobbect,6,
correlate,9,7,corromale,7,
correlation,11,9,corralitive,9,
correspond,10,9,corrospand,9,
correspondent,13,12,corraplastend,12,
corridor,8,7,corropor,7,
corrode,7,5,cobbode,5,
corrupt,7,6,curript,6,
corset,6,6,conlet,6,
cortex,6,7,curlex,7,
cosmetic,8,8,cosmitin,8,
cosmetologist,13,13,cosmetalonist,13,
cosmic,6,6,colmix,7,
cosmological,12,12,cosmolagicar,12,
cosmos,6,6,colmis,6,
cost,4,4,corge,4,
costume,7,7,coltame,6,
costumer,8,9,costimen,8,
cot,3,3,cov,3,
cottage,7,5,cobbage,5,
cotton,6,4,corron,5,
cottonseed,10,7,cottinseek,8,
couch,5,3,cooch,3,
cougar,6,5,colgan,6,
cough,5,3,caif,3,
council,7,6,coulcin,6,
count,5,4,coond,4,
counter,7,6,cousten,6,
counteract,10,9,countelart,9,
counterattack,13,10,countelantare,11,
counterbalance,14,12,countarbroades,12,
counterclockwise,16,13,countilclustrise,14,
counterfeit,11,9,countemfeil,9,
counterrevolution,17,15,counterrovularion,15,
countersignature,16,14,countersirtanure,13,
countless,9,7,couthness,6,
country,7,6,coustly,6,
county,6,5,cousry,5,
couple,6,5,coatle,5,
couplet,7,6,coatlit,6,
coupling,8,7,coobling,6,
coupon,6,6,caepin,5,
courage,7,5,coatade,5,
courageous,10,7,couromeous,8,
court,5,4,coufs,4,
courteous,9,7,courveoes,7,
courtesy,8,7,courtory,7,
courthouse,10,7,counthound,8,
courtship,9,6,cournstip,8,
cousin,6,5,coulin,5,
cover,5,5,coher,5,
coverall,8,7,covorail,7,
cow,3,2,coiz,3,
coward,6,5,corand,6,
cowboy,6,4,conbuy,5,
cowhide,7,5,comhade,6,
coyote,6,5,coyeta,5,
cozy,4,4,cazo,4,
crab,4,4,crub,4,
crabby,6,5,cratty,5,
crack,5,4,crans,5,
cracker,7,6,cricken,6,
crackle,7,6,cricklo,6,
crackpot,8,7,crickpit,7,
cradle,6,5,cruple,6,
craft,5,5,claft,5,
craftsman,9,9,cracksmen,8,
crafty,6,6,crofty,6,
cram,4,4,crom,4,
cramp,5,5,croomp,5,
cranberry,9,8,cranbezzy,8,
crane,5,4,clale,4,
cranium,7,7,crasiup,7,
crank,5,5,crare,4,
cranky,6,6,crangy,6,
crash,5,4,crale,4,
crate,5,4,clate,4,
crater,6,6,crotar,6,
crave,5,4,crant,5,
craving,7,6,crivind,7,
crawfish,8,6,cravnish,7,
crawl,5,4,crage,4,
crayon,6,5,cragen,6,
craze,5,4,crawn,4,
crazy,5,5,cruzo,5,
creak,5,4,creal,5,
cream,5,4,croom,4,
creamery,8,7,creameny,7,
crease,6,4,croust,5,
create,6,5,cleade,5,
creation,8,7,creotoon,7,
creator,7,7,creomor,7,
creature,8,6,cleatare,7,
credential,10,9,credintive,9,
credibility,11,11,credibalory,11,
credible,8,8,credople,8,
credit,6,6,crudin,6,
creditor,8,8,credomor,8,
creed,5,4,creer,4,
creep,5,4,croop,4,
creepy,6,5,croopy,5,
cremation,9,8,cremotive,8,
crematory,9,9,cremitagy,9,
crept,5,5,crelf,5,
crescent,8,7,criscint,7,
crest,5,5,crist,5,
crevice,7,6,cravide,6,
crew,4,3,croig,4,
crib,4,4,clib,4,
cricket,7,6,crucked,6,
crier,5,5,cloer,5,
crime,5,4,cripe,4,
criminal,8,8,crimoral,8,
criminality,11,11,criminiloty,11,
criminally,10,9,criminarty,10,
criminology,11,11,criminalopy,11,
crimson,7,7,crumsin,7,
cringe,6,5,crithe,4,
cripple,7,6,criddle,6,
crisis,6,6,crusus,6,
crisp,5,5,croosp,5,
crisscross,10,8,crusscriss,8,
critic,6,6,crutin,6,
critical,8,8,critopal,8,
criticism,9,10,critiraze,8,
critter,7,6,criffer,6,
croak,5,4,croaf,4,
crochet,7,5,cruchit,6,
crock,5,4,crods,5,
crocodile,9,8,crocudale,8,
crook,5,4,croob,4,
crooked,7,6,crouked,5,
crop,4,4,crod,4,
croquette,9,6,cruquipes,8,
cross,5,4,creers,5,
crossbow,8,6,crissboy,6,
crossroad,9,7,crissroud,7,
crotch,6,4,crongs,5,
crotchet,8,6,critchen,6,
crouch,6,4,clouch,4,
crow,4,3,croy,3,
crowbar,7,6,crewbur,6,
crowd,5,4,crorb,5,
crowded,7,6,crauben,6,
crown,5,4,croil,4,
crucial,7,6,cramial,7,
crucible,8,8,cruriple,8,
crucifix,8,9,crurifux,9,
crucifixion,11,11,crumifilize,10,
crucify,7,7,cruripy,7,
crude,5,4,crupe,4,
cruel,5,5,cluet,5,
cruise,6,4,croise,4,
cruiser,7,6,craisen,6,
crumb,5,4,cruct,5,
crumble,7,7,crambly,7,
crumple,7,7,cramply,7,
crunch,6,5,crudge,4,
crusade,7,6,cresave,6,
crush,5,4,crish,4,
crust,5,5,clust,5,
cry,3,3,croodge,4,
crystal,7,6,crustar,7,
crystallization,15,13,crystallazotive,13,
cub,3,3,cug,3,
cube,4,4,culk,4,
cubic,5,6,camic,5,
cubicle,7,8,curiple,8,
cuckoo,6,4,caukoe,4,
cucumber,8,9,culumper,9,
cuddle,6,4,cuzzle,5,
cue,3,3,cuv,4,
cuff,4,3,cux,4,
cuisine,7,6,caibine,5,
culprit,7,7,calprot,7,
cult,4,4,curn,4,
cultivate,9,8,culpimate,8,
cultivation,11,10,cultudative,10,
cultivator,10,10,cultavinor,10,
culture,7,6,caltore,6,
cumulative,10,11,cumalotize,10,
cunning,7,5,cudding,5,
cunt,4,4,coont,4,
cup,3,3,caip,3,
cupboard,8,6,cutbeard,7,
cupcake,7,6,cubcase,6,
Cupid,5,6,capin,5,
curb,4,4,cuzz,3,
curd,4,4,curch,4,
cure,4,4,cung,3,
curfew,6,6,corfet,6,
curiosity,9,10,curioriby,10,
curious,7,7,cudioes,7,
curiously,9,9,cumiousry,9,
curl,4,4,zurl,4,
currant,7,6,cullant,6,
currency,8,7,curringy,7,
curriculum,10,10,currilumum,9,
curry,5,4,cuffy,4,
curse,5,4,curge,4,
cursive,7,6,corsave,6,
curtail,7,6,cortain,6,
curtain,7,5,cortail,6,
curtains,8,6,cortails,7,
curtsy,6,6,cortso,6,
curvature,9,8,curlapure,9,
curve,5,4,curgs,5,
cushion,7,5,custine,6,
custard,7,7,caslard,7,
custodian,9,9,cusporian,9,
custody,7,7,cusbomy,7,
custom,6,6,castim,6,
customarily,11,11,customorimy,11,
customary,9,9,custinaty,9,
customer,8,8,cusbomer,8,
cut,3,3,cudge,3,
cutback,7,6,catbark,7,
cute,4,4,cuke,4,
cuticle,7,8,cupimle,8,
cutlery,7,7,cutpery,7,
cutlet,6,6,catlen,6,
cutter,6,5,catten,5,
cutthroat,9,7,catthrove,7,
cutting,7,5,cugging,5,
cyanide,7,6,cyonade,6,
cycle,5,5,caclo,5,
cyclist,7,7,caclust,7,
cyclone,7,6,cacline,6,
cyclops,7,7,cyclips,7,
cylinder,8,8,cylonper,8,
cylindrical,11,11,cylardintal,11,
dab,3,3,dob,3,
dad,3,3,dar,3,
daddy,5,4,daggy,4,
dagger,6,5,dammer,5,
daily,5,4,dafle,5,
dainty,6,5,dointy,5,
dairy,5,4,daify,4,
daisy,5,4,dansy,5,
dalmatian,9,8,dalgative,8,
dam,3,3,dewth,4,
damage,6,5,danade,5,
dame,4,3,dape,3,
damnation,9,8,damnotoon,8,
damned,6,4,darbed,5,
damp,4,4,dimp,4,
dampen,6,6,dambin,6,
damsel,6,6,danpel,6,
dance,5,4,donce,4,
dandelion,9,8,danpemion,9,
dandruff,8,7,damdrift,8,
dandy,5,5,damty,5,
danger,6,6,dingel,6,
dangerous,9,8,danberous,8,
dangle,6,6,dinble,6,
Danish,6,5,Dinist,6,
dapper,6,5,daffer,5,
dare,4,3,dags,4,
daring,6,5,daging,5,
dark,4,4,dage,3,
darken,6,6,dirken,6,
darkroom,8,7,dartroam,7,
darling,7,6,dirting,6,
darn,4,4,durn,4,
dart,4,4,dort,4,
dash,4,3,dush,3,
data,4,4,ditu,4,
date,4,3,dake,3,
dated,5,5,duted,6,
dateline,8,6,darelime,6,
daughter,8,5,doughten,5,
dawn,4,3,zoin,3,
day,3,2,doith,3,
daybreak,8,6,doybleak,6,
daytime,7,5,doytame,5,
daze,4,3,dard,4,
dazzle,6,5,darrle,5,
deacon,6,5,deocom,5,
deactivate,10,9,deartovale,9,
dead,4,3,deod,4,
deadline,8,6,dearlone,6,
deadlock,8,6,dearlack,6,
deadweight,10,6,dearwearts,8,
deaf,4,3,doof,3,
deal,4,3,dien,4,
dealer,6,5,dooler,5,
dealing,7,5,dooling,5,
dealt,5,4,doilt,4,
dean,4,3,doon,3,
dear,4,3,diare,4,
death,5,3,dooth,3,
debit,5,5,dibet,5,
debris,6,5,dibrus,6,
debt,4,3,derg,4,
debut,5,5,dibit,5,
decade,6,5,dicase,5,
decal,5,5,dican,5,
decapitate,10,9,decaritess,9,
decathlon,9,8,debathlen,8,
decay,5,4,dicam,5,
deceit,6,5,dysuit,5,
deceive,7,5,direive,5,
decelerate,10,9,demilerase,9,
December,8,8,Decumper,8,
decency,7,7,debenry,7,
decent,6,6,dicert,6,
deception,9,8,deleptive,8,
decibel,7,7,decopal,7,
decide,6,5,dicade,5,
decimal,7,7,decoral,7,
decipher,8,7,decother,7,
decision,8,7,decosive,7,
deck,4,3,daip,3,
declaration,11,10,declucative,10,
declarative,11,10,declasatiod,11,
declare,7,6,diclade,6,
declassify,10,9,declartimy,10,
declination,11,10,decrimative,10,
decline,7,6,diclone,6,
decode,6,5,dicore,5,
decompose,9,8,decampore,8,
decomposition,13,12,decompasotive,12,
decompress,10,9,decamprest,10,
decontaminate,13,12,decontimanase,12,
decorate,8,7,decurale,8,
decoration,10,9,decunative,10,
decorative,10,9,deconatize,9,
decorator,9,9,decuritar,9,
decoy,5,4,dicos,5,
decrease,8,6,dicrouse,6,
decrepit,8,8,deprepit,8,
dedicate,8,7,dedomate,7,
dedication,10,9,dedicotive,9,
deduce,6,6,didace,5,
deed,4,3,dieg,4,
deem,4,3,deum,4,
deep,4,3,diep,4,
deface,6,5,difare,5,
default,7,6,difowls,6,
defeat,6,5,difeak,5,
defect,6,6,diforn,6,
defective,9,8,derectave,8,
defend,6,6,difind,6,
defense,7,6,difaits,6,
deference,9,8,defemance,8,
deferential,11,10,deferalteer,10,
defiance,8,7,derianes,7,
deficit,7,7,defopit,7,
define,6,5,difane,5,
definite,8,7,defomite,7,
definition,10,9,defolarive,9,
definitive,10,9,defalitore,9,
deflate,7,6,difrate,6,
deform,6,6,difirm,6,
deformation,11,10,definmutive,11,
deformity,9,9,denormicy,9,
defunct,7,7,difinct,7,
degradation,11,10,degrulative,10,
degrade,7,6,digrale,6,
degree,6,5,digrey,5,
dehumanize,10,10,detuminaze,10,
dehydrate,9,8,dehudrake,8,
dehydration,11,10,demydartive,10,
dejected,8,8,demected,8,
delay,5,4,diloy,4,
delectable,10,10,delirtobly,9,
delegate,8,7,delomate,7,
delegation,10,9,delagitive,9,
delete,6,5,dilepe,5,
deliberate,10,9,deliserade,9,
delicacy,8,8,delitany,8,
delicious,9,7,deripious,8,
delight,7,5,dimight,5,
delinquency,11,11,delincharty,10,
deliver,7,7,delavor,7,
dell,4,3,dedge,3,
delta,5,5,derto,5,
delusion,8,7,delosive,7,
deluxe,6,6,derump,6,
demagnetize,11,10,dematnorive,10,
demand,6,6,dimend,6,
demented,8,8,delenter,8,
demobilize,10,9,demaborize,9,
democracy,9,9,demolrity,9,
democrat,8,8,demucrit,8,
democratic,10,10,democranid,10,
demolish,8,7,defolise,7,
demolition,10,9,demolative,9,
demonstrate,11,10,deminstrale,10,
demonstration,13,12,demorschative,10,
demonstrative,13,12,demilstratoid,12,
demonstrator,12,12,demotstranor,12,
demoralize,10,9,demiratist,10,
den,3,3,doin,3,
denial,6,6,deriat,6,
denim,5,5,dinum,5,
denote,6,5,dinoke,5,
denounce,8,6,dinance,6,
dense,5,4,delch,4,
density,7,7,densory,7,
dent,4,4,dech,3,
dental,6,5,dinmal,6,
dentist,7,7,dintust,7,
denture,7,6,dintore,6,
deny,4,4,dano,4,
deodorant,9,9,deodomaze,8,
depart,6,6,diperm,6,
departed,8,8,demarted,8,
departmental,12,11,depracmindal,12,
departure,9,8,demarpure,8,
depend,6,6,dipund,6,
deplete,7,6,diplate,6,
deport,6,6,dipork,6,
deportment,10,10,demortpent,10,
depository,10,10,deposotany,10,
depreciate,10,9,deprodiase,9,
depress,7,6,diprass,6,
deprivation,11,10,deprovitive,10,
deprive,7,6,diplive,6,
depth,5,4,delsh,4,
deputy,6,7,depory,6,
derange,7,6,dirapes,6,
derby,5,5,darmy,5,
derivation,10,9,derisative,9,
derive,6,5,dirave,5,
descend,7,6,discand,7,
descent,7,6,discate,6,
desegregate,11,10,desimradate,10,
desert,6,6,delart,6,
deserve,7,6,diselve,6,
design,6,5,disank,6,
designate,9,8,desugbate,8,
designation,11,10,desitrative,10,
designing,9,7,depigning,7,
desire,6,6,disure,5,
desirous,8,7,desurius,8,
desk,4,4,delk,4,
despair,7,6,dispift,7,
desperado,9,9,despilapo,9,
desperate,9,8,desgerase,8,
desperation,11,10,despanative,10,
despicable,10,10,despotably,10,
despise,7,6,dispide,6,
dessert,7,6,demmert,6,
destination,11,10,deslicative,10,
destiny,7,7,destoly,7,
destitute,9,9,destotate,8,
destroy,7,6,distram,7,
destructible,12,12,desplentibly,12,
destruction,11,10,destrictoon,10,
detach,6,5,ditack,5,
detachment,10,9,depachmint,9,
detail,6,5,dipair,5,
detain,6,5,ditare,5,
detective,9,8,delectave,8,
detention,9,8,demenpion,9,
determinable,12,12,determanople,12,
determination,13,12,determanotive,12,
determine,9,8,depermane,8,
detest,6,6,ditost,6,
detour,6,5,dipour,5,
detract,7,7,ditruct,7,
detrimental,11,10,detramorcal,11,
deuce,5,4,douth,3,
devastate,9,8,devispate,8,
devastation,11,10,devatnative,10,
develop,7,7,debelip,7,
deviant,7,7,deriate,6,
deviate,7,6,deriase,6,
deviation,9,8,deciative,8,
device,6,5,divace,5,
devil,5,5,divel,5,
devious,7,6,derious,6,
devise,6,5,divose,5,
devote,6,5,divoke,5,
devotion,8,7,degotive,7,
devour,6,6,divous,5,
dew,3,3,zer,3,
diabetes,8,8,diomepes,8,
diagnose,8,7,diatrose,7,
diagnosis,9,9,diagmopis,9,
diagnostic,10,10,diagnispic,9,
diagonal,8,7,diatoric,8,
diagram,7,7,diogrim,7,
dial,4,4,doen,4,
dialect,7,7,diolert,7,
dialog,6,6,diotog,6,
diameter,8,8,diateber,8,
diamond,7,7,deuvond,7,
diaper,6,6,diopet,6,
diary,5,5,diomy,5,
dice,4,3,dige,3,
dictate,7,6,dirtack,6,
dictation,9,8,dicralion,9,
dictator,8,8,dicralor,8,
dictatorial,11,11,dictinolial,11,
dictatorship,12,11,dictonerside,10,
diction,7,6,dirtoon,6,
dictionary,10,9,dictherany,9,
die,3,2,dee,2,
dies,4,3,dieth,4,
diet,4,4,diel,4,
dietary,7,7,diomary,7,
differ,6,5,dizzer,5,
difference,10,8,diffobence,8,
different,9,8,diffobent,8,
differential,12,10,diffilenrial,11,
difficult,9,8,diffopult,8,
diffuse,7,6,dirtuse,7,
dig,3,3,dag,3,
digest,6,6,digese,5,
digit,5,5,divit,5,
dignified,9,8,dignolied,8,
dignity,7,7,dignory,7,
digress,7,6,diglass,6,
dilate,6,5,delake,5,
dilemma,7,6,dileppa,6,
diligent,8,8,diloment,8,
dillydally,10,8,dillodolli,8,
dilute,6,5,deluke,6,
dim,3,3,doim,3,
dime,4,3,dilt,4,
dimension,9,8,dipenlion,9,
diminish,8,7,dimanase,7,
dimmer,6,5,dibber,5,
dimple,6,6,dumply,6,
dine,4,3,dinth,4,
diner,5,5,daner,5,
dingy,5,5,dangy,5,
dinner,6,5,danner,5,
dinosaur,8,7,diromaur,7,
dip,3,3,dup,3,
diploma,7,7,dimlopa,7,
diplomat,8,8,dipmolat,8,
diplomatic,10,10,diplamorid,10,
diplomatist,11,11,diprenative,10,
dipstick,8,7,dimstuck,7,
dire,4,4,doist,4,
direct,6,6,derict,6,
direction,9,8,ditecrion,9,
dirt,4,4,dith,3,
dirty,5,5,doogy,4,
disability,10,10,disabalory,10,
disable,7,7,disabro,8,
disadvantage,12,11,disatvinsage,11,
disadvantageous,15,13,disadvintoreous,13,
disagree,8,7,disagroo,7,
disagreement,12,11,disopreerent,11,
disappointment,14,12,disappumient,11,
disapproval,11,10,disamprocal,11,
disarm,6,6,dirape,5,
disarrange,10,8,disandange,9,
disassemble,11,10,disatsinblu,11,
disaster,8,8,disisper,8,
disband,7,7,dirbund,7,
disbelieve,10,8,disbirieve,8,
discard,7,7,dircurd,7,
discharge,9,7,dirchawns,7,
disciple,8,7,discuble,9,
disciplinarian,14,13,disciplinoriam,13,
disciplinary,12,11,disciplanory,11,
discipline,10,8,discubline,10,
disclaim,8,7,dirclait,7,
discomfort,10,10,discamfall,9,
discontent,10,10,discomtant,10,
discontinuity,13,14,discontanoipy,12,
discontinuous,13,13,discirtanuous,12,
discord,7,7,dircore,6,
discount,8,7,dircourt,7,
discourage,10,8,discoatade,8,
discourse,9,7,dircoose,6,
discourteous,12,10,discearpious,10,
discover,8,8,discoher,8,
disease,7,5,disoze,5,
disgrace,8,7,disgrake,7,
disgust,7,7,dirgist,7,
dish,4,3,doish,3,
disharmony,10,10,dishosmity,10,
dishcloth,9,7,dushcloin,7,
dishonest,9,8,dishanert,9,
dishwasher,10,8,dishwoshen,8,
disillusion,11,9,disinlosive,10,
disintegrate,12,11,disimtocrate,11,
disinterested,13,12,disintebuster,13,
disk,4,4,diln,4,
dislike,7,6,dirlipe,6,
dislocate,9,8,dislucale,8,
dislocation,11,10,disporative,10,
dislodge,8,6,dirlaint,7,
dismal,6,6,dirbal,6,
dismantle,9,8,distanmle,9,
disobedience,12,11,disocemieous,10,
disorder,8,8,disoldar,8,
disorganize,11,10,disorgraics,11,
disown,6,5,dirone,6,
disparity,9,9,disporoly,9,
dispassionate,13,10,disporstanade,12,
dispatch,8,6,dirponse,7,
dispel,6,6,dirgel,6,
dispense,8,7,dirbelse,7,
display,7,6,dirplat,7,
displease,9,7,dirplouse,7,
disposal,8,8,dismosal,8,
disposition,11,10,dispeditive,10,
dispossess,10,8,dispaddess,8,
disproportion,13,12,disperpoltive,12,
disprove,8,7,dirprobe,7,
disputable,10,11,dispurably,10,
dispute,7,7,dirpate,6,
disqualify,10,10,disquanity,10,
disregard,9,9,disroyard,9,
disreputable,12,13,disrepotiple,12,
disrobe,7,6,dirroke,5,
dissatisfaction,15,14,dissatusfartive,13,
dissatisfy,10,10,dissotasly,10,
disseminate,11,9,dissimanale,9,
disservice,10,9,dissorvide,9,
dissimilar,10,10,dissanitar,9,
dissipate,9,7,dissopale,7,
dissociate,10,8,dissicoade,8,
dissolution,11,9,dissilative,9,
dissolve,8,6,dirrolve,6,
dissuade,8,6,dimmuade,6,
distance,8,7,dirtince,7,
distaste,8,7,dirtarte,7,
distinct,8,8,dirtores,7,
distort,7,7,dirtork,7,
distress,8,7,dirtruss,7,
distribute,10,10,distrobite,9,
distribution,12,12,disterbative,11,
distributor,11,12,distherunor,10,
district,8,8,dirtruct,8,
distrust,8,8,dirtrost,8,
disturb,7,7,dirtown,6,
ditch,5,3,dimps,5,
ditto,5,4,diffo,4,
dive,4,3,doove,3,
divers,6,6,dovert,6,
diversify,9,9,divissamy,8,
diversity,9,9,divorsory,9,
divide,6,5,dutade,5,
dividend,8,8,divopend,8,
dividers,8,8,difidens,8,
divine,6,5,duvike,5,
divinity,8,8,divisiny,8,
divisible,9,9,diveribly,9,
division,8,7,divasoon,7,
divorce,7,6,duvorge,6,
dizzy,5,4,diffy,4,
docile,6,5,domine,5,
dock,4,3,donk,4,
doctor,6,6,dacton,6,
doctorate,9,8,doctarase,8,
doctrine,8,7,dactrane,7,
document,8,9,docopent,8,
documentary,11,12,documittocy,11,
documentation,13,13,documintotive,13,
dodge,5,3,donch,4,
dog,3,3,doy,2,
dogged,6,5,dobbed,4,
doghouse,8,6,dosbouse,6,
dogma,5,5,domga,5,
doing,5,4,doict,5,
doings,6,5,doicts,6,
doll,4,3,dods,4,
dollar,6,5,dommar,5,
dolphin,7,6,domfrin,7,
domain,6,5,damail,5,
dome,4,3,jofe,3,
domestic,8,8,dotesmic,8,
domesticate,11,10,domistulate,11,
domesticity,11,11,domestinaly,11,
dominance,9,8,domorance,8,
domination,10,9,dominutive,10,
domineer,8,7,domopeer,7,
dominion,8,8,dopinion,8,
domino,6,6,domoni,6,
donate,6,5,danabe,5,
donation,8,7,donotoon,7,
done,4,3,doke,3,
donkey,6,5,dorkay,5,
donor,5,5,damot,5,
doodle,6,4,deetle,5,
doom,4,3,doob,3,
doomsday,8,6,doosenay,5,
door,4,3,doos,3,
doorknob,8,6,deerknib,6,
dope,4,3,dode,3,
doppelganger,12,10,doppilhanger,10,
dorm,4,4,dirm,4,
dormant,7,7,dermint,7,
dormitory,9,9,dormatily,9,
dosage,6,5,domade,5,
dose,4,3,dois,3,
dot,3,3,doit,3,
double,6,5,doobly,5,
doubleheader,12,10,douberheador,9,
doubly,6,6,doibly,5,
doubt,5,3,dould,4,
douche,6,3,doolth,4,
dough,5,2,daish,3,
dove,4,3,dosh,3,
down,4,3,dord,4,
downbeat,8,6,darkbate,7,
downcast,8,7,domecate,6,
downstage,9,7,domestame,7,
downtown,8,6,dometogs,7,
downwind,8,7,dornmind,8,
doze,4,3,doft,4,
dozen,5,5,doyim,4,
draft,5,5,draze,4,
draftee,7,6,drampee,6,
drag,4,4,drog,4,
dragon,6,6,drayon,6,
drain,5,4,drate,4,
drama,5,5,drumo,5,
dramatic,8,8,dranatin,8,
dramatist,9,9,dramolist,9,
dramatization,13,12,dramatanative,12,
dramatize,9,8,dramolize,8,
drank,5,5,drash,4,
drape,5,4,droip,4,
drapes,6,5,dropes,5,
drastic,7,7,drustib,7,
draw,4,3,drar,4,
drawer,6,4,drewen,6,
drawn,5,4,drace,4,
drawstring,10,8,drowspring,8,
dread,5,4,drath,4,
dream,5,4,droom,4,
dreamed,7,5,droimed,5,
dreamer,7,6,droimer,6,
dreaming,8,6,drooking,6,
dreamt,6,5,dreaut,5,
dreary,6,5,dready,6,
drench,6,5,drinch,5,
dress,5,4,driss,4,
dresser,7,6,drosser,6,
drew,4,3,drer,4,
dribble,7,6,dripple,6,
drift,5,5,druft,5,
drill,5,4,drell,4,
drink,5,5,drine,4,
drip,4,4,drid,4,
drive,5,4,drint,5,
driven,6,6,druden,5,
driver,6,6,druder,6,
driveway,8,6,druneway,6,
driving,7,6,droding,6,
drizzle,7,6,driffle,6,
drone,5,4,dronk,5,
drool,5,4,droil,4,
droop,5,4,droon,4,
drop,4,4,drof,4,
dropkick,8,7,drapkink,8,
drove,5,4,drost,5,
drown,5,4,drold,5,
drowsy,6,5,drewsy,5,
drug,4,4,droog,4,
drum,4,4,droim,4,
drumbeat,8,7,drambean,7,
drumstick,9,8,dramstock,8,
drunk,5,5,drung,4,
dry,3,3,dro,3,
dryer,5,5,draen,5,
dual,4,5,duan,5,
duality,7,8,duaminy,7,
dub,3,3,doib,3,
duchess,7,5,durtess,6,
duck,4,3,diebs,5,
dude,4,3,dure,4,
duet,4,5,dyen,4,
dug,3,3,doodge,3,
dugout,6,5,dogoul,5,
duke,4,4,dute,4,
dull,4,3,dunt,4,
dumb,4,3,zumb,3,
dumbbell,8,6,drumblee,7,
dumbfound,9,7,dambfouse,6,
dummy,5,4,dommy,4,
dump,4,4,duth,3,
dumps,5,5,dumes,5,
dumpy,5,5,dompy,5,
dunebuggy,9,8,dunebiggo,8,
dung,4,3,doyng,3,
dungeon,7,6,donglon,7,
dunk,4,4,durs,4,
duo,3,4,fuo,3,
dupe,4,4,doip,3,
duplicate,9,9,duplocase,8,
duplication,11,11,duplocitive,11,
duplicator,10,11,duprecinor,11,
durability,10,11,durabalory,11,
durable,7,8,dupagra,8,
duration,8,8,durotoon,8,
during,6,6,dering,5,
dusk,4,4,dulf,4,
dust,4,4,dest,4,
dutch,5,3,doitch,3,
duty,4,5,davy,4,
dwarf,5,5,dwarp,5,
dwell,5,4,dwall,4,
dwelled,7,5,dwegged,5,
dwindle,7,6,dwangle,7,
dynamic,7,7,dynumid,8,
dynamite,8,7,dynomate,7,
dynamo,6,6,dycadi,6,
dynasty,7,7,dynispy,7,
each,4,2,eaks,3,
eager,5,4,euber,5,
eagle,5,4,eutle,5,
ear,3,2,eak,2,
earlier,7,6,eartior,6,
earliest,8,7,eartiert,6,
earlobe,7,5,easrope,5,
early,5,4,einly,4,
earmuffs,8,6,earmiffs,6,
earn,4,3,zoong,3,
earnest,7,6,earmest,6,
earnings,8,6,earmints,7,
earphone,8,5,earphane,5,
earring,7,5,earrong,4,
earth,5,3,eague,2,
earthen,7,5,eighten,4,
earthquake,10,7,eavesdrake,7,
earthworm,9,7,eaveswork,7,
earthy,6,4,earchy,4,
ease,4,2,oise,2,
east,4,3,eash,2,
Easter,6,5,Eistan,5,
eastern,7,6,eatherd,5,
easy,4,3,easo,3,
easygoing,9,7,easynoics,8,
eat,3,2,utt,2,
eaten,5,4,eatan,4,
eccentric,9,9,ecconpric,9,
eccentricity,12,12,eccentracipy,11,
echo,4,3,ecto,4,
eclipse,7,6,eclerce,6,
ecologist,9,9,ecalogize,8,
ecology,7,7,eciropy,7,
economic,8,8,ecanimid,8,
economist,9,9,ecalonist,9,
economize,9,8,ecenorics,9,
economy,7,7,ecarody,7,
ecstasy,7,7,ecstony,7,
edge,4,2,ench,3,
edible,6,6,edople,6,
edit,4,4,egin,4,
edition,7,6,ecitoed,6,
editorial,9,9,editudial,9,
educate,7,6,etudant,8,
education,9,8,edurative,9,
eel,3,2,eep,2,
eerie,5,3,edrid,5,
effect,6,5,eppect,5,
effective,9,7,effestave,7,
egg,3,2,aug,2,
eggplant,8,7,ergplint,8,
ego,3,3,egu,3,
egoistic,8,8,egaistal,8,
egotism,7,8,enolasm,8,
egotistic,9,9,ebodistal,9,
Egyptian,8,7,Egaplian,8,
eighteen,8,4,eartheen,5,
eighth,6,3,oighth,3,
eighty,6,3,ealthy,4,
ejaculate,9,9,efacunate,9,
eject,5,5,ejict,5,
elaborate,9,8,etabomate,8,
elapse,6,5,elarse,5,
elastic,7,7,elostin,7,
elate,5,4,elake,4,
elbow,5,4,enbew,5,
elder,5,5,elrer,5,
elderly,7,7,eldormy,7,
eldest,6,6,elpate,5,
elect,5,5,emect,5,
election,8,7,emection,7,
electioneer,11,9,elartiveial,9,
elective,8,7,emectave,7,
electric,8,8,emectric,8,
electrician,11,10,elartrocive,10,
electricity,11,11,electracopy,11,
electrify,9,9,elestroly,9,
electrocute,11,11,elesdrocate,10,
electrode,9,8,emectrade,8,
electromagnet,13,13,electramogner,13,
electron,8,8,emectrin,8,
electronic,10,10,elestrinal,10,
elegance,8,7,elopance,7,
element,7,7,elomint,7,
elementary,10,10,elemilnady,10,
elephant,8,7,elophint,7,
elevate,7,6,elepate,6,
elevation,9,8,elemative,8,
elevator,8,8,elevinor,8,
eleven,6,6,etaken,6,
elf,3,3,erb,3,
eligibility,11,11,eligobalory,11,
eligible,8,8,eligobly,8,
eliminate,9,8,esimicate,8,
elite,5,4,elote,4,
elk,3,3,zelk,4,
ellipse,7,5,erripse,5,
elongate,8,7,elungaze,7,
elope,5,4,elome,4,
eloquent,8,8,eliquint,8,
else,4,3,elsh,3,
elusive,7,6,ecudize,6,
emancipate,10,9,emercudate,10,
emancipation,12,11,emancupotive,12,
embankment,10,10,embunkmint,10,
embargo,7,7,emburmo,7,
embark,6,6,edbork,6,
embarrass,9,7,embaffass,7,
embassy,7,6,embindy,7,
embellish,9,7,embeggish,7,
embezzle,8,7,emmeggle,6,
emblem,6,6,edblum,6,
embody,6,6,emromy,6,
embroider,9,8,emdroiner,8,
embryo,6,6,emfryu,6,
emerald,7,7,emoraid,6,
emerge,6,5,emarge,5,
emergency,9,9,edergarty,9,
emerging,8,7,emargang,7,
emigrate,8,7,emograle,7,
emigration,10,9,emidrative,9,
eminence,8,7,emodence,7,
emit,4,4,emut,4,
emotion,7,6,ematoon,6,
emperor,7,7,emferor,7,
emphasis,8,7,emphomis,7,
empire,6,6,enfure,6,
employ,6,5,enplot,6,
employee,8,6,empreyia,7,
employer,8,7,emprixia,9,
employment,10,9,emfloymint,9,
empty,5,5,elfry,5,
emu,3,4,ebu,3,
enable,6,6,enabro,6,
enamel,6,6,enomen,6,
enchilada,9,8,enchodala,8,
encircle,8,8,encimtle,8,
enclose,7,6,emgrote,6,
encompass,9,8,encampess,8,
encore,6,5,emcure,6,
encounter,9,8,encourten,8,
encourage,9,7,encoatade,7,
encyclopedia,12,12,encyclopadio,12,
end,3,3,elt,3,
endanger,8,8,endingel,8,
endeavor,8,7,enbeaver,7,
endless,7,6,elftess,6,
endmost,7,7,elfmist,7,
endorse,7,6,emdolce,6,
enemy,5,5,enony,5,
energetic,9,9,enerbetim,9,
energize,8,7,enorgaze,7,
engine,6,5,emgane,5,
engineer,8,7,engoreen,7,
English,7,6,erttish,5,
engross,7,6,emgloss,6,
enhance,7,6,emhence,6,
enigma,6,6,enagmo,6,
enjoy,5,4,emjay,4,
enrage,6,5,emrabe,5,
ensemble,8,8,enbemsle,8,
ensign,6,5,emsait,5,
enslave,7,6,emslive,6,
ensuing,7,6,enbuing,7,
ensure,6,5,emsore,5,
enter,5,5,emtor,5,
enterprise,10,9,enpertrise,8,
entertain,9,8,enpermain,7,
enthusiasm,10,11,enthoriasm,10,
entity,6,6,enbiny,6,
entrance,8,7,emtrince,7,
entrap,6,6,emtrop,6,
entree,6,5,empree,5,
entrepreneur,12,11,enterprucial,11,
entrust,7,7,emprust,7,
entry,5,5,empro,5,
enunciate,9,8,enerdiase,8,
envelop,7,7,enmelon,7,
envelope,8,7,enmelape,7,
envious,7,6,enpioos,6,
environment,11,11,enbirustent,11,
envy,4,4,edny,4,
enzyme,6,5,edzyne,5,
epic,4,4,edip,4,
epidemic,8,8,epitemid,8,
epilepsy,8,8,epilindy,8,
epileptic,9,9,epilistor,9,
epilogue,8,6,epilives,7,
episode,7,6,episade,6,
epitome,7,7,emitomo,7,
equal,5,5,edual,6,
equality,8,8,equaniry,8,
equalization,12,11,equalomarion,12,
equalize,8,7,equilaze,7,
equalizer,9,9,equilazen,9,
equally,7,6,equarry,6,
equate,6,5,equite,5,
equation,8,7,eguative,7,
equator,7,7,eguaton,7,
equip,5,5,equif,5,
equipment,9,9,equilrent,9,
equitable,9,9,equinably,9,
equity,6,6,eqoiry,6,
equivalent,10,10,equanalist,10,
era,3,3,ero,3,
erase,5,4,erise,4,
eraser,6,6,eroger,6,
erect,5,5,erest,5,
erode,5,4,eride,4,
erotic,6,6,enotin,6,
errand,6,5,elland,5,
erratic,7,6,errotin,6,
erroneous,9,7,erripeous,7,
error,5,4,ellor,4,
erupt,5,5,eript,5,
escalator,9,9,escilotar,8,
escapade,8,7,escopale,7,
escape,6,5,ertape,5,
escapee,7,6,escopee,6,
escort,6,6,edsort,6,
Eskimo,6,6,Eskomi,6,
esophagus,9,7,oesignamos,9,
espresso,8,7,esprissa,7,
esprit,6,5,eprint,6,
essay,5,3,edday,3,
essence,7,5,effence,5,
essential,9,7,essuntian,8,
establish,9,8,estiblush,8,
estate,6,5,eplate,5,
esteem,6,5,epleem,5,
estimate,8,7,esmitate,7,
estimation,10,9,esmidative,9,
etch,4,2,ertz,4,
eternal,7,7,enertal,7,
eternity,8,8,etrinady,8,
ethic,5,4,elfib,5,
ethical,7,6,ethomal,6,
Ethiopian,9,8,ethioriat,8,
ethnic,6,5,elfmic,6,
ethyl,5,4,encal,5,
eulogy,6,6,eugoly,6,
euphemism,9,9,euplemize,8,
euphoria,8,7,euphumia,7,
European,8,8,Euporean,7,
evacuate,8,9,evicuade,8,
evade,5,4,evode,4,
evaluate,8,9,emaluant,9,
evangelical,11,11,evangolaral,11,
evangelism,10,11,evingorism,11,
evangelist,10,10,evolgamist,10,
evaporate,9,8,evacomate,8,
evasion,7,6,evolion,7,
eve,3,2,jeve,3,
even,4,4,egen,4,
evening,7,5,eyeping,4,
event,5,5,evint,5,
eventual,8,8,evintoal,8,
eventually,10,9,evinpuanny,9,
everlasting,11,10,everlistics,11,
every,5,4,elery,5,
everybody,9,8,evemycody,8,
everyday,8,6,evelymay,6,
evict,5,5,evart,5,
evidence,8,7,evodance,7,
evident,7,7,evobent,7,
evil,4,4,evaul,4,
evoke,5,4,evale,4,
evolution,9,8,evolative,8,
ewe,3,2,zew,3,
exact,5,6,emace,4,
exaggerate,10,9,exanberaze,10,
exalt,5,6,emaid,4,
exaltation,10,10,exetlative,10,
exam,4,5,eman,4,
examine,7,7,eximane,7,
example,7,8,exastle,8,
exasperate,10,10,exanporase,10,
excavate,8,8,excovale,8,
excavation,10,10,excubative,10,
exceed,6,5,esmeed,5,
excel,5,5,elfal,5,
excellence,10,8,exceffence,8,
exception,9,8,excoptive,9,
excerpt,7,7,elcurps,7,
excess,6,5,elciss,5,
excessive,9,7,excerrive,7,
exchange,8,7,elcharge,6,
excite,6,5,elcibe,5,
excitement,10,9,excatemint,10,
exclaim,7,7,elclait,6,
exclamation,11,11,excomdative,11,
exclamatory,11,12,exclamoloty,12,
exclude,7,7,elcrude,6,
exclusive,9,9,exclosave,9,
excommunicate,13,13,excomminocale,12,
excrete,7,7,elcrate,6,
excruciating,12,12,excrucoaling,12,
excuse,6,7,elcase,5,
execute,7,8,exocate,7,
execution,9,10,execative,9,
executive,9,10,exetulive,9,
executor,8,10,exetunor,10,
exempt,6,7,emente,5,
exercise,8,8,exorcase,8,
exert,5,6,emept,5,
exhalation,10,10,expalotive,10,
exhale,6,6,elhave,5,
exhaust,7,6,elhawks,6,
exhaustion,10,8,exhaispion,10,
exhibit,7,7,exhobin,7,
exhibition,10,9,expihitive,10,
exhibitionism,13,13,exhiborionasm,14,
exhibitor,9,9,exhisinor,9,
exhilarate,10,9,exfilamate,10,
exile,5,5,exoid,5,
exist,5,6,elins,5,
existence,9,9,exosterce,9,
exit,4,5,enid,4,
exotic,6,7,exorid,7,
expand,6,7,elrand,6,
expect,6,7,elpert,6,
expectation,11,11,expostutive,12,
expedite,8,8,expodate,8,
expedition,10,10,expanitive,10,
expel,5,6,esdel,5,
experience,10,10,expotierce,9,
experiment,10,11,exmeridant,11,
expert,6,7,elpegs,6,
expertise,9,9,exportase,9,
expiration,10,10,exticative,10,
expire,6,7,elpick,5,
explain,7,7,elprain,6,
explanation,11,11,explirative,11,
explanatory,11,12,explanomory,12,
explicit,8,9,explucin,9,
explode,7,7,elplade,6,
exploit,7,7,elplait,6,
exploitation,12,11,explantotive,12,
exploration,11,11,explezalive,11,
explore,7,7,elplare,6,
explorer,8,9,expleren,9,
explosion,9,9,explurion,10,
exponent,8,9,expunint,9,
exponential,11,11,extonindial,12,
export,6,7,elpart,6,
exportation,11,11,expoltutive,11,
exporter,8,9,exmorter,9,
expose,6,6,elpore,5,
exposition,10,10,expaditive,10,
exposure,8,8,exsopure,7,
express,7,7,elprass,6,
expression,10,9,exprellion,10,
expressway,10,9,exprissmay,9,
expulsion,9,9,exmulrion,10,
exquisite,9,9,exqoisate,8,
extend,6,7,eltind,6,
extent,6,7,eltint,6,
extenuate,9,11,expenuant,11,
exterior,8,9,extolier,8,
exterminate,11,11,extelmadate,11,
external,8,8,extormal,9,
extinct,7,8,eltique,5,
extinction,10,10,extunctive,10,
extinguish,10,10,extongaise,9,
extra,5,6,espla,5,
extract,7,8,eltrict,7,
extracurricular,15,16,extracorrinomar,15,
extradite,9,9,extrodate,9,
extraordinarily,15,14,extraordomarony,16,
extraordinary,13,13,extraorfimary,14,
extrasensory,12,13,extrasinlopy,13,
extravagant,11,12,expregadant,12,
extravaganza,12,13,extravoginma,13,
extreme,7,7,eltrame,6,
extricate,9,9,extrocale,9,
exuberant,9,10,exugerast,10,
eye,3,1,ine,2,
eyestrain,9,6,euestrave,7,
fable,5,5,fomle,5,
fabric,6,6,farbic,6,
fabrication,11,10,fabrolative,10,
fabulous,8,8,fabolace,7,
face,4,3,foose,3,
facedown,8,6,fanedorm,7,
facial,6,5,fodial,6,
facing,6,5,faming,5,
fact,4,4,farf,4,
factor,6,6,fartom,6,
factual,7,7,factias,7,
faculty,7,7,facilmy,7,
fade,4,3,fide,3,
fag,3,3,fidge,3,
faggot,6,5,fallot,5,
Fahrenheit,10,8,Fahronhait,8,
fail,4,3,faidge,3,
failure,7,6,fainurd,6,
faint,5,4,falve,4,
fair,4,3,falm,4,
fairy,5,4,faidy,4,
faith,5,3,feich,3,
fake,4,3,fike,3,
falcon,6,6,faslon,6,
fall,4,3,zall,3,
fallacy,7,6,falloty,6,
fallen,6,5,fillen,5,
fallible,8,7,fallople,7,
fallout,7,5,filloat,5,
false,5,4,faish,3,
falsehood,9,7,faithlood,6,
falsification,13,12,falsiforalion,13,
falsify,7,7,falsopy,7,
falsity,7,7,falsory,7,
fame,4,3,flum,4,
famed,5,4,foomed,4,
familiar,8,8,famalian,8,
familiarity,11,11,familoanury,11,
familiarize,11,10,famaleerive,9,
family,6,6,famory,6,
famine,6,5,fomise,5,
famish,6,5,fimise,5,
famous,6,5,folous,5,
fan,3,3,foosh,3,
fanatic,7,7,fanitid,7,
fancier,7,7,fanpier,6,
fancy,5,5,findy,5,
fanfare,7,6,farfane,6,
fang,4,3,fing,3,
fantastic,9,9,fantistac,9,
fantasy,7,7,fantory,7,
far,3,3,fak,3,
farewell,8,6,fantwert,8,
farfetched,10,6,furfitched,6,
farm,4,4,fage,3,
farmhand,8,8,farehack,6,
farmland,8,8,farelack,6,
farsighted,10,8,farsauthed,8,
fascinate,9,7,fasconale,7,
fascination,11,9,fasconitive,9,
fashion,7,5,fusheen,6,
fashionable,11,9,fashoonomle,9,
fast,4,4,fash,3,
fasten,6,5,fantin,6,
fastener,8,7,fastiner,8,
fastening,9,7,fastonive,8,
fastness,8,7,fostless,7,
fat,3,3,zup,3,
fatal,5,4,futar,5,
fatality,8,8,fatanidy,8,
fate,4,3,fant,4,
fated,5,5,foten,5,
fateful,7,6,futefil,7,
father,6,5,fithor,5,
fathom,6,5,fithoy,4,
fatigue,7,5,futique,5,
fatten,6,4,fappen,5,
fatty,5,4,fazzy,4,
faucet,6,5,farcer,6,
fault,5,4,fong,3,
favor,5,5,fuvid,5,
favorable,9,9,faparably,9,
fawn,4,3,farl,4,
fear,4,3,famb,3,
feasibility,11,10,feasibolamy,10,
feasible,8,7,feasomle,7,
feasibly,8,7,feasomly,7,
feast,5,4,foast,4,
feat,4,3,fooge,3,
feather,7,5,foather,5,
feature,7,5,foatore,5,
February,8,8,febroaty,8,
federal,7,7,fedogan,7,
federalism,10,11,fedinalism,10,
federalize,10,9,fedelatics,10,
federation,10,9,fedelative,9,
fee,3,2,jee,2,
feeble,6,5,foudle,5,
feed,4,3,feem,3,
feedback,8,6,feelband,7,
feel,4,3,feek,3,
feeling,7,5,feasing,5,
fell,4,3,voose,3,
fellow,6,4,femmow,4,
fellowship,10,7,fellawshop,7,
felon,5,5,feron,5,
felony,6,6,felimy,6,
felt,4,4,ferk,3,
female,6,5,famane,5,
feminine,8,7,femonane,7,
femininity,10,10,feminariny,10,
feminism,8,9,feminics,8,
fence,5,4,ferts,5,
fend,4,4,fench,4,
ferment,7,7,fespent,7,
fermentation,12,11,fermontutive,12,
fern,4,4,foon,3,
ferocious,9,7,ferupious,8,
fertile,7,5,festale,6,
fertility,9,9,fertaliny,9,
fertilization,13,11,fertilomarion,13,
fertilizer,10,9,fertanizer,10,
festival,8,8,festomal,8,
festivity,9,9,festemily,9,
fetch,5,3,femps,5,
fetus,5,5,fatis,5,
feud,4,4,feuth,4,
feudal,6,5,foyzal,5,
fever,5,5,famer,5,
few,3,3,foit,3,
fiance,6,6,fienco,6,
fiasco,6,6,fiosca,6,
fickle,6,5,fackly,5,
fiction,7,6,firtoon,6,
fictional,9,8,ficbional,9,
fictitious,10,8,fictopious,9,
fiddle,6,4,fimmle,5,
fidelity,8,8,fidaniry,8,
fidget,6,5,fudgen,5,
field,5,4,fiege,4,
fiend,5,4,fieve,3,
fierce,6,4,fieved,5,
fiesta,6,6,fiosti,6,
fifteen,7,6,faftoon,6,
fifth,5,4,filst,5,
fifty,5,5,foofty,5,
fight,5,3,fieds,5,
figment,7,7,fildent,7,
figurative,10,10,figoratics,10,
figure,6,6,fibute,6,
figurine,8,8,figumane,7,
filament,8,8,filorent,8,
file,4,3,faig,3,
filet,5,4,fulet,5,
filial,6,6,filoat,5,
filing,6,5,fiming,5,
Filipino,8,8,filipaco,8,
fill,4,3,fick,3,
filling,7,5,folling,5,
film,4,4,fulm,4,
filter,6,6,folten,6,
filth,5,4,finth,4,
filtration,10,9,filtrorion,10,
fin,3,3,fim,3,
final,5,4,funar,5,
finale,6,6,finela,7,
finalist,8,8,fimalion,8,
finality,8,8,fimalidy,8,
finally,7,6,fimarry,6,
finance,7,6,funarce,6,
financial,9,8,finincian,9,
finch,5,4,funch,4,
find,4,4,fonch,4,
finding,7,6,fanging,6,
fine,4,3,zime,3,
finesse,7,5,funelle,5,
finger,6,6,fanker,6,
fingering,9,8,fintering,8,
fingernail,10,9,fintermail,9,
finicky,7,6,finucky,6,
finish,6,5,fanise,5,
finite,6,5,funate,5,
fir,3,3,ferng,4,
fire,4,4,fosh,3,
firecracker,11,10,firecricken,10,
fireman,7,7,finemin,6,
firm,4,4,fisk,4,
first,5,5,firps,5,
firstborn,9,9,firthbern,8,
fiscal,6,6,faspal,6,
fish,4,3,fimp,4,
fisherman,9,8,fishornen,8,
fishhook,8,6,finemook,6,
fission,7,5,fussive,5,
fist,4,4,foost,4,
fit,3,3,fip,3,
five,4,3,fove,3,
fix,3,4,fiv,3,
fixation,8,8,fixotive,8,
fixed,5,5,filks,5,
fixture,7,7,fitsure,5,
fizz,4,3,fazz,3,
fizzle,6,5,fuggle,5,
flabbergast,11,10,flabborgist,10,
flabby,6,5,flarry,5,
flag,4,4,flig,4,
flagpole,8,7,flapgole,7,
flagship,8,7,flapshop,7,
flair,5,4,flarp,5,
flake,5,4,floik,4,
flamboyant,10,10,flambuyane,9,
flame,5,4,flamp,5,
flamethrower,12,9,flamethrewen,9,
flamingo,8,8,flamunga,8,
flammable,9,8,flammuple,8,
flap,4,4,floip,4,
flash,5,4,fland,5,
flashback,9,7,flandbick,8,
flask,5,5,flawl,4,
flat,4,4,flot,4,
flats,5,5,fluts,5,
flatten,7,5,flabben,6,
flaunt,6,5,flaint,5,
flavor,6,6,flumor,6,
flavoring,9,8,flavoning,8,
flaw,4,3,flas,4,
flea,4,3,fleo,4,
fled,4,4,floid,4,
fleet,5,4,fleeg,4,
flesh,5,4,floosh,4,
flew,4,3,flen,4,
flex,4,5,flauks,5,
flexibility,11,12,flexibolamy,12,
flexible,8,9,flexople,9,
flick,5,4,flids,5,
flicker,7,6,flocken,6,
flier,5,5,froer,5,
flight,6,4,floif,4,
flimsy,6,6,flumry,6,
flinch,6,5,flunch,5,
fling,5,4,flive,4,
flint,5,5,flunt,5,
flip,4,4,flin,4,
flipper,7,6,flibber,6,
flirt,5,5,flith,4,
flirtation,10,9,flirtotive,9,
float,5,4,floap,4,
flock,5,4,fluck,4,
flood,5,4,floud,4,
floor,5,4,floom,4,
floozy,6,5,fleezo,5,
flop,4,4,flodge,4,
florist,7,7,flurise,6,
floss,5,4,flole,4,
flour,5,5,floung,4,
flourish,8,6,floonish,6,
flower,6,5,flumer,6,
flown,5,4,fline,4,
fluctuate,9,9,fluctoase,8,
fluctuation,11,11,fluctiative,10,
fluent,6,6,fluert,5,
fluff,5,4,fluce,4,
fluid,5,5,fluin,5,
fluke,5,4,flike,4,
flunk,5,5,flonk,5,
fluorescence,12,10,fluoriscerce,9,
flurry,6,5,fluppy,5,
flush,5,4,flugs,5,
fluster,7,7,frested,7,
flute,5,4,flude,4,
flutist,7,7,flatust,7,
flutter,7,6,fludder,6,
fly,3,3,flur,4,
flycatcher,10,8,flybatcher,8,
foam,4,3,foom,3,
focus,5,5,facas,5,
foe,3,2,fai,2,
fog,3,3,foog,3,
fold,4,4,jold,4,
foliage,7,6,fomiade,6,
folk,4,3,felve,4,
follow,6,4,fonnow,4,
following,9,6,follawing,5,
fond,4,4,foond,4,
fondue,6,6,fundur,6,
font,4,4,foont,4,
food,4,3,jood,3,
fool,4,3,zoof,3,
foolproof,9,7,foulproot,7,
foot,4,3,foop,3,
footage,7,5,foolade,5,
football,8,6,foolbill,6,
footing,7,5,fooring,5,
forbid,6,6,furbin,6,
force,5,4,foits,4,
forceps,7,7,furcips,7,
ford,4,4,foin,3,
forearm,7,6,farearn,5,
forecast,8,7,farecase,6,
forefather,10,8,forefithor,8,
forego,6,4,farega,5,
foreground,10,8,faregrind,8,
forehead,8,6,farebead,6,
foreign,7,5,furaind,6,
foreman,7,6,furemin,7,
foresee,7,5,faresen,6,
foresight,9,6,fossmight,6,
forest,6,6,fipest,6,
forestry,8,8,foristro,8,
foretell,8,6,forttegs,7,
forever,7,7,foroven,7,
forewarn,8,7,farewarm,7,
forfeit,7,6,fonkeet,6,
forge,5,4,fobes,4,
forget,6,6,fonbet,6,
forging,7,6,fimbing,6,
forgive,7,6,fondike,6,
fork,4,4,furk,4,
forked,6,5,foined,4,
forklift,8,8,fornlirt,8,
form,4,4,forb,4,
formal,6,6,furlan,6,
formality,9,9,forpaliry,9,
formalize,9,8,fornalaze,8,
format,6,6,fonmit,6,
formation,9,8,fornalion,9,
formative,9,8,formotave,8,
former,6,6,furmar,6,
formfitting,11,9,formfipping,9,
formidable,10,10,formudibly,11,
formless,8,7,firmtess,7,
formula,7,8,formolu,7,
formulation,11,11,forputative,11,
fort,4,4,fert,4,
forth,5,4,forps,5,
forthcoming,11,9,forthcaming,9,
fortification,13,12,fortiforalion,13,
fortress,8,7,furtross,7,
fortunate,9,8,fortonale,8,
fortune,7,6,fontane,6,
forty,5,5,furty,5,
forum,5,5,furim,5,
forward,7,7,fonwarp,7,
fossil,6,5,foddil,5,
foster,6,6,fopler,6,
fought,6,3,founce,4,
foul,4,3,fouf,3,
foulmouthed,11,7,foolmoothed,7,
found,5,4,fouse,3,
foundation,10,8,foundotive,8,
founder,7,6,founter,6,
fountain,8,6,feentail,6,
four,4,3,fyth,3,
fourteen,8,6,feertoon,6,
fox,3,4,fooks,4,
fraction,8,7,frictive,7,
fracture,8,7,flactute,8,
fragile,7,6,frenile,6,
fragility,9,9,frasinidy,9,
fragment,8,8,fresmint,8,
fragrant,8,8,frogrand,8,
frail,5,5,froil,4,
frailty,7,7,freckty,6,
frame,5,4,froom,4,
franchise,9,7,frinchase,7,
frantic,7,7,frindic,7,
fraternization,14,13,fraternomarion,13,
fraternize,10,9,fratarnaze,9,
fraud,5,4,fraul,4,
fraudulent,10,9,fraudolint,9,
freak,5,4,freash,4,
freckle,7,6,fruckly,6,
free,4,3,froy,3,
freedom,7,6,froedam,6,
freehand,8,7,froehane,6,
freeway,7,5,froewat,6,
freewill,8,6,freawive,7,
freeze,6,4,freeth,4,
freezer,7,6,froozer,6,
freight,7,4,freints,6,
french,6,5,frunch,5,
frenzy,6,6,frunzo,6,
frequency,9,9,frequinry,9,
frequent,8,8,fraquine,7,
fresh,5,4,frebs,5,
friction,8,7,fraclive,7,
Friday,6,5,Frodoy,5,
fridge,6,4,frodge,4,
fried,5,4,fring,4,
friend,6,5,friews,5,
friendly,8,7,frondry,7,
fright,6,4,frooms,5,
frigidity,9,9,frigiliny,9,
fringe,6,5,frilks,6,
frisk,5,5,frask,5,
frivolous,9,8,frivulius,9,
frog,4,4,frong,4,
frolic,6,6,fresic,6,
front,5,5,fronk,5,
frontal,7,6,flundel,7,
frontier,8,7,fruntive,7,
frost,5,5,frosh,4,
frostbite,9,8,frustbate,8,
frosting,8,7,frusting,7,
frown,5,4,frold,5,
froze,5,4,frowl,4,
frozen,6,6,fruzan,6,
fruit,5,4,freat,4,
frustrate,9,8,fristrite,8,
frustration,11,10,frustrotive,10,
fry,3,3,fru,3,
fudge,5,3,funge,4,
fuel,4,5,fuet,5,
fugitive,8,8,fugotave,7,
full,4,3,fums,4,
fully,5,4,fuffy,4,
fumble,6,6,fample,6,
fumigate,8,8,fumagite,8,
fumigation,10,10,furidative,10,
fun,3,3,jun,3,
function,8,7,fanctive,7,
functionary,11,10,functronaty,11,
fund,4,4,fuke,4,
fundamental,11,11,fundadencal,11,
funeral,7,8,fugeren,8,
fungi,5,5,fango,5,
fungus,6,6,fanlus,6,
funk,4,4,funt,4,
funnel,6,4,fummel,5,
funny,5,4,fuddy,4,
furious,7,7,fumioes,7,
furnace,7,6,farmace,6,
furnish,7,6,farmish,6,
furniture,9,8,furnotare,8,
furry,5,4,fippy,4,
further,7,6,farthor,6,
furthest,8,7,fumprest,8,
fury,4,5,fory,4,
fuse,4,4,jute,4,
fusion,6,6,fisive,5,
fuss,4,3,fois,3,
futile,6,6,fitole,5,
future,6,6,fitore,5,
futuristic,10,11,futerindic,11,
fuzz,4,3,furf,4,
gadget,6,5,gidget,5,
gag,3,3,gar,3,
gain,4,3,gaith,3,
galaxy,6,7,galofy,6,
gale,4,3,gake,3,
gall,4,3,garl,4,
gallant,7,6,gattant,6,
gallbladder,11,9,gallblammer,9,
gallery,7,6,gallemy,6,
gallon,6,5,gatton,5,
gallop,6,5,gattop,5,
gallstone,9,7,gailstane,7,
galore,6,5,gulare,5,
gamble,6,6,gimple,6,
game,4,3,gath,3,
gang,4,3,gand,4,
gangrene,8,7,gingrane,7,
gangster,8,7,ganspler,8,
gap,3,3,gan,3,
garage,6,5,gyrase,5,
garbage,7,6,ganbays,6,
garden,6,6,gampen,6,
gargle,6,6,gurble,6,
garlic,6,6,ganlip,6,
garment,7,7,gurmint,7,
garnish,7,6,ganwish,6,
gas,3,3,gaish,3,
gash,4,3,gaip,3,
gasp,4,4,garf,4,
gate,4,3,goit,3,
gather,6,5,guthen,5,
gauze,5,3,gadze,4,
gave,4,3,gams,4,
gawk,4,3,gaif,3,
gawky,5,4,garky,5,
gay,3,2,gax,4,
gaze,4,3,gark,4,
gear,4,3,geap,4,
geese,5,3,gouse,3,
gelatine,8,7,gelotane,7,
gem,3,3,ger,3,
gemstone,8,7,gumstane,7,
gender,6,6,gerter,6,
gene,4,3,jone,3,
general,7,7,genorad,7,
generality,10,10,generolafy,10,
generalization,14,13,generolatalion,14,
generalize,10,9,genoramaze,9,
generate,8,7,genorase,7,
generation,10,9,genorotase,9,
generator,9,9,genetabor,9,
generic,7,7,genorin,7,
generosity,10,10,generisopy,10,
generous,8,7,genorius,8,
generously,10,9,genetousry,9,
genesis,7,7,genogis,7,
genetic,7,7,genotin,7,
genial,6,6,geriad,6,
genially,8,7,geniappy,7,
genital,7,6,genopal,7,
genius,6,6,gerism,6,
gentle,6,5,gerdle,6,
gentlefolk,10,8,genfletolk,9,
gently,6,6,gerply,6,
genuine,7,7,genoane,6,
genus,5,5,ganus,5,
geographic,10,7,geogrophin,9,
geography,9,8,geomnathy,8,
geologist,9,9,georomist,9,
geology,7,7,geomocy,7,
geometric,9,9,geomephic,8,
geometry,8,8,geolopry,8,
germ,4,4,gelk,4,
german,6,6,genmin,6,
germicide,9,8,germocade,8,
germination,11,10,gerdirative,10,
gesture,7,6,gentore,6,
getaway,7,6,getawop,7,
ghastly,7,6,ghendly,6,
ghetto,6,4,gheppo,4,
ghost,5,4,ghoms,4,
ghoul,5,3,goong,3,
giant,5,5,giyle,4,
gift,4,4,girk,4,
gifted,6,6,gufted,6,
gigantic,8,8,giguntin,8,
giggle,6,5,giffle,5,
gigolo,6,6,gigulu,6,
gimmick,7,5,gibbick,5,
gin,3,3,zin,3,
ginger,6,6,gangor,6,
giraffe,7,5,gariffe,5,
girdle,6,5,gortle,6,
girl,4,4,gisk,4,
gist,4,4,gish,3,
give,4,3,gove,3,
giveaway,8,6,giveawop,7,
given,5,5,gover,5,
gizzard,7,6,guzzard,6,
glacier,7,6,gracien,7,
glad,4,4,glod,4,
gladiator,9,9,gladianor,9,
glamorize,9,8,glamioraze,9,
glamour,7,6,gramon,6,
glance,6,5,glarks,6,
gland,5,5,glond,5,
glare,5,4,glore,4,
glaring,7,6,glaning,6,
glass,5,4,glale,4,
glaze,5,4,glard,5,
gleam,5,4,glear,4,
glee,4,3,glai,3,
glide,5,4,glime,4,
glimmer,7,6,glipper,6,
glimpse,7,6,glompse,6,
glisten,7,6,glaster,7,
glitter,7,6,glizzer,6,
global,6,6,glaban,6,
globe,5,4,glomb,4,
gloom,5,4,glaum,4,
glorification,13,12,gloriforalion,13,
glorify,7,7,gloroly,7,
glorious,8,7,glotioes,7,
glory,5,5,gluty,5,
gloss,5,4,gloff,4,
glossary,8,7,glossomy,7,
glove,5,4,glerge,5,
gloves,6,5,glives,5,
glow,4,3,glog,4,
glucose,7,6,grucote,6,
glue,4,3,gluh,4,
glum,4,4,glung,4,
glutton,7,5,glubbon,6,
glycerol,8,8,glycoral,8,
go,2,2,gow,2,
goal,4,3,goak,3,
goalkeeper,10,8,goalmeepen,8,
goalpost,8,7,goolbost,7,
goat,4,3,goax,4,
goatskin,8,7,goalskan,7,
gobbler,7,7,gibblar,6,
goblin,6,6,goltin,6,
god,3,3,gop,3,
goggle,6,5,gottle,5,
going,5,4,guing,4,
gold,4,4,goil,3,
golden,6,6,giffen,5,
goldfish,8,7,gortmish,7,
golf,4,4,gorb,4,
gone,4,3,gern,4,
gonorrhea,9,7,gonerphea,7,
good,4,3,goom,3,
goodly,6,5,geedly,5,
goodness,8,6,geedless,6,
goody,5,4,goady,4,
goose,5,3,gooks,4,
gooseberry,10,7,goosebezzy,7,
gorgeous,8,6,gerbench,7,
gorilla,7,6,gorimma,6,
gory,4,4,gury,4,
gospel,6,6,gormel,6,
gossip,6,5,gollip,5,
gothic,6,5,guthid,5,
gotten,6,4,gollen,5,
gouge,5,3,googe,3,
gourmet,7,5,goulmit,6,
govern,6,6,gomert,6,
government,10,10,govarnrent,10,
governmental,12,12,govertrencal,12,
governor,8,7,govarlor,8,
gown,4,3,golt,4,
grab,4,4,grob,4,
grace,5,4,grart,5,
gracious,8,6,grepious,7,
gradation,9,8,gratadion,9,
grade,5,4,grame,4,
gradual,7,7,graduam,7,
graduate,8,8,graduase,8,
graduation,10,10,graduapive,10,
grain,5,4,grath,4,
grammar,7,6,grimman,6,
grand,5,5,groond,5,
grandchild,10,9,grindchold,9,
granddaughter,13,9,granddoughten,9,
grandeur,8,7,glandoor,7,
grandfather,11,10,grandfithor,10,
grandmother,11,10,grandmither,10,
grandson,8,8,grindsin,8,
granite,7,6,glanick,6,
grant,5,5,gront,5,
grape,5,4,graup,4,
grapefruit,10,8,gripefroid,8,
grapes,6,5,grangs,5,
graph,5,4,groiph,4,
graphic,7,6,glaspid,7,
graphite,8,6,gralfise,7,
grapple,7,6,grupple,6,
grasp,5,5,gracs,5,
grass,5,4,groos,4,
grasshopper,11,9,grasshidder,9,
grateful,8,7,graletul,7,
grater,6,6,groter,6,
gratification,13,12,gratiforalion,13,
gratitude,9,9,gratotade,8,
grave,5,4,grank,5,
gravel,6,6,griven,6,
gravestone,10,8,grivestane,8,
graveyard,9,8,griveyarb,8,
gravitation,11,10,gravilative,10,
gravity,7,7,gravony,7,
gravy,5,5,griby,5,
gray,4,3,grag,4,
graze,5,4,grage,4,
grease,6,4,groose,4,
greasy,6,5,greafy,5,
great,5,4,grare,4,
grecian,7,6,graciat,7,
greed,5,4,grook,4,
greek,5,4,groak,4,
green,5,4,groon,4,
greet,5,4,groot,4,
gremlin,7,7,grimlen,7,
grenade,7,6,granase,6,
grew,4,3,grel,4,
greyhound,9,7,groyhouse,6,
grid,4,4,grod,4,
grief,5,4,grife,4,
grievance,9,7,groovades,7,
grieve,6,4,groive,4,
grill,5,4,groll,4,
grim,4,4,grig,4,
grimace,7,6,gramake,6,
grime,5,4,grome,4,
grin,4,4,gron,4,
grind,5,5,grond,5,
grinder,7,7,gronger,7,
grindstone,10,9,gringstane,8,
grip,4,4,grop,4,
gripe,5,4,grich,4,
grisly,6,6,gramly,6,
groan,5,4,groat,4,
grocer,6,6,glocet,6,
grocery,7,7,grobery,7,
groggy,6,5,grobby,5,
groom,5,4,grouf,4,
groomsman,9,8,greasemen,7,
groove,6,4,groost,5,
gross,5,4,groidge,4,
grotesque,9,7,grutedged,7,
ground,6,5,grount,5,
groundhog,9,8,groughcog,6,
group,5,4,groodge,4,
grove,5,4,grobs,5,
grow,4,3,groy,3,
growl,5,4,grofs,5,
growth,6,4,groice,4,
grubby,6,5,griffy,5,
grudge,6,4,gredge,4,
gruesome,8,6,grumsort,8,
grumble,7,7,gruttle,6,
grumpy,6,6,grifty,6,
grunt,5,5,groont,5,
guarantee,9,7,guarinlee,7,
guard,5,4,guave,4,
guardian,8,7,guarduad,7,
guardroom,9,7,godgeboom,6,
guardsman,9,8,gusquelan,7,
guess,5,3,gurze,4,
guest,5,4,gurnt,5,
guidance,8,6,geavades,6,
guide,5,3,guite,3,
guilt,5,4,goult,4,
guilty,6,5,gidry,5,
guise,5,3,goise,3,
guitar,6,5,guftor,6,
gull,4,3,guck,3,
gullible,8,7,gullople,7,
gulp,4,4,gurp,4,
gum,3,3,gug,3,
gun,3,3,gup,3,
gunpoint,8,7,ganpaint,7,
gunpowder,9,8,gunpawmer,8,
guppy,5,4,gutty,4,
gust,4,4,gure,4,
gusto,5,5,gistu,5,
gut,3,3,gub,3,
gutter,6,5,gudder,5,
guy,3,2,goy,2,
guzzle,6,5,guffle,5,
gym,3,3,gam,3,
gymnast,7,7,gamnist,7,
gymnastics,10,10,gymnistacs,10,
gynecology,10,10,gynecalamy,10,
gypsy,5,5,gapso,5,
habit,5,5,hibot,5,
habitable,9,9,habimably,9,
habitant,8,8,habirent,8,
habitat,7,7,habotit,7,
habitation,10,9,habicative,9,
habitual,8,8,habotial,8,
habituate,9,9,hamituase,9,
hack,4,3,hars,4,
hag,3,3,har,3,
hail,4,3,hain,3,
hair,4,3,zair,3,
hairline,8,6,hartlive,7,
hairpin,7,6,hainpun,6,
hairy,5,4,hainy,4,
half,4,3,harz,4,
halfhearted,11,9,halfhearlen,10,
hall,4,3,houdge,3,
Halloween,9,7,Hallawern,8,
hallucination,13,11,hallucolamion,12,
hallway,7,5,halewad,6,
halo,4,4,heli,4,
halt,4,4,hoodge,3,
halter,6,6,holten,6,
halve,5,3,harbs,5,
halves,6,4,halch,4,
ham,3,3,hab,3,
hamburger,9,9,hambargen,9,
hammer,6,5,haffer,5,
hammock,7,5,hazzock,5,
hamper,6,6,harpen,6,
hamster,7,7,halsper,7,
hamstring,9,8,halshring,7,
hand,4,4,hing,3,
handbag,7,7,hanebig,6,
handicap,8,8,handocup,8,
handkerchief,12,9,handperchiep,8,
handle,6,5,hintle,6,
handmade,8,7,hindmake,7,
handout,7,6,hantoot,6,
handpick,8,7,hindpuck,7,
handrail,8,7,hindrain,7,
handshake,9,7,hindshike,7,
handsome,8,7,hempsurt,7,
handwoven,9,9,handwavin,9,
handy,5,5,hoondy,5,
hang,4,3,hant,4,
hanged,6,4,hained,4,
hanger,6,5,hingen,6,
hanging,7,5,hanking,6,
hangout,7,5,hankoot,6,
haphazard,9,9,haphizart,9,
happen,6,5,haffen,5,
happily,7,6,happory,6,
happiness,9,7,happutess,7,
happy,5,4,haffy,4,
harass,6,5,herase,5,
harbor,6,6,herbar,6,
hard,4,4,hielve,5,
hardly,6,6,harply,6,
hardy,5,5,hurpy,5,
harem,5,5,heram,5,
harm,4,4,hage,3,
harmonic,8,8,harminit,8,
harmonica,9,9,harminoco,9,
harmonious,10,9,harmupious,8,
harmonization,13,12,harmonomarion,12,
harmonize,9,8,harmunaze,8,
harmony,7,7,harnomy,7,
harness,7,6,hanpess,6,
harp,4,4,hafe,3,
harpoon,7,6,hanpeen,6,
harpsichord,11,10,harpsibrond,10,
harsh,5,4,haims,4,
harvest,7,7,havrest,7,
hash,4,3,hame,3,
hassle,6,5,habble,5,
haste,5,4,haint,4,
hasten,6,5,histin,6,
hat,3,3,hooch,3,
hatch,5,3,hutch,3,
hatchet,7,5,hitchet,5,
hate,4,3,yide,3,
hatred,6,6,hutrid,6,
haunt,5,4,hounk,4,
having,6,5,hivint,6,
havoc,5,5,hivod,5,
hawk,4,3,hosh,3,
hay,3,2,hoy,2,
hazard,6,6,huzart,6,
haze,4,3,harn,4,
hazel,5,5,hezal,5,
hazy,4,4,hezy,4,
head,4,3,hean,3,
headdress,9,7,heaffress,6,
headman,7,6,healmin,6,
headrest,8,7,heaprust,7,
heal,4,3,hool,3,
health,6,4,heague,3,
healthy,7,5,hearthy,5,
heap,4,3,hoip,3,
hear,4,3,hoin,3,
heard,5,4,healm,4,
hearing,7,5,heaming,5,
hearsay,7,5,healsoy,5,
hearse,6,4,healms,5,
heartless,9,7,houthness,6,
hearty,6,5,houthy,4,
heat,4,3,jeat,3,
heath,5,3,hooth,3,
heather,7,5,hounter,6,
heatstroke,10,8,healstrake,8,
heave,5,3,zeave,3,
heaven,6,5,houden,5,
heavy,5,4,houny,4,
heavyweight,11,7,heavymeight,7,
Hebrew,6,5,Hobrey,5,
hectic,6,6,hemtip,6,
hedge,5,3,henge,4,
hefty,5,5,hofty,5,
height,6,3,hought,3,
heighten,8,4,hourthen,6,
heist,5,4,hoost,4,
held,4,4,hern,3,
helicopter,10,10,helimopler,10,
helium,6,6,hetiom,6,
hell,4,3,helk,4,
hello,5,4,hollu,4,
helmet,6,6,hilmoot,6,
help,4,4,herg,4,
helpless,8,7,helkness,7,
hem,3,3,hom,3,
hemisphere,10,8,hemospheve,8,
hemispherical,13,12,hemisphorizal,12,
hemorrhage,10,7,haemonphage,8,
hen,3,3,hoim,3,
herald,6,6,henard,6,
herb,4,4,herf,4,
herdsman,8,8,hardsmen,8,
hereabout,9,7,hereapoot,7,
hereafter,9,8,hereadler,8,
hereditary,10,10,heredopary,10,
heritage,8,7,herotade,7,
hermit,6,6,hemrit,6,
hernia,6,6,hermoa,6,
hero,4,4,hara,4,
heroic,6,6,heboin,6,
heroics,7,7,heboins,7,
heroin,6,6,heroid,6,
heroism,7,9,heroids,7,
herself,7,7,henselt,7,
hesitant,8,8,hesotint,8,
hesitation,10,9,hesilative,9,
heterogeneous,13,12,heterimepious,12,
heterosexual,12,13,heterisenuad,13,
hew,3,3,hif,3,
hexagon,7,8,hexogin,8,
hexagonal,9,10,hexacocer,10,
heyday,6,4,hoydan,5,
hibernate,9,8,hibarnale,8,
hibernation,11,10,himerlative,9,
hiccup,6,5,hirrup,5,
hid,3,3,hosk,4,
hidden,6,4,hiffen,5,
hide,4,3,hime,3,
hideaway,8,6,hideawop,7,
hideous,7,6,hidioos,6,
hideout,7,5,hikeoot,5,
hiding,6,5,hawing,5,
hierarchy,9,8,hiorerphy,8,
hieroglyphic,12,11,hieroplaurid,10,
high,4,2,hisk,4,
highlight,9,5,hethleart,7,
highway,7,4,hethday,5,
hijack,6,5,hojick,5,
hike,4,3,himp,4,
hilarious,9,8,hilapious,8,
hill,4,3,higs,4,
hinder,6,6,hunder,6,
hindrance,9,8,hundrince,8,
hindsight,9,7,hundserth,8,
Hinduism,8,9,hintuive,7,
hinge,5,4,hoinge,4,
hint,4,4,hent,4,
hip,3,3,hup,3,
hippopotamus,12,11,hippopitomis,11,
hire,4,4,hure,4,
historian,9,9,histumion,9,
historic,8,8,histomid,8,
history,7,7,histumy,7,
hit,3,3,hoit,3,
hitch,5,3,hotch,3,
hither,6,5,huther,5,
hive,4,3,hish,3,
hives,5,4,hings,4,
hoard,5,4,hoach,3,
hoarding,8,6,hoonsing,6,
hoax,4,4,hoang,3,
hobby,5,4,hoggy,4,
hockey,6,4,hicfer,6,
hoe,3,2,hoons,4,
hoist,5,4,hoifs,4,
hold,4,4,hoil,3,
holdup,6,6,holkum,6,
hole,4,3,hofe,3,
holiday,7,6,holomay,6,
holiness,8,7,holuless,7,
hollow,6,4,hoffow,4,
holly,5,4,hozzy,4,
holocaust,9,8,holucaist,8,
holster,7,7,honpler,7,
holy,4,4,helu,4,
home,4,3,haum,3,
homely,6,5,himely,5,
homemade,8,6,honenade,6,
homesick,8,6,honesilk,7,
homicidal,9,8,homimidic,9,
homicide,8,7,homocade,7,
homogeneous,11,10,homopetuous,10,
homogenize,10,9,horogecive,9,
homosexual,10,11,homosimual,11,
hone,4,3,homs,4,
honest,6,5,hanert,5,
honesty,7,6,honisry,6,
honey,5,4,hanen,5,
honeydew,8,7,honoydaw,6,
honeymoon,9,7,honoypoon,7,
honor,5,4,honier,5,
honorable,9,8,honocably,8,
honorarily,10,9,honoranomy,9,
honorary,8,7,honamofy,7,
hood,4,3,hoon,3,
hook,4,3,heek,3,
hookup,6,5,hoakip,5,
hoop,4,3,hoong,3,
hop,3,3,hoyth,3,
hope,4,3,hoge,3,
hopscotch,9,7,hodscatch,7,
horizon,7,7,horozin,7,
horizontal,10,9,horitoncal,10,
hormonal,8,7,hormunil,8,
hormone,7,6,hurmosh,6,
horn,4,4,hurn,4,
hornet,6,6,hurpet,6,
horoscope,9,8,horascape,8,
horrendous,10,8,horrinpous,8,
horrible,8,7,horromle,7,
horrid,6,5,honnid,5,
horrify,7,6,horroty,6,
horror,6,5,hoffor,5,
horse,5,4,horms,5,
horseshoe,9,6,hersesloe,6,
horsewhip,9,8,hersewhap,7,
horticulture,12,11,hortimultude,11,
hose,4,3,zoze,3,
hospitable,10,10,hosnitubly,10,
hospital,8,7,hostipal,8,
hospitality,11,11,hospiralomy,11,
hospitalization,15,14,hospitilazirion,15,
hospitalize,11,10,hospatelive,10,
host,4,4,hust,4,
hostage,7,6,hustays,6,
hostel,6,5,hispel,6,
hostess,7,6,huffase,5,
hostility,9,9,hostinimy,9,
hot,3,3,zot,3,
hotel,5,5,herel,5,
hotheaded,9,8,hothoaded,8,
hotshot,7,5,holdrot,7,
hound,5,4,hourt,4,
hour,4,3,ower,3,
house,5,3,houch,3,
houseboat,9,6,heaseboot,6,
housecoat,9,6,heasecoot,6,
housefly,8,6,heaseflu,6,
household,9,7,heaseheld,7,
houseless,9,6,hooshness,6,
houses,6,5,heases,5,
housewife,9,6,hooshwine,6,
housework,9,7,hooshworm,7,
housing,7,5,heasind,6,
howl,4,3,hoid,3,
hub,3,3,hudge,3,
huckleberry,11,9,huckdeverny,10,
huddle,6,4,hummle,5,
hug,3,3,hig,3,
huge,4,4,hube,4,
hulk,4,4,hulsh,4,
hull,4,3,huck,3,
hum,3,3,huv,3,
human,5,6,hylin,5,
humane,6,6,hymape,5,
humanism,8,10,huganise,8,
humanistic,10,11,huminastal,11,
humanitarian,12,13,humanotavial,13,
humanity,8,9,humalipy,9,
humanization,12,12,humanoralion,13,
humanize,8,8,huminaze,8,
humble,6,6,himple,6,
humid,5,6,hymod,5,
humidify,8,9,humitiry,9,
humidity,8,9,humitidy,9,
humidly,7,8,humodry,8,
humiliate,9,9,huminiaze,9,
hummingbird,11,9,hummangtird,9,
humor,5,6,hemar,5,
humorist,8,9,humarion,9,
humorless,9,9,humarness,9,
hump,4,4,hoomp,4,
hunch,5,4,honch,4,
hundred,7,7,hinbrad,7,
hung,4,3,houng,3,
Hungarian,9,9,Hungapion,9,
hunger,6,6,hingar,6,
hunk,4,4,hink,4,
hunt,4,4,hune,4,
hunter,6,6,hanten,6,
huntress,8,7,hintruss,7,
hurdle,6,5,hungle,6,
hurl,4,4,horl,4,
hurrah,6,4,hummah,4,
hurricane,9,7,hurrocale,7,
hurry,5,4,huzzy,4,
hurt,4,4,hurk,4,
husband,7,7,hunbind,7,
hush,4,3,hoosh,3,
husky,5,5,hasky,5,
hustle,6,5,histen,6,
hut,3,3,hus,3,
hybrid,6,6,hubrad,6,
hydrant,7,7,hudrane,7,
hydrate,7,6,hudrake,6,
hydraulic,9,8,hydrainic,8,
hydrocarbon,11,11,hydrabarcon,11,
hydrogen,8,8,hydragin,8,
hydroplane,10,9,hydraplace,9,
hydroxide,9,9,hydraxade,8,
hyena,5,5,hyoni,5,
hygiene,7,5,hugrene,6,
hygienic,8,7,hyriemid,7,
hygienist,9,8,hygainise,7,
hyperbole,9,9,hypetrola,9,
hypercritical,13,13,hypercrotoral,12,
hyphen,6,5,huphin,5,
hyphenate,9,7,hyphinase,7,
hypnosis,8,8,hypnusos,8,
hypnotic,8,8,hypnutin,8,
hypnotism,9,10,hypnatics,9,
hypnotist,9,9,hypnulist,9,
hypnotize,9,8,hypnutaze,8,
hypocrisy,9,9,hypornity,9,
hypocrite,9,8,hypucrate,8,
hypocritical,12,12,hypocrotomal,12,
hypodermic,10,10,hymodestic,10,
hypotenuse,10,9,hypodecide,9,
hypothesis,10,9,hyprocenis,10,
hypothesize,11,9,hyprocesive,10,
hypothetical,12,11,hypothitemal,11,
hysteria,8,8,hysmetia,7,
ice,3,2,oup,2,
icebreaker,10,8,icefreaker,8,
icehouse,8,5,idehease,5,
iceman,6,5,idemen,6,
icy,3,3,ico,3,
idea,4,4,imeo,4,
ideal,5,5,iduel,5,
idealism,8,9,idoatish,7,
idealistic,10,10,idualintor,10,
idealization,12,11,ideolamalion,12,
idealize,8,7,idiolaze,7,
ideally,7,6,idoarry,6,
identical,9,9,idestonal,9,
identification,14,13,idenfiticorion,14,
identify,8,8,idestany,8,
ideology,8,8,idealory,8,
idiot,5,5,idoel,5,
idiotic,7,7,idiatel,7,
idle,4,3,izle,4,
idolize,7,5,idulaze,6,
ignite,6,5,ingite,5,
ignition,8,7,ignotive,7,
ignorance,9,8,ignidance,8,
ignorant,8,8,ignimant,8,
ignore,6,5,ingore,5,
iguana,6,6,iruano,6,
ill,3,2,zith,3,
illegal,7,7,illogul,6,
illegality,10,10,illegolimy,9,
illegally,9,7,illogarny,8,
illegibility,12,12,illegobalory,11,
illegible,9,9,ilsegibly,8,
illegibly,9,9,illogible,8,
illegitimate,12,10,illegatomale,10,
illicit,7,7,illucin,6,
illiterate,10,9,illinaraze,8,
illogical,9,9,illegital,8,
illuminate,10,8,illodimate,8,
illusion,8,6,illasive,6,
illustrate,10,8,illistrale,8,
illustration,12,10,ilrasprative,11,
illustrative,12,10,illistrotive,10,
illustrious,11,9,illisprious,9,
image,5,4,inase,4,
imaginable,10,10,imagobarle,10,
imaginary,9,9,imagomary,9,
imagination,11,10,imagomalion,11,
imaginative,11,10,imagomarive,10,
imagine,7,6,imogane,6,
imbalance,9,8,imbanades,8,
imitate,7,6,imotale,6,
imitation,9,8,imodalion,9,
imitative,9,8,imilatist,9,
immaculate,10,9,immatucate,9,
immature,8,6,immotude,7,
immaturity,10,9,immatoniry,9,
immeasurable,12,11,immeasorople,10,
immediacy,9,8,immociary,8,
immediate,9,7,immoriase,7,
immense,7,5,innense,5,
immerse,7,5,innerse,5,
immigrant,9,8,immograne,7,
immigrate,9,7,immograle,7,
immigration,11,9,immagrutive,9,
immobile,8,7,immabale,6,
immobility,10,10,immobolamy,9,
immobilize,10,9,impodinize,9,
immodest,8,8,immulast,8,
immoral,7,7,immarol,6,
immorality,10,9,immorolafy,9,
immortal,8,7,immarten,7,
immortality,11,11,immortolory,10,
immortalize,11,9,imporcalist,11,
immovable,9,9,immoranle,8,
immovably,9,9,immorable,8,
immune,6,5,illune,5,
immunity,8,8,imturily,9,
immunization,12,11,immunomarion,12,
immunize,8,7,immonaze,6,
impact,6,6,inpoft,6,
impacted,8,8,impicted,8,
impair,6,5,inpaid,5,
impart,6,6,inpert,6,
impartial,9,8,impurtian,9,
impartiality,12,12,imparmiolury,11,
impartially,11,9,impercialmy,11,
impassable,10,9,imsessably,9,
impatience,10,8,impalieves,8,
impatient,9,8,imporient,9,
impeach,7,5,inperch,6,
impeccable,10,9,imperragle,9,
impediment,10,10,impatimize,9,
impending,9,8,impinling,8,
impenetrability,15,15,impenestanality,15,
impenetrably,12,12,impenotrufly,12,
imperative,10,9,imderatoid,9,
imperfect,9,9,impennuct,8,
imperfection,12,11,ibberfictive,10,
imperial,8,8,impomial,8,
imperialistic,13,13,imperoanustin,14,
imperishable,12,11,imgerishotle,11,
impermeable,11,11,impardeably,10,
impersonal,10,10,imfertenal,10,
impersonate,11,10,imparbonaze,10,
impersonation,13,12,impersinarion,13,
impersonator,12,11,imporsoralor,12,
impertinent,11,10,imserritent,10,
implant,7,7,inplane,6,
implement,9,9,implogint,9,
implicate,9,8,implocale,8,
implication,11,10,imcrilative,10,
implore,7,6,inploom,6,
imply,5,5,inplo,5,
impolite,8,7,impulate,8,
import,6,6,inpore,5,
importance,10,8,impurdance,9,
important,9,8,impurmant,9,
importation,11,10,imtorcative,10,
impose,6,5,inpuse,5,
imposition,10,9,impuditive,10,
impossibility,13,12,impossobalory,12,
impossible,10,9,impoffimle,9,
impossibly,10,9,imperrible,9,
imposter,8,8,impister,8,
impotent,8,7,impatint,8,
impound,7,6,inpouch,5,
impracticable,13,13,impractomaple,13,
impractical,11,11,improctinal,11,
impregnable,11,11,impracnutle,11,
impregnate,10,9,imprognale,9,
impregnation,12,11,imprignorion,12,
impress,7,6,inpriss,6,
impression,10,8,imprellion,9,
impressionistic,15,13,impressiolastin,14,
impressive,10,8,imprellive,8,
imprint,7,7,inprunt,7,
imprison,8,8,improsin,8,
improbability,13,13,improbobalory,13,
improbable,10,10,improcanle,10,
improbably,10,10,improcable,10,
impromptu,9,10,imprimpto,9,
improper,8,8,impraper,8,
improve,7,6,inprime,6,
improvise,9,8,imprevase,8,
improvisor,10,9,imprevalor,10,
impudent,8,9,impodint,8,
impulse,7,6,inpoosh,5,
impulsion,9,8,impilrion,9,
impulsive,9,8,impilsave,8,
impure,6,6,inbure,6,
inability,9,9,inabolamy,9,
inaccessible,12,11,inaccissomle,11,
inaction,8,7,inabcoon,7,
inactivate,10,9,inartudate,9,
inactivation,12,11,inactoralion,12,
inadequate,10,9,inametress,9,
inanimate,9,8,inalicate,8,
inappreciable,13,12,inappromiotle,12,
inattention,11,9,inartertive,10,
inaudible,9,8,inardople,9,
inaugural,9,9,inabtumal,9,
inaugurate,10,9,inargimate,9,
inborn,6,6,imbork,6,
inbound,7,6,imblunt,7,
incalculable,12,13,incalcotaple,12,
incapability,12,12,incabapalary,12,
incapable,9,9,inciponle,9,
incapacity,10,10,incapicory,10,
incarcerate,11,10,incorterase,10,
incarnate,9,8,incurnale,8,
incarnation,11,10,insarnitive,10,
incense,7,6,imcanse,6,
incentive,9,8,incertave,8,
incest,6,6,immest,6,
inch,4,3,onch,3,
incidence,9,8,incodance,8,
incidental,10,9,infibandal,10,
incinerate,10,9,incirelade,9,
incision,8,7,incorion,8,
incisive,8,7,incosave,7,
incisor,7,7,incopor,7,
inclination,11,10,inchisative,9,
incline,7,6,imclite,6,
include,7,6,imcrude,6,
inclusion,9,8,inclorion,9,
incognito,9,9,incomtiro,9,
incoherent,10,10,inciderest,10,
income,6,5,imcone,5,
incoming,8,7,incaming,7,
incommunicable,14,14,incommoripamle,13,
incomparable,12,12,incompiromle,12,
incompatibility,15,15,incompatorilaty,15,
incompatible,12,12,incompitomle,12,
incompetent,11,11,inconpadent,11,
incomplete,10,9,incampleve,9,
incomprehensible,16,16,incomprohinsamle,16,
incompressible,14,13,incomprissotle,13,
incongruity,11,11,incortruiny,11,
inconsiderable,14,14,inconsadeniple,14,
inconsiderate,13,12,inconsadenase,12,
inconsolable,12,12,inconsilomle,12,
inconspicuous,13,13,incorspicuian,13,
inconstant,10,10,incanstint,10,
inconvenience,13,12,incortenioned,12,
incorporate,11,10,incompudate,11,
incorporation,13,12,incorpurolion,13,
incorrect,9,8,incobbect,8,
incorruptibility,16,15,incorruptanilaty,15,
incorruptibly,13,12,incorriptofly,12,
increase,8,6,imclease,6,
incredibility,13,13,incredobalory,13,
incredible,10,10,incratigle,10,
incredibly,10,10,incratigly,10,
incriminate,11,10,incritilate,10,
incubate,8,8,incobale,7,
incubation,10,10,incabitive,9,
incubator,9,10,incabinor,9,
incurability,12,13,incurobalory,13,
incurable,9,10,incoranle,9,
indebted,8,7,indibten,8,
indecent,8,8,indicert,8,
indecision,10,9,indurinium,10,
indecisive,10,9,indulision,9,
indeed,6,5,imdead,5,
indefinite,10,9,inderisite,9,
indent,6,6,imdint,6,
indentation,11,10,indertutive,10,
indention,9,8,induntive,8,
independence,12,11,indelentents,12,
independent,11,11,indupracant,11,
indescribable,13,13,indescrubomle,13,
indestructibility,17,17,indestructobinity,17,
indestructible,14,14,indestrictomle,14,
index,5,6,imder,5,
Indian,6,6,imciad,6,
indicate,8,7,indocale,7,
indicative,10,9,indisatize,9,
indicator,9,9,inciratel,9,
indict,6,5,imdise,5,
indifferent,11,10,indizzerent,10,
indigestible,12,12,indigistomle,12,
indignity,9,9,inrignoly,9,
indigo,6,6,indogi,6,
indirect,8,8,inderict,8,
indiscreet,10,9,indoscreel,9,
indispensability,16,16,indespenradility,16,
indispensable,13,13,indispinsomle,13,
indisposition,13,12,indispisorion,13,
indisputable,12,13,indispitomle,12,
indistinct,10,10,indirtaurs,9,
individual,10,10,indovirual,10,
individuality,13,13,individoility,13,
indivisible,11,11,indivasomle,11,
indoor,6,5,imbeer,5,
indoors,7,6,imdeers,6,
induce,6,6,imdace,5,
induction,9,8,indunlion,9,
indulge,7,6,imdulce,6,
indulgence,10,9,indilmence,9,
industrial,10,10,indisprial,10,
industrialization,17,16,induspriolazirion,17,
industrious,11,10,indisprious,10,
industry,8,8,indispry,8,
ineffective,11,9,ineffiction,9,
inefficient,11,9,inefforient,10,
ineligibility,13,13,inelicanality,13,
ineligible,10,10,inelorimle,10,
inequality,10,10,inequilory,10,
inert,5,5,imerd,5,
inescapable,11,11,inescopomle,11,
inevitable,10,10,inevopatle,10,
inexcusable,11,13,inexcutomle,13,
inexhaustible,13,12,inexhaistorle,13,
inexperience,12,12,inetpolieous,10,
inexpert,8,9,inelpegs,8,
inexpressible,13,13,inexprissotle,13,
infamous,8,7,infinous,7,
infamy,6,6,infony,6,
infancy,7,7,infindy,7,
infant,6,6,imfale,5,
infantry,8,8,infinpry,8,
infatuate,9,9,inficuape,9,
infect,6,6,imfert,6,
infection,9,8,inficlion,9,
infectious,10,8,inficpious,9,
infer,5,5,imfar,5,
inference,9,8,infurerce,8,
inferior,8,8,infomior,7,
inferiority,11,11,infepieroly,11,
infertile,9,7,infestale,8,
infest,6,6,imfesh,5,
infidelity,10,10,infidilory,10,
infiltration,12,11,infirstative,11,
infinite,8,7,infunate,7,
infinitive,10,9,infiritide,9,
infinity,8,8,inmilary,8,
infirmary,9,9,infilramy,9,
inflame,7,6,imflave,6,
inflammable,11,10,inflexmiple,12,
inflammation,12,10,inflexmitive,12,
inflammatory,12,11,inflammoroty,11,
inflate,7,6,imflare,6,
inflation,9,8,influtive,8,
inflection,10,9,inflicmive,9,
inflexibility,13,14,inflexobalory,14,
inflexible,10,11,inflaciple,10,
inflexibly,10,11,inflacitry,10,
inflict,7,7,imfrict,7,
influence,9,8,inflyenes,8,
influential,11,10,intruenrial,11,
influenza,9,10,intruenta,9,
inform,6,6,imfoam,5,
informal,8,8,infurman,8,
informality,11,11,informolary,11,
informally,10,9,infirnalry,10,
information,11,10,infatmitive,10,
informative,11,10,inflamatize,10,
informed,8,7,imfirmed,7,
infraction,10,9,infrictive,9,
infrequent,10,10,infraquine,9,
infringe,8,7,imfridge,6,
infuriate,9,9,inmugiate,9,
ingenious,9,8,ingepious,8,
ingenuous,9,9,ingepuous,9,
ingest,6,6,imrert,6,
ingratitude,11,11,ingritatune,11,
ingredient,10,10,ingrofient,10,
ingrown,7,6,imglown,6,
inhabit,7,7,inhibot,7,
inhabitant,10,9,inhilotast,10,
inhalation,10,9,inhidative,9,
inhale,6,5,imhole,5,
inhaler,7,7,inholen,7,
inherent,8,8,inhorint,8,
inherit,7,7,inhorid,7,
inhibit,7,7,inhobit,7,
inhibition,10,9,inhobative,9,
inhuman,7,8,inhymin,7,
inhumane,8,8,inhymape,7,
initial,7,6,inorial,7,
initiate,8,7,inituase,8,
initiative,10,9,inituation,9,
inject,6,6,imjesh,5,
injunction,10,9,injomptive,9,
injure,6,5,imjore,5,
injury,6,6,injimy,6,
injustice,9,8,injostive,8,
ink,3,3,oonk,3,
inland,6,6,imlane,5,
inmate,6,5,imnate,5,
inn,3,2,ing,2,
innate,6,4,ibbate,4,
inner,5,4,iffer,4,
innermost,9,8,innormist,8,
innings,7,5,izzings,5,
innkeeper,9,7,innmeeper,7,
innocence,9,7,innudence,8,
innovate,8,6,innuvale,7,
innumerable,11,11,innumorotle,11,
inoculate,9,9,inacurent,10,
inopportune,11,10,inottorlude,9,
inpatient,9,8,inpotaint,8,
input,5,5,impit,5,
inquire,7,6,imquiet,7,
inquiry,7,7,inquiny,7,
inquisition,11,10,inchisutive,9,
inquisitive,11,10,inquilitize,10,
insane,6,5,imsine,5,
insanity,8,8,insarily,8,
insatiable,10,9,insopiatle,10,
insect,6,6,imsoth,5,
insecticide,11,10,insintocise,10,
insecure,8,8,insocune,8,
insensibility,13,13,insensobalory,13,
insensible,10,10,insecriple,10,
insensibly,10,10,insecrible,10,
inseparability,14,14,insepapetality,13,
inseparable,11,11,insepotaple,11,
inseparably,11,11,inseporifly,11,
insert,6,6,imseet,5,
insertion,9,8,insorlion,9,
inside,6,5,imsode,5,
insight,7,5,imsooth,5,
insincere,9,8,insancede,8,
insinuate,9,9,insetuade,9,
insinuation,11,11,insinoilion,11,
insist,6,6,imsoost,6,
insoluble,9,10,inpolunle,10,
insolvable,10,10,insilvamle,10,
insomnia,8,8,insimnoa,8,
inspect,7,7,imspict,7,
inspiration,11,10,inscidative,9,
inspire,7,7,imslice,6,
instability,11,11,instabolamy,11,
installation,12,10,inglortative,11,
installment,11,10,instilmint,10,
instance,8,7,imslance,7,
instant,7,7,imstart,7,
instantaneous,13,12,increstireoid,12,
instantly,9,9,instointry,9,
instate,7,6,imstite,6,
instep,6,6,imstem,6,
instigate,9,8,instogale,8,
instinct,8,8,imstrave,7,
instinctive,11,10,instonctave,10,
institute,9,9,instotate,8,
institution,11,11,inserlutive,10,
instruct,8,8,imtrame,6,
instruction,11,10,instriclion,11,
instructive,11,10,instriclive,10,
instrument,10,10,instrorent,10,
instrumental,12,11,instraganrel,12,
instrumentality,15,15,instruminralony,15,
instrumentation,15,14,instruminlarion,15,
insubordinate,13,12,insubardonale,12,
insubstantial,13,12,insumtrancial,13,
insufferable,12,11,insuffenotle,11,
insufficient,12,10,insabbinient,11,
insulate,8,7,insorate,7,
insulation,10,9,insilutive,9,
insulator,9,9,insilumor,9,
insulin,7,7,insomin,7,
insult,6,6,imsoot,5,
insupportable,13,12,insuppartomle,12,
insurance,9,8,insorarce,8,
insurmountable,14,13,insurmaintople,13,
intact,6,6,imtoot,5,
intake,6,5,imtoke,5,
intangible,10,10,intarnibly,10,
integer,7,7,intomer,7,
integrate,9,8,intograle,8,
integration,11,10,intogretive,10,
integrity,9,9,intitrady,9,
intellect,9,7,intemmect,8,
intellectual,12,11,interrecdual,11,
intelligence,12,10,integrimance,11,
intelligent,11,10,intirgiment,11,
intelligible,12,11,intellogotle,11,
intend,6,6,imtund,6,
intense,7,6,imtelse,6,
intensify,9,9,intirgicy,9,
intensity,9,9,intersamy,9,
intensive,9,8,intonsave,8,
intent,6,6,imtesh,5,
intention,9,8,intonlion,9,
intentional,11,10,intirsionar,11,
inter,5,5,imtor,5,
interaction,11,10,intelartive,10,
interbreed,10,9,intorgread,9,
intercept,9,9,intorcipt,9,
interchange,11,9,intorparge,9,
intercom,8,8,intorcim,8,
intercourse,11,9,intormourse,9,
interdepartmental,17,16,interdopertminral,16,
interdependent,14,14,interretendent,13,
interest,8,8,intogist,8,
interesting,11,10,intorustive,10,
interfere,9,8,intormere,8,
interior,8,8,intomion,8,
interlink,9,9,intorlank,9,
interlock,9,8,intorlick,8,
intermarriage,13,10,intermaffiage,10,
intermediate,12,11,intormaduant,13,
intermingle,11,11,intormittle,10,
intermission,12,10,indermarsive,11,
intermittent,12,10,indermislent,11,
intern,6,6,imtorn,6,
internal,8,7,intormal,8,
international,13,12,insertacienal,12,
interplay,9,8,intorproy,8,
interpret,9,9,intorprut,9,
interpretation,14,13,interproralion,14,
interrogate,11,9,inserlonate,10,
interrupt,9,8,intorript,8,
intersect,9,9,intorsict,9,
interstate,10,9,intorstale,9,
intertwine,10,9,intortwane,9,
interval,8,8,intorvan,8,
intervene,9,8,intorgane,8,
interview,9,8,intorpiew,8,
interweave,10,8,intorweaze,8,
intestine,9,8,intistane,8,
intimacy,8,8,incimudy,8,
intimate,8,7,intomale,7,
intimidate,10,9,intidinaze,9,
intolerable,11,11,intolaromle,11,
intolerant,10,10,interelast,10,
intoxicant,10,11,intorinast,9,
intoxicate,10,10,intacimate,9,
intravenous,11,10,introvalous,10,
intrigue,8,6,imtrosse,6,
introduce,9,9,intrulace,8,
introductory,12,12,introdictumy,12,
introvert,9,9,intrumert,9,
intrude,7,6,imtrode,6,
intuition,9,9,intoirive,8,
invade,6,5,imvode,5,
invalid,7,7,involin,7,
invalidate,10,9,inralimate,9,
invaluable,10,11,invaruiple,10,
invariable,10,10,inmalianle,10,
invasion,8,7,invorion,8,
invent,6,6,imrent,6,
invention,9,8,invinrion,9,
inventive,9,8,invintave,8,
inventory,9,9,inmentady,9,
inverse,7,6,imvorse,6,
invert,6,6,imvern,6,
invertebrate,12,11,infertidrate,11,
invest,6,6,imvelt,6,
investigate,11,10,invertulate,11,
investment,10,10,invistrent,10,
invincibility,13,13,invincobalory,13,
invincible,10,10,invistiple,10,
invincibly,10,10,invisgibly,10,
invisibility,12,12,invisobalory,12,
invisible,9,9,inveriple,9,
invisibly,9,9,inverigly,9,
invitation,10,9,invatutive,10,
invite,6,5,imvote,5,
inviting,8,7,invotint,8,
invoice,7,5,imboice,5,
invoke,6,5,imvake,5,
involuntarily,13,13,involinmarony,13,
involuntary,11,11,involinmary,11,
involve,7,6,imvulve,6,
invulnerability,15,15,invulneromality,15,
invulnerable,12,12,invulmerotle,12,
invulnerably,12,12,invulmerotly,12,
inwardly,8,8,inmardly,8,
inwards,7,7,imwands,7,
iodide,6,5,iodike,5,
iodine,6,5,iozide,5,
irate,5,4,irake,4,
iris,4,4,iros,4,
Irish,5,4,Irosh,4,
irk,3,3,zirk,4,
iron,4,4,imin,4,
ironic,6,6,imonid,6,
ironware,8,7,irodwave,7,
irony,5,5,imory,5,
irrational,10,9,irrotoonal,8,
irreconcilable,14,14,irrecinpilomle,13,
irredeemable,12,11,irredoomiple,10,
irrefutable,11,11,irrefopable,10,
irregular,9,9,irrelunar,8,
irregularity,12,12,irregoleropy,11,
irregularly,11,12,irregolanpy,10,
irrelevant,10,9,irrepedant,9,
irremediable,12,12,irreledoable,11,
irremovable,11,11,irremavople,10,
irreplaceable,13,12,irrepluceomle,11,
irrepressible,13,12,irreprissotle,11,
irresistible,12,12,irresastomle,11,
irresolution,12,11,inresularion,13,
irresponsible,13,13,irrespinsotle,12,
irreversible,12,12,irrevorsotle,11,
irrigate,8,6,irrogale,6,
irrigation,10,8,irrugotive,8,
irritability,12,11,irritobalory,11,
irritable,9,8,inrocaple,9,
irritably,9,8,irrotumle,9,
irritant,8,7,irropant,7,
irritate,8,6,irrotale,6,
irritation,10,8,irratutive,9,
Islam,5,5,Ipram,5,
Islamic,7,7,Islimid,7,
island,6,5,iplend,6,
isolate,7,6,isulale,7,
isolation,9,8,isilotive,8,
isosceles,9,8,isiscomis,8,
isotope,7,6,isutape,7,
Israeli,7,6,Israilo,6,
Israelite,9,8,Ismaerite,7,
issuance,8,7,issoarce,6,
issue,5,3,immue,4,
Italian,7,7,Itamion,7,
italic,6,6,itamid,6,
itch,4,2,otch,2,
item,4,4,irem,4,
itemize,7,6,itimaze,6,
itinerary,9,9,itinorepy,9,
ivory,5,5,ivamy,5,
ivy,3,3,ivo,3,
jab,3,3,jub,3,
jabber,6,5,jadder,5,
jack,4,3,jowk,3,
jacket,6,5,jicker,5,
jackknife,9,6,jickknoff,6,
jade,4,3,jode,3,
jagged,6,5,jaffed,5,
jaguar,6,6,janual,6,
jail,4,3,jark,4,
jailor,6,5,jainor,5,
jam,3,3,jom,3,
janitor,7,7,janotar,7,
January,7,9,janoafy,7,
Japanese,8,7,Japonase,7,
jar,3,3,jang,3,
jasmine,7,6,jalmane,6,
javelin,7,7,jivelan,7,
jaw,3,2,jow,2,
jaywalk,7,5,jalwark,8,
jazz,4,3,janx,5,
jealous,7,5,jeanoos,5,
jealousy,8,6,jealoumy,6,
jeans,5,4,jeads,4,
jeep,4,3,jeed,3,
jelly,5,4,jemmy,4,
jeopardy,8,7,jeopormy,7,
jerk,4,4,jern,4,
jersey,6,5,jensay,5,
jest,4,4,jerf,4,
jet,3,3,jit,3,
Jew,3,2,jef,3,
jewel,5,4,jifel,5,
jiffy,5,4,jiddy,4,
jiggle,6,5,jimmle,5,
jigsaw,6,5,jimsay,5,
jingle,6,6,jangot,6,
jinx,4,5,jivs,4,
jitterbug,9,8,jittarbig,8,
jitters,7,6,jimmers,6,
job,3,3,jol,3,
jobholder,9,9,jobhilden,9,
jobless,7,6,jarness,6,
jockey,6,4,jookey,4,
jog,3,3,jop,3,
join,4,3,joil,3,
joint,5,4,joits,4,
joke,4,3,jome,3,
jolly,5,4,jorry,4,
josh,4,3,jong,3,
jot,3,3,jod,3,
journal,7,5,jearmal,6,
journalism,10,9,jourbalize,8,
journalistic,12,10,jourmalintis,11,
journey,7,5,jearmey,5,
joy,3,2,jof,3,
joyous,6,4,juxous,6,
jubilant,8,8,juborant,8,
jubilation,10,9,jurinative,9,
jubilee,7,6,jubomee,6,
Judaism,7,8,jucaize,6,
judge,5,3,jidge,3,
judgment,8,7,jarcemint,8,
judicial,8,7,judocian,8,
judiciary,9,9,judiceany,9,
judicious,9,7,judopious,8,
judo,4,4,jidu,4,
jug,3,3,juh,2,
juggle,6,5,jaggle,5,
juggler,7,7,jubbler,6,
juice,5,3,juild,4,
juicy,5,4,jouby,4,
jukebox,7,7,jokebux,7,
July,4,4,Jopy,4,
jumble,6,6,jamfle,6,
jumbo,5,5,jamba,5,
jump,4,4,jimp,4,
junction,8,7,jomptive,7,
June,4,3,jure,4,
jungle,6,6,jendle,6,
junior,6,6,janour,5,
junk,4,4,jung,3,
Junker,6,6,jinfer,6,
jurisdiction,12,11,jurasdoctive,11,
jurist,6,6,jasist,6,
juror,5,5,jarur,5,
jury,4,4,jumy,4,
just,4,4,jush,3,
justice,7,6,jostive,6,
justification,13,12,justiforalion,13,
justify,7,7,justory,7,
juvenile,8,6,juvogale,7,
kaleidoscopic,13,12,kaleiroscapin,12,
kangaroo,8,7,kangoree,7,
karate,6,6,karota,6,
karma,5,5,kanba,5,
keen,4,3,keem,3,
keep,4,3,keeg,3,
keg,3,3,ker,3,
kennel,6,4,keggel,5,
kept,4,4,kelf,4,
kerosine,8,7,kerusane,7,
kettle,6,4,kemble,6,
key,3,2,kex,4,
keyboard,8,6,koybeard,6,
kick,4,3,keck,3,
kickback,8,6,kinktaps,8,
kid,3,3,ked,3,
kidney,6,5,kindey,5,
kill,4,3,kell,3,
killer,6,5,kiffer,5,
killing,7,5,kimming,5,
kilo,4,4,kulo,4,
kilometer,9,9,kilomutal,10,
kilowatt,8,7,kilawart,8,
kilt,4,4,kift,4,
kimono,6,6,kimana,6,
kin,3,3,kim,3,
kind,4,4,kint,4,
kindergarten,12,11,kindelnarton,12,
kindhearted,11,10,kindhearped,10,
kindle,6,5,kontle,6,
kindly,6,6,koskly,6,
kindness,8,7,kernless,7,
kinetic,7,7,kinotin,7,
kinfolk,7,6,kanfank,7,
king,4,3,kide,3,
kinsfolk,8,7,kansfork,8,
kinship,7,6,kanswip,7,
kiss,4,3,kice,3,
kit,3,3,kig,3,
kitchen,7,5,kutcher,5,
kitchenette,11,7,kitchepotte,7,
kitchenware,11,8,kitchinwore,8,
kite,4,3,kive,3,
kitten,6,4,kirren,5,
kitty,5,4,kirry,4,
kiwi,4,4,kowo,4,
kleptomania,11,11,kelplomutia,11,
knack,5,3,knars,4,
knapsack,8,6,knipsand,7,
knee,4,2,knoo,2,
kneel,5,3,kneek,3,
kneeled,7,4,kneeved,4,
knelt,5,4,kneft,4,
knickers,8,6,knackens,6,
knicknack,9,6,knocknick,6,
knife,5,3,knisp,4,
knight,6,3,knims,4,
knit,4,3,knoft,4,
knives,6,4,knooth,3,
knob,4,3,knoith,3,
knock,5,3,knons,4,
knockout,8,5,knickoot,5,
knot,4,3,knoit,3,
know,4,2,knoif,3,
knowable,8,6,knowabro,6,
knowledge,9,5,knouladge,5,
known,5,3,knorn,4,
knuckle,7,5,knockly,5,
Korean,6,6,Koruen,6,
lab,3,3,lub,3,
label,5,5,lebal,5,
labor,5,5,logour,5,
laboratory,10,9,laborimogy,10,
labyrinth,9,8,laburanth,8,
lace,4,3,lape,3,
laceration,10,9,lacetative,9,
lack,4,3,leldge,4,
lacy,4,4,lamy,4,
lad,3,3,lud,3,
ladder,6,5,labber,5,
ladle,5,4,leble,5,
lady,4,4,leby,4,
ladylike,8,7,lafylake,7,
lag,3,3,zig,3,
lagoon,6,5,logeen,5,
laid,4,3,zaid,3,
lain,4,3,lart,4,
lake,4,3,lage,3,
lamb,4,3,zam,3,
lambskin,8,7,limbskan,7,
lame,4,3,larn,4,
lament,6,6,lemint,6,
lamination,10,9,lamoralion,10,
lamp,4,4,lalt,4,
land,4,4,lanth,4,
landed,6,6,lirted,6,
landfall,8,7,lanefell,6,
landholder,10,10,landmolder,10,
landing,7,6,loshing,5,
landmark,8,8,lanemurk,7,
landowner,9,8,landawnen,8,
landscape,9,8,lanescate,7,
language,8,7,lamgoise,6,
lanky,5,5,lonky,5,
lantern,7,7,lintelf,7,
lap,3,3,loup,3,
lapse,5,4,lalse,4,
lard,4,4,liem,4,
large,5,4,larse,4,
laryngitis,10,10,larympitic,10,
larynx,6,7,lanyer,5,
lash,4,3,lale,3,
lasso,5,4,lammo,4,
last,4,4,loist,4,
latch,5,3,zatch,3,
late,4,3,laeng,3,
later,5,5,luten,5,
lateral,7,7,latoran,7,
lather,6,5,luthen,5,
Latin,5,4,Lugid,5,
latitude,8,8,latotade,7,
latter,6,5,lutter,5,
laugh,5,3,loif,3,
launch,6,4,loonch,4,
lava,4,4,lovo,4,
lavender,8,8,lavenmer,8,
lavish,6,5,levist,6,
law,3,2,lar,3,
lawn,4,3,leon,4,
lawsuit,7,5,laysoat,5,
lawyer,6,4,laywer,5,
lax,3,4,lang,3,
laxative,8,8,laxotave,8,
lay,3,2,loy,2,
layman,6,5,lanmen,6,
layoff,6,4,lanoff,5,
lazy,4,4,lozy,4,
leach,5,3,loich,3,
lead,4,3,lood,3,
leader,6,5,leazer,5,
leaf,4,3,loof,3,
leafless,8,6,loakness,6,
leaflet,7,6,loomler,6,
league,6,3,learth,4,
leak,4,3,loge,3,
leakage,7,5,loakase,5,
lean,4,3,lerp,4,
leap,4,3,leat,3,
leapfrog,8,7,lapefrag,7,
leaping,7,5,leaming,5,
learn,5,4,leald,4,
learned,7,6,leathed,4,
learning,8,6,learting,6,
lease,5,3,lealt,4,
leash,5,3,leals,5,
leather,7,5,loothar,5,
leave,5,3,leart,4,
leaves,6,4,zeaves,4,
lecture,7,6,luctore,6,
led,3,3,ler,3,
ledge,5,3,zedge,3,
ledger,6,5,loodgen,5,
leeway,6,4,loowam,5,
left,4,4,luft,4,
leftover,8,8,leftaven,8,
leg,3,3,loig,3,
legacy,6,6,legory,6,
legal,5,5,logul,5,
legalism,8,9,legeline,7,
legalistic,10,10,legolustin,10,
legality,8,8,legraidy,8,
legalize,8,7,legolaze,7,
legend,6,6,leyesh,4,
legendary,9,9,legertany,9,
legged,6,5,lebbed,5,
legibility,10,10,legibolamy,10,
legible,7,7,legotle,7,
legibly,7,7,legoply,7,
legislate,9,8,legoslake,8,
legislation,11,10,leginlotive,10,
legislative,11,10,legilcatize,10,
legitimate,10,9,lemitidate,10,
leisure,7,5,liesore,5,
lemon,5,5,limin,5,
lemonade,8,7,leminase,7,
lend,4,4,lund,4,
length,6,5,leorge,5,
lengthen,8,7,launchew,6,
lengthwise,10,8,launchwine,7,
lenient,7,7,lerient,7,
lens,4,4,lorns,5,
lent,4,4,lunt,4,
leopard,7,6,lerpack,6,
leotards,8,8,leatopes,7,
leper,5,5,lapen,5,
lesbian,7,7,lesdien,7,
less,4,3,leow,3,
lessen,6,5,leffen,5,
let,3,3,lut,3,
letdown,7,6,lemdone,6,
lethal,6,5,lathel,5,
letter,6,5,leffer,5,
lettuce,7,5,lezzuce,5,
level,5,5,lovel,5,
levelheaded,11,10,levilheaten,10,
lever,5,5,lewer,6,
levitate,8,7,levotale,7,
liability,9,9,liamiliry,9,
liable,6,6,liople,6,
liar,4,4,loen,4,
libel,5,5,lodel,5,
liberal,7,7,liboral,7,
liberalism,10,11,liborilasm,11,
liberalize,10,9,liberilics,10,
liberally,9,8,liberadry,9,
liberate,8,7,liborase,7,
liberation,10,9,libamalive,9,
liberator,9,9,libaranor,9,
liberty,7,7,libormy,7,
librarian,9,9,libramion,9,
library,7,6,libromy,7,
Libyan,6,6,libyad,6,
lice,4,3,lieth,4,
licensee,8,7,licinree,7,
lick,4,3,loip,3,
licorice,8,7,licupace,7,
lid,3,3,zood,3,
lie,3,2,lau,2,
lied,4,3,liel,3,
lieutenant,10,8,lieutonash,8,
life,4,3,lilm,4,
lifeboat,8,6,limeroat,6,
lifeless,8,6,lofeness,6,
lifelong,8,6,litelong,6,
lifesaving,10,8,lifesaming,8,
lift,4,4,lyft,4,
ligament,8,8,ligorent,8,
light,5,3,lides,4,
lighten,7,4,lutchen,5,
lighter,7,5,linchen,6,
lighthearted,12,9,lighthorned,9,
lightning,9,6,launtnive,7,
lights,6,4,linged,4,
like,4,3,lipe,3,
likelihood,10,8,likeloheed,8,
likely,6,5,lokety,5,
likeness,8,6,lipeless,6,
liking,6,5,lukine,5,
lily,4,4,luly,4,
limb,4,3,lomb,3,
limber,6,6,lomper,6,
limbless,8,6,limetess,6,
lime,4,3,lume,4,
limestone,9,7,limbstine,7,
limit,5,5,lumip,5,
limitation,10,9,limicative,9,
limited,7,7,limoten,7,
limousine,9,7,limiusane,8,
limp,4,4,loomp,4,
line,4,3,lune,4,
lineage,7,6,laneade,6,
linear,6,6,linoer,6,
linen,5,5,lunen,5,
liner,5,5,lanen,5,
linesman,8,7,livesmen,7,
lineup,6,5,liveap,5,
linger,6,6,loonger,6,
lingerie,8,7,lingorin,8,
linguist,8,8,languise,6,
linguistics,11,11,lingoistins,10,
lining,6,5,luning,5,
link,4,4,lunk,4,
links,5,5,loonks,5,
lint,4,4,lont,4,
lion,4,4,luan,4,
lip,3,3,ling,3,
lipreading,10,8,lipreaking,8,
lips,4,4,lups,4,
lipstick,8,7,libstuck,7,
liquefy,7,7,liqoepy,7,
liquid,6,6,lifood,5,
liquidate,9,8,liqoidale,8,
liquidation,11,10,liqutbative,10,
liquor,6,5,lifour,5,
list,4,4,zigs,4,
listen,6,5,lidren,6,
listless,8,7,lestress,7,
lists,5,5,linds,5,
lit,3,3,lil,3,
literal,7,7,litoran,7,
literary,8,8,litelany,8,
literate,8,7,litorale,7,
literature,10,9,litaratude,10,
litter,6,5,lotter,5,
little,6,4,lottle,5,
livable,7,7,liveabro,7,
live,4,3,libs,4,
livelihood,10,8,liveloheed,8,
livelong,8,6,litelone,6,
lively,6,5,lavely,5,
liven,5,5,laven,5,
liver,5,5,lavor,5,
lives,5,4,zives,4,
livestock,9,7,linestick,7,
living,6,5,libing,5,
lizard,6,6,libard,6,
load,4,3,loat,3,
loaf,4,3,louf,3,
loan,4,3,loang,3,
loath,5,3,loash,3,
loathing,8,5,leathing,5,
loaves,6,4,loast,4,
lob,3,3,lom,3,
lobby,5,4,loggy,4,
lobe,4,3,losk,4,
lobster,7,7,lospler,7,
local,5,5,ludal,5,
locale,6,5,lucase,5,
locality,8,8,lociliry,8,
localization,12,11,localozimion,12,
localize,8,7,loculaze,7,
locate,6,5,lucafe,5,
location,8,7,locutive,7,
locker,6,5,lucker,5,
locket,6,5,lucket,5,
locomotion,10,9,locidotive,9,
lodge,5,3,lonce,4,
lodger,6,5,ludgen,5,
loft,4,4,lork,4,
lofty,5,5,lifty,5,
log,3,3,zog,3,
logarithm,9,9,logarinth,8,
logic,5,5,lugic,5,
loiter,6,5,louten,5,
lollypop,8,7,lollupip,7,
long,4,3,lonks,5,
longer,6,5,lonker,6,
longevity,9,9,lonradimy,9,
longhand,8,7,lonehank,7,
longing,7,5,lonking,6,
longitude,9,9,longotade,8,
longitudinal,12,13,longitorimal,12,
look,4,3,loog,3,
lookout,7,5,leekoot,5,
loom,4,3,loong,3,
looming,7,5,looding,5,
looney,6,4,loodey,4,
loop,4,3,looch,3,
loose,5,3,loove,3,
loosen,6,5,looden,5,
loot,4,3,loosh,3,
lord,4,4,lird,4,
lose,4,3,loze,3,
losing,6,5,loming,5,
loss,4,3,zoss,3,
lost,4,4,losh,3,
lot,3,3,loit,3,
lotion,6,5,lative,5,
lottery,7,6,lotteny,6,
loud,4,3,louch,3,
lounge,6,4,loulds,5,
lousy,5,4,leasy,4,
lovable,7,7,lovabro,7,
love,4,3,lond,4,
loving,6,5,leving,5,
low,3,2,loush,3,
lower,5,4,limen,5,
lowercase,9,7,loworcade,8,
loyal,5,4,lofal,5,
lubricant,9,9,lubrocart,9,
lubrication,11,10,lugritative,10,
lubricator,10,10,lugricatar,10,
luck,4,3,loik,3,
lucky,5,4,lookeve,5,
lucrative,9,8,lucrorive,8,
luggage,7,5,luddage,5,
lukewarm,8,7,lakewarn,7,
lull,4,3,lell,3,
lullaby,7,6,lullopy,6,
lumber,6,6,lamper,6,
luminously,10,9,luridouspy,9,
lump,4,4,luch,3,
lunatic,7,7,lumaric,7,
lunch,5,4,lupes,5,
luncheon,8,6,lenchert,7,
lunchroom,9,7,lenchroam,7,
lung,4,3,lubs,4,
lunge,5,4,lynge,4,
lungs,5,4,luned,5,
lure,4,3,guer,4,
luscious,8,5,loscrous,7,
lush,4,3,luse,4,
lust,4,4,luth,3,
lusty,5,5,lesty,5,
Lutheran,8,7,Luthogan,7,
luxuriant,9,10,luxomiant,10,
luxurious,9,9,luxomious,9,
luxury,6,7,luxomy,7,
lying,5,4,loing,4,
lynch,5,4,lypes,4,
lyric,5,5,lorid,5,
lyrical,7,7,lyromal,7,
macaroni,8,8,macacoli,8,
machete,7,6,machita,6,
machine,7,5,mastone,6,
machinery,9,8,machately,8,
mackerel,8,7,mackoril,7,
mad,3,3,moid,3,
madam,5,5,midum,5,
madame,6,5,midane,5,
madder,6,5,mabber,5,
made,4,3,moge,3,
madhouse,8,6,magbouse,6,
magazine,8,7,magozane,7,
maggot,6,5,mabbot,5,
magic,5,5,maxib,6,
magician,8,7,magocial,8,
magistrate,10,9,magostrale,9,
magnate,7,6,macsate,6,
magnet,6,6,malpet,6,
magnetic,8,8,magnitec,8,
magnetism,9,10,magnerics,9,
magnetization,13,12,magnetolarion,13,
magnetize,9,8,magnutaze,8,
magnification,13,12,magniforalion,13,
magnificent,11,11,magnetilent,11,
magnify,7,7,magnory,7,
magnitude,9,9,magnotade,8,
magnolia,8,8,magniria,8,
maidservant,11,10,maidselfand,10,
mailed,6,4,manged,4,
main,4,3,mape,3,
maintain,8,6,mankbain,7,
maintenance,11,9,maintorance,9,
majestic,8,8,majostin,8,
majesty,7,7,majosry,7,
major,5,5,mijar,5,
majority,8,8,madoricy,8,
make,4,3,mave,3,
malaria,7,7,mapario,7,
male,4,3,mard,4,
malformation,12,11,malfirnative,11,
malfunction,11,10,malfanctive,10,
malice,6,5,masime,5,
malicious,9,7,malopious,8,
malignant,9,9,malogrant,9,
mall,4,3,jank,4,
malnourished,12,9,malpourished,9,
malnutrition,12,12,malnacritive,11,
malt,4,4,moilt,4,
mama,4,4,momo,4,
mammal,6,5,mazzal,5,
mammoth,7,5,massoth,5,
man,3,3,mun,3,
manage,6,5,minade,5,
manageability,13,12,manageobalory,12,
manageable,10,9,maneshaple,9,
management,10,9,manaderent,10,
manager,7,7,manogen,7,
mandarin,8,8,mandoran,8,
mandatory,9,9,mandurogy,10,
maneuver,8,7,maneuler,8,
mangle,6,6,mingly,6,
mango,5,5,mingu,5,
manhandle,9,8,manhintle,9,
manhattan,9,7,manhallen,8,
manhole,7,6,minhale,6,
manhood,7,6,minhead,6,
manhunt,7,7,munhint,7,
mania,5,5,malia,5,
maniac,6,6,manoar,6,
manic,5,5,minuc,5,
manicure,8,8,manocare,7,
manifest,8,8,manofist,8,
manifestation,13,12,manifuslarion,13,
manipulate,10,10,manisurate,10,
manipulation,12,12,manipomarion,12,
mankind,7,7,markand,7,
manlike,7,6,marlipe,6,
manly,5,5,marly,5,
mannequin,9,7,mannoquan,8,
manner,6,5,mawwer,5,
mansion,7,6,marsine,6,
manslaughter,12,9,manslonchper,11,
manual,6,8,manoen,6,
manufacture,11,11,manufictere,10,
manuscript,10,11,manoscrapt,10,
many,4,4,muny,5,
map,3,3,mup,3,
maple,5,5,mible,5,
marathon,8,7,marothin,7,
marble,6,6,merple,6,
march,5,4,malks,5,
margarine,9,8,margulane,8,
margin,6,6,mergan,6,
marigold,8,8,marogald,8,
marijuana,9,9,marijorta,9,
marinate,8,7,maronale,7,
marine,6,5,mopine,5,
mariner,7,7,maromer,7,
marital,7,6,marofal,7,
mark,4,4,marn,4,
markdown,8,7,martdawn,6,
marked,6,5,mooked,4,
market,6,6,manret,6,
marksman,8,8,martsmin,8,
markup,6,6,maldum,6,
marmalade,9,8,marmolake,8,
maroon,6,5,miroot,5,
marriage,8,5,mappiage,6,
marrow,6,4,mabbow,4,
marry,5,4,maggy,4,
marsh,5,4,mersh,4,
marshal,7,6,manshel,6,
marshmallow,11,8,marshmabbow,8,
mart,4,4,mert,4,
Martian,7,6,mantive,6,
martini,7,7,martono,7,
martyr,6,6,mantar,6,
marvel,6,6,murvet,6,
marvelous,9,8,marverrous,8,
mascara,7,7,mascuro,7,
mascot,6,6,malbot,6,
masculine,9,9,mascofane,8,
masculinity,11,12,masculanory,12,
mash,4,3,mang,3,
mask,4,4,malk,4,
masochist,9,8,masuclust,9,
masquerade,10,8,masquarase,9,
mass,4,3,mels,4,
massacre,8,7,massocru,7,
massage,7,5,maddage,5,
massive,7,5,mattive,5,
master,6,6,misfer,6,
masterful,9,9,mastorfal,9,
masterpiece,11,9,mastorpiere,9,
mastery,7,7,mastemy,7,
masturbate,10,9,mastorbale,9,
masturbation,12,11,masteldative,11,
mat,3,3,mot,3,
match,5,3,mamps,5,
matchbook,9,6,meathboke,6,
mate,4,3,mamp,4,
material,8,8,matopial,8,
materialism,11,12,matereanasm,13,
materialistic,13,13,materianastin,14,
materialization,15,14,mateniolazirion,15,
materialize,11,10,matufialist,11,
maternal,8,7,matormal,8,
maternity,9,9,maperlidy,9,
math,4,3,maft,4,
mathematician,13,11,mathemotarian,12,
mathematics,11,10,matheminize,9,
matinee,7,5,matoree,6,
matrimonial,11,11,matnilodial,11,
matrimony,9,9,matsidocy,9,
matron,6,6,mutrin,6,
matter,6,5,mazzer,5,
mattress,8,6,mappress,6,
maturation,10,9,matunative,10,
mature,6,5,motude,6,
maximum,7,8,maxomim,8,
may,3,2,mab,3,
maybe,5,4,marbe,5,
mayflower,9,7,mayflawer,7,
mayonnaise,10,6,mayonnacks,7,
mayor,5,4,moyar,5,
maze,4,3,mooct,4,
meadow,6,4,meapod,5,
meal,4,3,maidge,3,
mealtime,8,6,mooltike,6,
mean,4,3,mife,3,
meaning,7,5,meakint,6,
meant,5,4,meave,3,
meantime,8,6,moontill,6,
measles,7,6,moasles,6,
measly,6,5,moably,5,
measurable,10,9,measoranle,9,
measure,7,5,meatire,5,
measurement,11,9,measarerent,8,
mechanic,8,7,mechinin,7,
mechanism,9,9,mecharist,8,
mechanistic,11,10,mechanantis,10,
mechanization,13,11,mechanomarion,12,
mechanize,9,7,mechonaze,7,
medal,5,4,midol,5,
median,6,6,meciad,6,
mediate,7,6,medoase,6,
mediation,9,8,mefiative,8,
mediator,8,8,meriatel,8,
medic,5,5,midac,5,
medicate,8,7,medocale,7,
medication,10,9,medirative,9,
medicinal,9,8,medesical,9,
medicine,8,7,medocane,7,
mediocre,8,8,mediapre,8,
meditate,8,7,medotale,7,
meditation,10,9,medilative,9,
medium,6,6,medoan,6,
medley,6,5,midlet,6,
meet,4,3,merk,4,
meeting,7,5,meefing,5,
megaphone,9,7,megophane,7,
melancholy,10,9,melinpholy,9,
mellow,6,4,millaw,4,
melodic,7,7,melidin,7,
melodrama,9,9,melostara,9,
melodramatic,12,12,melodromitin,12,
melody,6,6,melury,6,
melon,5,5,milor,5,
melt,4,4,merd,4,
member,6,6,mumben,6,
membrane,8,7,mimbrune,7,
memento,7,7,meminta,7,
memo,4,4,mima,4,
memoir,6,6,mexope,6,
memorable,9,9,memocaple,9,
memorandum,10,10,memocandem,10,
memorial,8,8,memunial,8,
memorize,8,7,memuraze,7,
memory,6,6,memuty,6,
men,3,3,mer,3,
menace,6,5,manade,5,
mend,4,4,mems,4,
menopause,9,7,menuparse,8,
menstrual,9,9,menstriad,9,
menstruate,10,8,menstroase,9,
menstruation,12,10,menchroative,10,
mental,6,5,munpal,6,
mentality,9,9,mentilicy,9,
menthol,7,6,memthil,6,
mention,7,6,muntoon,6,
menu,4,5,minu,4,
meow,4,3,moaw,3,
merchandise,11,9,merchindase,9,
merchant,8,7,morclant,8,
mercury,7,8,merputy,7,
mercy,5,5,mardy,5,
mere,4,3,mell,3,
merge,5,4,morge,4,
merger,6,6,marger,6,
merit,5,5,murid,6,
mermaid,7,6,marmain,6,
merry,5,4,metty,4,
mesh,4,3,megs,4,
mess,4,3,menge,4,
message,7,5,melliage,6,
messenger,9,8,messinmer,8,
met,3,3,moosh,3,
metabolic,9,9,metasolic,9,
metabolism,10,11,melaborism,11,
metal,5,4,maten,5,
metallic,8,7,metappic,7,
metamorphosis,13,12,metamarphulis,12,
metaphor,8,7,metoshor,7,
meteor,6,6,mefuer,6,
meteorite,9,8,mepeorate,8,
meteorology,11,11,meteonaliny,11,
meter,5,5,mafer,5,
methane,7,5,mathade,5,
method,6,5,mithad,5,
methodical,10,9,metherinal,9,
methodist,9,8,methidast,8,
methodology,11,10,methodaliny,10,
metric,6,6,meflic,6,
metro,5,5,mitra,5,
metropolis,10,10,metracoris,10,
metropolitan,12,11,metropilatin,12,
Mexican,7,8,Mexodan,8,
mice,4,3,mide,3,
microorganism,13,14,microongofism,14,
microphone,10,8,micruphane,8,
microscope,10,9,miclostork,10,
microscopic,11,11,michopracid,10,
microwave,9,8,micruwane,8,
mid,3,3,zid,3,
midday,6,5,mippay,5,
middle,6,4,miffle,5,
middleman,9,7,middlimin,8,
middleweight,12,7,middliheight,8,
midland,7,7,madlane,6,
midst,5,5,midth,4,
midsummer,9,8,midsugger,8,
midweek,7,6,milseek,6,
might,5,3,milst,5,
mighty,6,4,moughy,3,
migraine,8,6,magrelts,8,
migrant,7,7,mograne,6,
migration,9,8,migrotive,8,
mild,4,4,mize,3,
mile,4,3,mipe,3,
mileage,7,5,maleade,5,
militarily,10,10,milimarily,10,
militarize,10,9,miliparive,9,
military,8,8,milicary,8,
milk,4,4,mirl,4,
milkmaid,8,7,malkmain,7,
mill,4,3,maith,3,
millennium,10,8,millunriun,9,
milligram,9,8,millugrim,8,
millimeter,10,9,miltigenor,10,
million,7,6,malloon,5,
millionaire,11,8,milliomaide,8,
mime,4,3,mimp,4,
mimic,5,5,mamid,5,
mince,5,4,monce,4,
mind,4,4,mund,4,
mine,4,3,ming,3,
miner,5,5,mamer,5,
mineral,7,7,minoran,7,
minesweeper,11,9,minesweeker,9,
mingle,6,6,mungly,6,
miniature,9,8,minoatude,9,
minimal,7,7,minotal,7,
minimize,8,7,minolaze,7,
minimum,7,7,minorum,7,
minister,8,8,minosper,8,
ministry,8,8,minospry,8,
mink,4,4,maink,4,
minnow,6,4,miffow,4,
minority,8,8,misorily,8,
mint,4,4,mive,3,
minus,5,5,manis,5,
minute,6,5,manude,6,
minuteman,9,8,minatemin,8,
miracle,7,7,miromle,7,
miraculous,10,10,miricunous,10,
mirror,6,5,middor,5,
misadventure,12,11,misatvertade,11,
misapplication,14,12,misapplucorion,13,
misappropriate,14,12,misapprutriase,12,
misbehave,9,8,misbihive,8,
misbeliever,11,10,misborieven,10,
miscalculate,12,12,misralcibate,11,
miscalculation,14,14,miscalcotarion,14,
miscall,7,6,mascull,6,
miscellaneous,13,10,miscalranuion,13,
mischief,8,6,muschied,6,
mischievous,11,8,mischoevius,9,
misconceive,11,9,miscomceart,10,
misconduct,10,10,miscomdeck,9,
miscount,8,7,miscourt,7,
misdemeanor,11,10,mistereanol,10,
misdirect,9,9,misderict,9,
misdoing,8,7,misdoint,8,
miser,5,5,masor,5,
miserable,9,9,misoramle,9,
misery,6,6,miseny,6,
misfortune,10,9,misfontane,9,
misguidance,11,9,misgeavades,10,
mishap,6,6,maship,6,
misinform,9,9,misimfoam,8,
misinformation,14,13,misinfarmolion,13,
misinterpret,12,12,misintorcrat,12,
misjudge,8,6,mushedge,5,
mislay,6,5,maslad,6,
misprint,8,8,masprone,7,
mispronounce,12,10,misprenience,11,
misquotation,12,11,miscrolative,11,
misrepresent,12,12,misrestedant,12,
miss,4,3,mibs,4,
missile,7,5,miffile,5,
missing,7,5,mussink,6,
mission,7,5,mussoon,5,
misspell,8,7,musspale,6,
mist,4,4,moost,4,
mistakable,10,10,mislacamle,10,
mistake,7,6,mustods,7,
mister,6,6,mosted,6,
mistletoe,9,7,misplenoe,8,
mistreat,8,7,mastreal,8,
mistress,8,7,mastriss,7,
misty,5,5,moosty,5,
misunderstand,13,13,misunterphane,10,
misuse,6,6,masude,5,
mitten,6,4,midden,5,
mittens,7,5,middens,6,
mix,3,4,moong,3,
mixer,5,6,miver,5,
mixture,7,7,milfure,6,
moan,4,3,moach,3,
mob,3,3,mub,3,
mobile,6,5,mabale,5,
mobilization,12,11,mobiloramion,12,
mobilize,8,7,mobulaze,7,
mobster,7,7,mospler,7,
mock,4,3,mook,3,
mode,4,3,molsh,4,
model,5,4,madel,5,
moderate,8,7,modorase,7,
moderation,10,9,modesative,9,
moderator,9,9,modesalor,9,
modern,6,6,moberd,6,
modernity,9,9,modenricy,10,
modernization,13,12,modernolarion,12,
modest,6,6,midest,6,
modification,12,11,modiforalion,12,
modifier,8,8,modopier,7,
modify,6,6,modory,6,
module,6,5,midure,6,
moist,5,4,meist,4,
moisten,7,5,mouster,6,
moisture,8,6,moustare,6,
molar,5,5,mulor,5,
molasses,8,7,molarres,7,
mold,4,4,moin,3,
molding,7,6,muldint,7,
mole,4,3,mose,3,
molecular,9,10,moletunar,10,
molecule,8,8,molocale,7,
molest,6,6,mulast,6,
molester,8,8,molisten,8,
moment,6,6,mumint,7,
momentarily,11,11,momentoriny,11,
momentary,9,9,morentisy,9,
momentous,9,8,mominpous,8,
momentum,8,8,mominrum,8,
monarch,7,6,minarce,6,
monarchy,8,7,monurphy,7,
monastery,9,9,monargery,8,
Monday,6,5,Mindar,6,
monetary,8,8,monetacy,8,
money,5,4,minet,5,
mongrel,7,7,mengret,7,
monitor,7,7,monotar,7,
monk,4,4,mont,4,
monkey,6,5,menkay,5,
monogram,8,8,monigrim,8,
monologue,9,7,monilague,7,
monopolize,10,9,monipolics,10,
monopoly,8,8,monipocy,8,
monorail,8,7,monurain,7,
monotone,8,7,monutane,7,
monotonous,10,8,monetolous,10,
monster,7,7,munsler,7,
monstrosity,11,11,monscripiny,11,
monstrous,9,8,munstraus,8,
month,5,4,molth,4,
monument,8,9,monogent,8,
monumental,10,10,monumartel,11,
moo,3,2,moy,2,
mood,4,3,moop,3,
moody,5,4,mooky,4,
moon,4,3,moom,3,
moose,5,3,mowge,3,
mop,3,3,modge,3,
mope,4,3,mupe,4,
moral,5,5,muren,5,
morale,6,5,mapade,5,
moralist,8,8,morulost,8,
moralistic,10,10,moralintis,10,
morality,8,8,modalicy,8,
moralization,12,11,moralomarion,12,
morbid,6,6,mowsid,5,
more,4,3,mure,4,
morgue,6,4,merpse,5,
Mormon,6,6,murgon,6,
morning,7,6,mulkint,7,
morocco,7,6,morollo,6,
moron,5,5,mirun,5,
morphine,8,6,murgline,7,
morsel,6,6,mursen,6,
mortal,6,5,marpal,6,
mortality,9,9,mortilidy,9,
mortally,8,6,mortaffy,7,
mortar,6,6,martag,6,
mortgage,8,6,morkdage,7,
mortician,9,8,mortocion,9,
mortification,13,12,mortiforalion,13,
mortify,7,7,morlory,7,
mortuary,8,8,mortoacy,8,
mosque,6,4,moints,5,
mosquito,8,7,moscuitu,8,
moss,4,3,momp,4,
motel,5,5,matem,5,
moth,4,3,moft,4,
mother,6,5,mither,5,
motherland,10,9,mothorlang,8,
motif,5,5,matig,5,
motion,6,5,matoon,5,
motivate,8,7,motovale,7,
motivation,10,9,molisative,9,
motive,6,5,matove,5,
motor,5,5,maton,5,
motorcycle,10,10,mororcadle,9,
motorization,12,11,motorazilion,12,
motorman,8,8,motarmin,8,
motto,5,4,moppo,4,
mound,5,4,mouch,3,
mount,5,4,mourd,4,
mountain,8,6,mourtail,6,
mountaineer,11,8,mountoineer,8,
mountainside,12,9,mountoinsade,9,
mounting,8,6,mainling,6,
mouse,5,3,mourt,4,
mouth,5,3,louth,3,
mouthpiece,10,6,moothfiece,6,
move,4,3,mong,3,
movie,5,4,mavid,5,
mow,3,2,zoh,2,
mucus,5,6,micos,5,
mud,3,3,mao,2,
mudslinger,10,9,mudslanger,9,
muffin,6,5,muzzin,5,
muffle,6,5,munnle,5,
muffler,7,7,mubbler,6,
mug,3,3,mig,3,
multicolored,12,11,multicilures,12,
multimillionaire,16,13,multimiffionaive,13,
multiple,8,8,multoble,8,
multiplication,14,13,multiplotalion,14,
multiply,8,8,multobly,8,
mum,3,3,mooge,3,
mumble,6,6,moombly,6,
mummy,5,4,muppy,4,
munch,5,4,mudge,3,
municipal,9,10,muticidal,10,
municipality,12,13,municobalory,13,
mural,5,6,morad,5,
murder,6,6,marlen,6,
murderer,8,8,murfeger,8,
murmur,6,6,mormor,6,
muscle,6,5,misclo,6,
muscular,8,9,musconar,8,
muscularity,11,12,musculorany,12,
muse,4,4,mish,3,
museum,6,7,musaim,7,
mush,4,3,mune,4,
mushroom,8,6,mishroon,6,
music,5,6,mosip,5,
musical,7,8,musopal,8,
musician,8,8,musocive,8,
musketeer,9,8,muspeteen,8,
Muslim,6,6,Mislum,6,
mustache,8,6,moutharse,7,
mustang,7,6,mestong,6,
mustard,7,7,mestark,7,
musty,5,5,mosty,5,
mutate,6,6,mocate,5,
mutation,8,8,mutorion,9,
mute,4,4,zute,4,
mutilate,8,7,mutolale,8,
mutilation,10,9,mutalotive,10,
mutiny,6,6,mutomy,7,
mutton,6,4,mullon,5,
mutual,6,7,mutiat,7,
muzzle,6,5,mueple,6,
mysterious,10,9,mystopious,9,
mystery,7,7,mystemy,7,
mystic,6,6,mustib,6,
mystical,8,8,mystocan,8,
mystify,7,7,mystopy,7,
mystique,8,6,mustitch,6,
myth,4,3,muth,3,
mythological,12,11,mytholagoral,11,
mythologist,11,10,mytherogize,9,
mythology,9,8,mytherody,8,
nab,3,3,nar,3,
nag,3,3,nig,3,
nail,4,3,noin,3,
naive,5,4,noine,4,
naked,5,5,noker,5,
name,4,3,nace,3,
nameless,8,6,nimeness,6,
nap,3,3,nop,3,
napkin,6,6,nopwin,6,
napoleon,8,8,napaloen,8,
narcotic,8,8,narmotic,8,
narrate,7,5,nallate,5,
narration,9,7,narrotoon,7,
narrative,9,7,narromave,7,
narrator,8,7,narropor,7,
narrow,6,4,nattow,4,
nasal,5,5,nosil,5,
nasty,5,5,nosty,5,
nation,6,5,notoon,5,
national,8,7,narionar,7,
nationalism,11,11,natistalics,11,
nationality,11,10,nationolory,10,
nationalization,15,13,nationolomalion,14,
nationalize,11,9,natoonalase,9,
nationwide,10,8,natoonwade,8,
native,6,5,notike,5,
nativity,8,8,natemiry,8,
natural,7,7,natoril,7,
naturalist,10,10,natoramise,9,
naturalistic,12,12,naturolitric,12,
naturalization,14,13,naturilamotion,14,
naturally,9,8,natorammy,8,
nature,6,5,nutare,6,
nausea,6,5,naurea,5,
nauseate,8,6,nausoase,6,
nautilus,8,7,nautolis,7,
naval,5,5,novil,5,
navigability,12,12,navigobalory,12,
navigate,8,7,navogale,7,
navigation,10,9,navidative,9,
navigator,9,9,navibapor,9,
navy,4,4,nopy,4,
nazi,4,5,noza,4,
near,4,3,neam,3,
nearby,6,5,noorpy,5,
nearing,7,5,nooring,5,
nearsighted,11,8,nearmighted,8,
neat,4,3,noot,3,
necessarily,11,10,necessirony,10,
necessary,9,8,necenlary,9,
necessitate,11,9,necersulate,11,
necessity,9,8,necirtimy,9,
neck,4,3,nuck,3,
neckband,8,7,nickbind,7,
necklace,8,6,nucklawn,6,
nectar,6,6,nictor,6,
nectarine,9,8,nectugane,8,
need,4,3,nufe,3,
needle,6,4,nootle,5,
needless,8,6,noonress,6,
needs,5,4,neens,4,
needy,5,4,noony,4,
negate,6,5,nogade,5,
negation,8,7,negotive,7,
negative,8,7,negotire,8,
neglect,7,7,noglert,7,
negligent,9,9,neglugint,9,
negligible,10,10,negrivitle,10,
negotiate,9,8,neloriaze,8,
negotiation,11,10,negomiolion,11,
Negro,5,5,Nogra,5,
neighbor,8,5,neignpor,6,
neighboring,11,7,neighbuming,8,
nephew,6,5,narfew,6,
nerve,5,4,horve,4,
nervous,7,6,norvour,6,
nest,4,4,nust,4,
net,3,3,ned,3,
netting,7,5,nedding,5,
network,7,7,nelfork,7,
neural,6,6,netsal,6,
neurologist,11,11,neupolomist,11,
neurology,9,9,neupolomy,9,
neuron,6,6,netran,6,
neurotic,8,8,netratic,8,
neuter,6,6,neafer,5,
neutral,7,7,neiprol,6,
neutrality,10,10,neutracidy,10,
neutralization,14,13,neutraloramion,14,
neutralize,10,9,neutrolase,9,
neutron,7,7,nemtrok,7,
newfound,8,7,neclound,7,
newly,5,5,nerpy,5,
newness,7,6,nebless,6,
news,4,4,nems,4,
newspaper,9,9,newspopar,9,
newsprint,9,9,nowsprink,8,
next,4,5,nerg,4,
nibble,6,5,nimmle,5,
nice,4,3,jice,3,
niche,5,3,ninse,4,
nick,4,3,nink,4,
nickel,6,5,nocken,5,
nickname,8,6,nicknale,6,
nicotine,8,7,nicafane,7,
niece,5,3,niege,4,
nifty,5,5,nofty,5,
Nigerian,8,8,Nigolion,8,
nightcap,8,6,nirthcat,7,
nightgown,9,6,nirthgawn,7,
nightingale,11,7,nightongare,8,
nightly,7,5,nirthly,6,
nighttime,9,6,nirthtive,7,
nimble,6,6,numple,6,
nine,4,3,ning,3,
nineteen,8,6,noneboon,6,
ninety,6,5,nonety,5,
ninth,5,4,nidth,4,
nip,3,3,noodge,3,
nipple,6,5,nizzle,5,
nippy,5,4,nizzy,4,
nitrate,7,6,notrame,6,
nitrogen,8,8,nitrugin,8,
nitwit,6,6,nimcit,6,
nobility,8,8,nofilicy,8,
noble,5,5,nugle,5,
nobleman,8,8,nopleran,8,
nobody,6,6,nobory,6,
nocturnal,9,8,noctormal,9,
nod,3,3,nad,3,
node,4,3,nade,3,
noel,4,4,naol,4,
noise,5,3,noits,4,
noisy,5,4,naisy,4,
nomad,5,5,namid,5,
nomadic,7,7,nomidec,7,
nominate,8,7,nomonare,7,
nomination,10,9,nomirative,9,
nominative,10,9,nomiratics,10,
nominee,7,6,nomoree,6,
nonchalant,10,9,nonchomant,9,
noncommittal,12,9,noncolmindal,12,
nonconductor,12,12,noncoldicpor,12,
nonconformist,13,13,noncorfirmics,13,
noncooperation,14,13,noncoogarolion,14,
none,4,3,nove,3,
nonetheless,11,8,nonethoness,8,
nonmetal,8,7,nonmaten,8,
nonmetallic,11,10,nonmicallis,10,
nonprofit,9,9,nonprefid,9,
nonresident,11,11,nondesipent,11,
nonresistance,13,12,nonrosuspance,12,
nonrestrictive,14,13,nondestractize,13,
nonsense,8,7,nunserse,7,
nonstop,7,7,nunstap,7,
nonsupport,10,9,nonsippark,9,
noodle,6,4,neemle,5,
noon,4,3,noop,3,
noose,5,3,nouse,3,
normal,6,6,nardal,6,
normality,9,9,norcalimy,9,
normalize,9,8,normarase,8,
normally,8,7,normaffy,7,
north,5,4,noith,3,
northeast,9,7,nirtheart,7,
northward,9,8,nirthwark,8,
northwest,9,8,nirthwist,8,
Norwegian,9,8,Norworian,9,
nose,4,3,noke,3,
nostalgia,9,8,nostolmia,9,
nostril,7,7,nuspril,8,
nosy,4,4,nisy,4,
notability,10,10,notabalomy,10,
notable,7,7,notomle,7,
notarize,8,7,notoraze,7,
notation,8,7,nototive,7,
note,4,3,nont,4,
noted,5,5,naten,5,
noteworthy,10,8,notewarphy,8,
nothing,7,5,nathing,5,
notice,6,5,natide,5,
notification,12,11,notiforalion,12,
notify,6,6,notopy,6,
notion,6,5,narion,6,
notorious,9,8,notupious,8,
notoriously,11,10,notemiousdy,10,
noun,4,3,nein,3,
nourish,7,5,noudish,5,
novel,5,5,niver,5,
novelty,7,7,novolry,7,
November,8,8,Novimper,8,
novice,6,5,nivide,5,
noxious,7,6,naxious,7,
nozzle,6,5,nottle,5,
nuclear,7,8,nubloar,8,
nucleus,7,8,nuclois,8,
nude,4,4,nume,4,
nudge,5,3,nedge,3,
nudism,6,8,nirism,7,
nudist,6,7,nulisk,7,
nudity,6,7,nudory,7,
nugget,6,5,nukket,5,
nuisance,8,7,noidance,6,
nullification,13,11,nulliforalion,12,
nullify,7,6,nullory,6,
numb,4,3,nurl,4,
number,6,6,nimbar,6,
numerable,9,10,numoraple,10,
numeral,7,8,numoran,8,
numerate,8,8,numorase,8,
numerical,9,10,nucerital,10,
numerous,8,8,numobous,8,
numskull,8,7,nimskall,7,
nurse,5,4,nunge,4,
nursery,7,7,nurseny,7,
nurture,7,6,nartude,7,
nut,3,3,nooth,3,
nutrient,8,9,nutroert,9,
nutrition,9,9,nutrotive,9,
nuts,4,4,nups,4,
nutshell,8,5,nurshill,6,
nutty,5,4,nuddy,4,
nylon,5,5,nolin,5,
nylons,6,6,nolins,6,
nymph,5,4,nyarn,5,
oak,3,2,ook,2,
oasis,5,5,oamis,5,
oat,3,2,oot,2,
oath,4,2,ooth,2,
oatmeal,7,5,ootmeat,5,
obedient,8,8,obarient,8,
obese,5,4,obede,4,
obey,4,3,obuy,3,
obituary,8,9,obitoany,8,
object,6,6,orjert,6,
objective,9,8,objictave,8,
objectivity,11,11,objectavony,11,
obligate,8,7,oblugale,7,
obligation,10,9,obdisative,9,
oblige,6,5,obluge,5,
oblique,7,5,oplutch,5,
oblivion,8,8,oblirion,8,
obnoxious,9,8,obnaxious,9,
obscene,7,5,opscone,6,
obscure,7,7,opscore,6,
observable,10,10,observatle,10,
observation,11,10,obverdative,10,
observatory,11,11,observotamy,11,
observe,7,6,opsarve,6,
obsess,6,5,opsuss,5,
obsession,9,7,obsellion,8,
obsolete,8,7,obsulere,8,
obstacle,8,8,obstomle,8,
obstetrician,12,11,obstatronian,12,
obstruct,8,8,opstrict,8,
obtain,6,5,optail,5,
obvious,7,6,obmious,6,
occasion,8,6,occosive,6,
occasional,10,7,occusionar,9,
occupancy,9,9,ocrubanty,9,
occupation,10,9,occiputive,8,
occupy,6,6,occory,5,
occur,5,4,ottur,4,
occurrence,10,7,occuddence,8,
ocean,5,4,oceal,4,
oceangoing,10,8,oteurdoing,8,
oceanic,7,7,ocoarid,7,
octagon,7,7,octogin,7,
octagonal,9,8,ocrepotal,9,
octave,6,5,ortade,5,
October,7,7,Octumer,8,
octopus,7,7,octupis,7,
odd,3,2,oif,2,
oddity,6,5,oddeky,5,
odds,4,3,jodds,4,
odor,4,4,obor,4,
odyssey,7,5,odossay,5,
off,3,2,oss,2,
offbeat,7,5,ossboat,5,
offend,6,5,ossend,5,
offense,7,5,ossense,5,
offensive,9,7,offunsave,7,
offer,5,4,osser,4,
offering,8,6,offeming,6,
offhand,7,6,ollhack,5,
office,6,4,ossice,4,
officer,7,6,offocen,6,
official,8,6,offocion,7,
officiate,9,7,ofriliase,8,
offset,6,5,ossnet,5,
oil,3,2,oin,2,
oink,4,3,oint,3,
ointment,8,7,otchmint,6,
okay,4,3,okoy,3,
old,3,3,ord,3,
olive,5,4,osild,5,
omelet,6,6,omorette,6,
omen,4,4,omoon,4,
ominous,7,6,omonius,7,
omit,4,4,omut,4,
once,4,4,odge,2,
oncoming,8,7,oncaming,7,
one,3,3,ove,2,
ongoing,7,6,onguing,7,
onion,5,5,omiom,5,
onions,6,6,omiols,6,
onlooker,8,7,onleeker,7,
onward,6,6,omwart,6,
ooze,4,2,ooge,2,
opal,4,4,opil,4,
opaque,6,4,opique,4,
open,4,4,opang,4,
opener,6,6,opiner,6,
openhanded,10,10,opinlanden,10,
opening,7,6,opering,6,
opera,5,5,oparo,5,
operable,8,8,opetanle,8,
operate,7,6,oporale,6,
operation,9,8,opetative,8,
operative,9,8,operotics,9,
opinion,7,7,opunion,7,
opium,5,5,opaim,4,
opponent,8,7,oppurent,7,
opportune,9,8,oppurtane,7,
oppose,6,4,obbose,4,
opposite,8,6,oppusate,6,
opposition,10,8,oppisative,8,
oppress,7,5,obbress,5,
oppression,10,7,opprellion,8,
optic,5,5,orfic,5,
optical,7,7,optobal,7,
optician,8,7,optorian,8,
optics,6,6,oltids,6,
optimism,8,9,optarism,9,
optimistic,10,10,optamintis,10,
optimum,7,7,optorum,7,
option,6,5,oltive,5,
optometry,9,9,optimopry,9,
oral,4,4,oril,5,
orange,6,4,olarge,5,
orator,6,6,orotar,6,
orbit,5,5,olbut,5,
orchard,7,6,olchord,6,
orchestra,9,8,orchistro,8,
orchestral,10,9,orchisprol,9,
orchestrate,11,9,orchistrane,9,
orchestration,13,11,orchactrotive,11,
orchid,6,5,olchad,5,
ordain,6,5,oldaim,5,
ordeal,6,5,oldeat,6,
order,5,5,oldar,4,
orderly,7,7,ormerly,6,
ordinance,9,8,orpirance,8,
ordinarily,10,9,ordinoramy,10,
ordinary,8,7,ordunory,8,
ordination,10,8,orficative,9,
organ,5,5,olgun,5,
organic,7,7,orgonid,7,
organism,8,9,ordanize,7,
organist,8,8,orgonist,8,
organization,12,11,organoramion,12,
organize,8,7,orgonase,7,
orgasm,6,7,ongism,7,
orient,6,6,ocieth,5,
oriental,8,7,oriesmal,8,
orientation,11,10,odientotive,10,
origin,6,6,orogan,6,
original,8,7,oridical,8,
originally,10,9,origonappy,9,
originate,9,8,oridicate,8,
ornament,8,8,orfabent,7,
ornamental,10,9,orsadencal,10,
ornamentation,13,12,ornaminlarion,13,
orphan,6,5,olphun,5,
orphanage,9,7,orphinase,7,
orthodox,8,8,orthudax,8,
orthopedics,11,10,orthuporics,10,
oscillate,9,6,oscimmate,6,
ostrich,7,6,ortruff,6,
other,5,4,othor,4,
otter,5,4,oller,4,
ounce,5,3,arnce,4,
out,3,2,zout,3,
outboard,8,7,ortboads,7,
outbound,8,6,ortbeash,6,
outbreak,8,6,ortbleak,7,
outburst,8,7,ortblust,8,
outcast,7,6,ortbast,7,
outclass,8,6,ortcrass,7,
outcome,7,5,ortcame,6,
outcry,6,5,ortbry,6,
outdated,8,7,outduted,8,
outdoor,7,5,ortdeer,6,
outdoors,8,6,ortdeers,7,
outer,5,4,orten,5,
outfield,8,6,ortfooth,6,
outfit,6,5,ortfat,6,
outfox,6,6,ortfog,6,
outgoing,8,6,outguing,7,
outgrow,7,5,ortgraw,7,
outgrowth,9,6,outgrouse,6,
outhouse,8,5,orthoose,6,
outing,6,4,orting,5,
outlaw,6,4,ortlow,5,
outlive,7,5,ortlove,6,
outlook,7,5,ortleek,6,
outpatient,10,8,outporient,9,
outpost,7,6,ortposh,6,
outrage,7,5,ortlage,6,
outrageous,10,7,ouromeous,7,
outrank,7,6,ortrink,7,
outreach,8,5,ortseach,6,
outright,8,5,outrirch,6,
outrun,6,5,ortrin,6,
outset,6,5,ortsit,6,
outshine,8,4,ortshone,5,
outside,7,5,ortsade,6,
outsider,8,7,ousoden,6,
outsize,7,5,outsaze,5,
outspread,9,7,ortspreal,9,
outstanding,11,9,oustunding,8,
outwear,7,5,ortwore,6,
oval,4,4,ovil,5,
ovary,5,5,ovomy,5,
oven,4,4,oper,4,
over,4,4,ovar,4,
overact,7,7,ovorart,7,
overage,7,6,ovabase,6,
overall,7,6,ovaruth,6,
overalls,8,7,ovamulls,7,
overboard,9,8,ovarbeard,8,
overburden,10,9,overbendum,9,
overcast,8,8,ovarcase,7,
overcharge,10,8,ovarchurge,8,
overcloud,9,8,ovarclord,9,
overcoat,8,7,ovarcort,8,
overcome,8,7,ovardome,7,
overexpose,10,10,oberempate,9,
overflow,8,7,ovarflaw,6,
overgrow,8,7,ovargraw,6,
overhand,8,8,ovarhind,8,
overhang,8,7,ovarlang,7,
overhaul,8,7,ovarmaul,6,
overhead,8,7,ovarmead,7,
overhear,8,7,ovarlear,7,
overjoy,7,6,ovarjay,6,
overlap,7,7,ovarlop,7,
overleap,8,7,ovarloof,7,
overlook,8,7,ovarfook,7,
overpass,8,7,ovarpiss,7,
overreach,9,7,ovarrelch,8,
overseas,8,7,ovarfeas,7,
overseer,8,7,ovarmeer,7,
overshadow,10,8,oberstitor,10,
overshoot,9,7,ovarsheet,7,
oversight,9,7,ovarmight,7,
oversize,8,7,ovarsaze,7,
overt,5,5,ovart,5,
overtake,8,7,ovartale,7,
overthrow,9,7,ovarshrow,7,
overtime,8,7,ovartame,7,
overturn,8,8,ovartarn,8,
ovum,4,4,ovam,4,
owe,3,1,oit,2,
owl,3,2,zowl,3,
own,3,2,oge,2,
ownership,9,7,ownorshop,7,
ox,2,3,jonk,4,
oxen,4,5,oken,4,
oxford,6,7,okfard,6,
oxidation,9,9,oxidutive,10,
oxidize,7,7,oxodaze,7,
oxygen,6,7,oxoten,7,
oyster,6,5,orsten,6,
ozone,5,4,ozane,4,
pace,4,3,pape,3,
pacemaker,9,8,pacelaken,8,
pacer,5,5,picen,5,
pacific,7,7,parifin,7,
pacification,12,11,paciforalion,12,
pacifier,8,8,pacorier,7,
pack,4,3,pank,4,
package,7,5,pickade,5,
packer,6,5,picken,5,
packet,6,5,pucket,5,
pact,4,4,poing,3,
pad,3,3,pid,3,
padding,7,5,pabbing,5,
paddle,6,4,paffle,5,
padlock,7,6,paspock,6,
page,4,3,pabe,3,
pageant,7,6,payeash,4,
paid,4,3,pait,3,
pain,4,3,pome,3,
painstaking,11,9,painstaling,9,
paint,5,4,poink,4,
paintbrush,10,8,pointbrosh,8,
painting,8,6,painging,5,
pair,4,3,parp,4,
pajamas,7,7,pyjiman,7,
pal,3,3,pab,3,
palace,6,5,polade,5,
palatable,9,9,palotemle,9,
pale,4,3,poil,3,
paleface,8,6,parnfall,6,
pallbearer,10,8,palltearen,8,
palm,4,4,palsh,4,
pamper,6,6,pimpen,6,
pamphlet,8,7,pimphler,7,
pan,3,3,pien,4,
panama,6,6,panomo,6,
pancake,7,6,parlake,6,
pancreas,8,8,parcrues,7,
panda,5,5,pindo,5,
panel,5,4,punel,5,
panic,5,5,ponid,5,
panorama,8,8,panorena,8,
pant,4,4,punt,4,
panther,7,6,ponthor,6,
pantry,6,6,pindry,6,
pants,5,5,zants,5,
panty,5,5,pindy,5,
papa,4,4,pipi,4,
papaya,6,5,papiyo,6,
paper,5,5,popar,5,
paperback,9,8,palerbick,8,
paperclip,9,9,palerclap,8,
paprika,7,7,paproko,7,
par,3,3,pof,3,
parachute,9,7,parochate,7,
parade,6,5,porood,5,
paradise,8,7,parodase,7,
paradox,7,8,parodux,8,
paraffin,8,7,paraddin,7,
paragraph,9,8,parogriph,8,
parakeet,8,7,parokeel,8,
parallel,8,7,parammel,7,
parallelogram,13,12,parallulagrim,12,
paralysis,9,9,patalydis,9,
paralyze,8,7,paroloze,7,
paranoia,8,7,paroloia,8,
paranoid,8,7,paronaid,7,
paraphrase,10,8,parophruse,8,
parasite,8,7,parosate,7,
parasitic,9,9,parasetis,9,
paratrooper,11,10,parasleeper,10,
parcel,6,6,porcen,6,
pardon,6,5,pordan,6,
parent,6,6,panems,6,
parental,8,7,parintul,8,
parenthesis,11,10,palentorsus,11,
parenthood,10,9,parertheed,9,
paring,6,5,piring,5,
parish,6,5,porise,5,
park,4,4,parsh,4,
parka,5,5,purko,5,
parkway,7,6,parflay,6,
parliament,10,9,parliurent,9,
parliamentarian,15,14,parliaminlarion,13,
parliamentary,13,12,parliaminlany,12,
parlor,6,6,purlur,6,
parody,6,6,parumy,6,
parole,6,5,porale,5,
parrot,6,5,paggot,5,
parsley,7,6,porslem,7,
part,4,4,parl,4,
partake,7,6,pantape,6,
partial,7,6,purtian,7,
partiality,10,10,partianory,10,
partially,9,7,partianny,7,
participate,11,10,partimisate,10,
participle,10,10,parturigle,9,
particle,8,8,parople,7,
particular,10,11,partitunar,10,
particularize,13,13,particolasase,12,
parting,7,6,parmint,7,
partition,9,8,partorion,8,
partly,6,6,portmy,6,
partner,7,7,paltmer,7,
partridge,9,7,patroids,7,
party,5,5,porby,5,
pass,4,3,paff,3,
passable,8,7,passabro,7,
passage,7,5,parrage,6,
passbook,8,6,pissbool,6,
passe,5,4,pazze,4,
passenger,9,8,passungen,8,
passerby,8,7,passorpy,7,
passing,7,5,pazzing,5,
passion,7,5,pallion,6,
passionate,10,7,passiorase,8,
passive,7,5,pattive,5,
passover,8,7,passovar,8,
passport,8,7,pisspork,7,
past,4,4,paist,4,
pasta,5,5,pusto,5,
paste,5,4,poust,4,
pasteurization,14,12,pasteuromarion,13,
pasteurize,10,8,pasteunase,8,
pastime,7,6,pistide,6,
pastor,6,6,pustar,6,
pastoral,8,8,pasturen,9,
pastry,6,6,padshy,5,
pasture,7,6,pistude,7,
pat,3,3,zat,3,
patch,5,3,pades,4,
patent,6,5,pulent,6,
paternity,9,9,paberticy,9,
path,4,3,palled,4,
pathetic,8,7,pathitin,7,
pathologist,11,10,patherogize,9,
pathway,7,5,puthwar,6,
patience,8,6,palieves,6,
patient,7,6,pofient,7,
patio,5,5,pariu,5,
patriarch,9,8,patruarce,8,
patriot,7,7,pafloit,7,
patriotic,9,9,patraetid,9,
patriotism,10,11,patraegise,9,
patrol,6,6,pothil,5,
patron,6,6,poclon,6,
patronage,9,8,patrinade,8,
patronize,9,8,patrinase,8,
patter,6,5,paffer,5,
pattern,7,6,pabbern,6,
patty,5,4,pabby,4,
pause,5,3,paifs,4,
pave,4,3,pash,3,
pavilion,8,8,pavulion,8,
paving,6,5,pabing,5,
paw,3,2,pam,3,
pawn,4,3,purn,4,
pay,3,2,poy,2,
payable,7,6,payobly,7,
paycheck,8,5,paschuck,5,
payer,5,4,paber,5,
payment,7,6,pasmant,7,
pea,3,2,peege,3,
peacemaker,10,8,peacelaken,8,
peach,5,3,pilth,4,
peacock,7,5,piacuck,6,
peak,4,3,peaf,3,
peanut,6,5,pianit,6,
pearl,5,4,pealm,4,
peas,4,3,peam,4,
peasant,7,6,pearint,7,
pebble,6,5,peggle,5,
peck,4,3,poik,3,
peculiar,8,9,pecomiar,7,
pedal,5,4,podil,5,
pedestal,8,7,pedistil,8,
pedestrian,10,10,pedistroan,10,
pediatrician,12,11,pediotrurian,12,
peep,4,3,peedge,3,
peephole,8,6,peemcole,6,
peg,3,2,pem,3,
pelican,7,7,peloran,7,
pelt,4,4,pern,3,
pelvis,6,6,pilvit,6,
pen,3,3,peb,3,
penalize,8,7,penilase,7,
penalty,7,7,penilry,7,
pencil,6,6,pinfel,6,
pendant,7,7,panmint,7,
pending,7,6,pinding,6,
penetrate,9,8,penotrale,8,
penetration,11,10,penatritive,10,
penetrative,11,10,penetritist,11,
penguin,7,7,pinguit,7,
penholder,9,9,penhalden,9,
penicillin,10,9,penicollen,9,
peninsula,9,9,penistuna,10,
penis,5,5,panus,6,
penitentiary,12,11,penitingiary,12,
penknife,8,6,pinknofe,6,
penmanship,10,9,penminshop,9,
pennant,7,6,punnand,6,
pennies,7,5,pezzies,5,
penniless,9,7,pennoress,7,
penny,5,4,pezzy,4,
pension,7,6,punsoon,6,
pensive,7,6,pinsave,6,
pentagon,8,8,pentogin,8,
penthouse,9,7,pintheese,7,
people,6,5,perble,6,
pep,3,3,pedge,3,
pepper,6,5,pemmer,5,
perceive,8,6,parceide,6,
percent,7,7,penfent,7,
percentile,10,9,percintale,8,
percept,7,7,pencopt,7,
perceptible,11,11,percelnibly,10,
perception,10,9,perciprion,9,
perceptive,10,9,perciptave,9,
perch,5,4,penth,4,
percussion,10,8,percullion,9,
perfect,7,7,pennuct,6,
perfectibility,14,14,perfectobalory,13,
perfection,10,9,perficrion,9,
perfecto,8,8,perfictu,8,
perforation,11,10,pernodative,10,
perform,7,7,penfort,7,
performance,11,10,perfurdance,9,
perfume,7,7,penfull,6,
perhaps,7,7,penhade,6,
perimeter,9,9,perameber,9,
period,6,6,pediun,6,
periodic,8,8,pemiotis,8,
perish,6,5,parise,5,
perk,4,4,perf,4,
permanent,9,9,permorent,9,
permeability,12,12,permeobalomy,12,
permeable,9,9,permeorle,9,
permissible,11,10,permastinle,10,
permission,10,8,permussoon,7,
permissive,10,8,permillive,8,
permit,6,6,parmut,6,
peroxide,8,8,peruxade,7,
perpendicular,13,14,perpendocilan,13,
perpetrate,10,9,perpotrale,9,
perpetual,9,9,perpotuan,9,
perpetuate,10,10,perdetuase,10,
persecute,9,9,persocate,8,
persecution,11,11,persicative,10,
persecutor,10,11,persicalor,10,
persevere,9,8,persovese,8,
Persian,7,6,Porsial,7,
persist,7,7,purbist,7,
person,6,6,pensin,6,
personable,10,10,persoratle,9,
personal,8,8,persunan,8,
personality,11,11,personilamy,11,
personalize,11,10,permonaride,10,
personify,9,9,persoridy,8,
personnel,9,8,persorrel,8,
perspective,11,10,perspictave,9,
perspiration,12,11,perstaritive,11,
perspire,8,8,parstire,8,
persuade,8,7,parsuage,7,
persuasion,10,9,persiarion,9,
pertinent,9,8,pertorent,9,
perturb,7,7,parture,6,
perversion,10,9,pervorsoon,8,
pervert,7,7,parvent,7,
pest,4,4,pesh,3,
pester,6,6,pisner,6,
pesticide,9,8,pestocade,8,
pet,3,3,poit,3,
petal,5,4,putan,5,
petite,6,5,pitide,5,
petition,8,7,petorion,8,
petrify,7,7,petromy,7,
petroleum,9,9,petruloem,9,
petticoat,9,7,pettucate,8,
petty,5,4,peffy,4,
pew,3,3,gew,3,
pewter,6,6,pawten,5,
phantom,7,6,phintop,6,
pharmacy,8,7,pharmory,6,
phase,5,3,phise,3,
pheasant,8,6,phealand,7,
phenomenon,10,9,phenorelon,9,
philosopher,11,9,philisother,9,
philosophic,11,9,philostitac,10,
philosophy,10,8,philisomic,9,
phobia,6,5,phoboa,5,
phoenix,7,6,phoobix,6,
phone,5,3,phoing,3,
phonograph,10,8,phomogriph,8,
phonographic,12,10,phonugrophin,10,
phosphate,9,6,phisplate,7,
phosphorus,10,8,phosphiros,8,
photo,5,4,phuta,4,
photoelectric,13,12,photoelictrac,12,
photogenic,10,9,photugerid,9,
photograph,10,8,phorogriph,8,
photographer,12,10,photolnather,10,
photographic,12,10,photaphormil,10,
photography,11,9,photolnapic,10,
photosynthesis,14,12,photosanthomis,12,
phrase,6,4,phrath,4,
phrasing,8,6,phramint,7,
physic,6,5,phosid,5,
physical,8,7,physocan,7,
physician,9,7,physorian,8,
physicist,9,8,physodist,8,
physics,7,6,phypics,6,
physiology,10,9,physialiny,9,
physique,8,5,phosaque,5,
pianist,7,7,pionise,6,
piano,5,5,piona,5,
pick,4,3,pive,3,
picket,6,5,pocker,5,
pickings,8,6,pinkints,7,
pickle,6,5,pockle,5,
pickpocket,10,8,pickpucken,8,
pickup,6,5,pockip,5,
picky,5,4,pucky,4,
picnic,6,6,pifric,6,
pictorial,9,9,pictamian,9,
picture,7,6,pintude,7,
picturesque,11,9,pictarisque,9,
pie,3,2,pith,3,
piece,5,3,poose,3,
pier,4,3,poim,3,
pierce,6,4,pields,5,
piety,5,5,piory,5,
pig,3,3,pime,3,
pigeon,6,5,pugeon,6,
piggish,7,5,pibbish,5,
piggyback,9,7,piggobick,7,
pigheaded,9,8,pigherden,9,
pigment,7,7,pugmint,7,
pigmentation,12,11,pigmincative,11,
pile,4,3,pilk,4,
piled,5,4,poozed,4,
pilgrim,7,7,palgrum,7,
pill,4,3,pims,4,
pillar,6,5,pimmar,5,
pillbox,7,7,pullbix,7,
pillow,6,4,pullox,6,
pilot,5,5,pulat,5,
pimp,4,4,pilt,4,
pimple,6,6,pumply,6,
pin,3,3,pib,3,
pinch,5,4,pidge,3,
pincushion,10,8,pincustine,9,
pine,4,3,zine,3,
pineapple,9,7,pineadfle,8,
ping,4,3,pung,3,
pinhole,7,6,punwods,7,
pink,4,4,ponk,4,
pinkeye,7,5,punkede,6,
pinky,5,5,ponky,5,
pinpoint,8,7,panpaint,7,
pint,4,4,poant,4,
pinup,5,5,ponup,5,
pioneer,7,6,piotour,6,
pious,5,4,pogus,5,
pipe,4,3,pupe,4,
pipeline,8,6,punelime,7,
piping,6,5,piding,5,
piracy,6,6,piromy,6,
pirate,6,5,parase,6,
pistachio,9,8,pistucrio,9,
pistol,6,5,postil,6,
pit,3,3,poith,3,
pitch,5,3,pietch,4,
pitcher,7,5,putcher,5,
pitchfork,9,7,patchfurk,7,
pitfall,7,6,pimfull,6,
pitiful,7,7,pitofal,7,
pituitary,9,10,pitoidary,9,
pity,4,4,pumy,5,
pivot,5,5,puvor,5,
pixie,5,5,pixid,6,
pizza,5,5,pirra,4,
place,5,4,plart,5,
placement,9,8,plucemint,8,
plagiarize,10,8,plamiarase,9,
plague,6,4,plarce,5,
plainclothesman,15,12,plainclathesmen,12,
plainness,9,7,plaitress,7,
plaintiff,9,7,plairtuff,7,
plaintive,9,7,plairtave,7,
plan,4,4,ploon,4,
plane,5,4,plave,4,
planet,6,6,plarem,6,
planetarium,11,11,planetorius,11,
plank,5,5,plare,4,
plant,5,5,plabs,5,
plantation,10,9,plantotive,9,
planter,7,7,plintem,7,
plaque,6,4,plafes,5,
plasma,6,6,platmo,6,
plaster,7,7,platren,7,
plastic,7,7,platric,7,
plate,5,4,plale,4,
plateau,7,5,plutead,6,
platform,8,8,plotfirm,8,
platinum,8,8,platonim,8,
platoon,7,6,praroon,6,
platter,7,6,pladder,6,
platypus,8,8,platumis,8,
plausible,9,8,plausomle,8,
play,4,3,plab,4,
player,6,5,ployen,5,
playmate,8,6,placmard,8,
plaza,5,5,plosa,5,
plea,4,3,plar,4,
plead,5,4,pread,4,
pleaded,7,6,pleaken,6,
pleasant,8,7,pleakand,7,
please,6,4,pleash,4,
pleasurable,11,10,pleasoratle,10,
pleasure,8,6,pleaduse,7,
pledge,6,4,plince,5,
plentiful,9,9,plentofal,9,
plenty,6,6,plisdy,6,
pliable,7,7,pliagra,7,
pliers,6,6,pruers,6,
plot,4,4,plit,4,
ploy,4,3,plog,4,
pluck,5,4,plock,4,
plug,4,4,plur,4,
plum,4,4,plem,4,
plumber,7,6,plimber,7,
plumbing,8,6,plormint,8,
plump,5,5,plude,4,
plunge,6,5,pludge,4,
plunger,7,7,plonten,7,
plural,6,6,plorel,6,
plurality,9,9,plutanicy,9,
plus,4,4,pruse,4,
plush,5,4,plung,4,
pneumonia,9,8,pneuminoa,8,
poach,5,3,poath,3,
pocket,6,5,pucken,5,
poem,4,3,poex,5,
poet,4,4,poel,4,
poetic,6,6,poerin,6,
poetry,6,6,poanfy,6,
point,5,4,poits,4,
pointed,7,6,poingen,6,
pointer,7,6,poinger,6,
poise,5,3,powse,3,
poison,6,5,paisen,5,
poisoner,8,7,poisinen,7,
poke,4,3,pote,3,
poker,5,5,poger,5,
pokey,5,4,pogey,4,
polar,5,5,pilat,5,
polarity,8,8,polorimy,8,
polarization,12,11,polarolarion,12,
pole,4,3,powl,3,
police,6,5,pilace,5,
policeman,9,8,poluceren,8,
policy,6,6,polico,6,
Polish,6,5,Pilush,5,
polite,6,5,pulate,5,
politic,7,7,polutip,7,
political,9,9,policinal,9,
politician,10,9,polirinian,10,
politics,8,8,polutips,8,
pollen,6,5,podden,5,
pollinate,9,7,pollunale,7,
pollute,7,5,poffute,6,
pollution,9,7,pollirion,8,
polo,4,4,pulu,4,
poltergeist,11,10,poltarheist,9,
polygon,7,7,pologin,7,
Polynesian,10,9,Polonorion,10,
polynomial,10,10,polynusial,11,
poncho,6,5,panchu,5,
pond,4,4,pont,4,
ponder,6,6,panmer,6,
pony,4,4,pamy,4,
poodle,6,4,peemle,5,
pool,4,3,poong,3,
poop,4,3,poon,3,
poor,4,3,poob,3,
pop,3,3,poig,3,
popcorn,7,7,pipcurn,7,
pope,4,3,poth,3,
poppy,5,4,pobby,4,
popular,7,8,popolan,7,
popularity,10,11,populamory,11,
popularize,10,10,populanics,11,
populate,8,8,popolale,7,
population,10,10,popuralion,11,
porcelain,9,8,porcolale,8,
porch,5,4,pierge,4,
porcupine,9,9,porcopane,8,
pork,4,4,zok,3,
porn,4,4,porl,4,
pornographic,12,11,pordophormis,11,
pornography,11,10,pornilrotic,11,
porridge,8,5,pottidge,5,
port,4,4,pong,3,
portable,8,8,portabro,8,
portal,6,5,partol,6,
porter,6,6,parten,6,
portfolio,9,9,portfurio,9,
porthole,8,7,parthale,7,
portion,7,6,purtoon,6,
portrait,8,7,purtroit,7,
Portuguese,10,8,Portoguede,8,
pose,4,3,zose,3,
posit,5,5,pasit,5,
position,8,7,posotoon,7,
positive,8,7,posotire,8,
possess,7,5,paddess,5,
possession,10,7,possellion,8,
possessive,10,7,possellive,7,
possibility,11,10,possibalomy,10,
possible,8,7,possotle,7,
possibly,8,7,possomly,7,
possum,6,5,poddum,5,
post,4,4,pove,3,
postage,7,6,puntase,6,
postal,6,6,pusgal,6,
postcard,8,8,pistcurd,8,
postdate,8,7,pistdaze,7,
poster,6,6,pister,6,
posterior,9,9,postodior,8,
postgraduate,12,11,postgriduale,12,
postman,7,7,pistman,7,
postmark,8,8,pistmurk,8,
postnasal,9,8,postnosil,9,
postnatal,9,8,postnotil,9,
postpone,8,6,pistpane,7,
postscript,10,10,pistscrict,9,
posture,7,6,pastude,7,
postwar,7,7,pastwad,7,
pot,3,3,pom,3,
potassium,9,8,potarriun,8,
potato,6,6,potota,6,
potbelly,8,7,potbemmy,7,
potent,6,5,putint,6,
potential,9,8,potintian,9,
potentiality,12,12,potenrianoty,12,
potion,6,5,patioon,6,
potluck,7,6,polduck,6,
potter,6,5,podder,5,
pottery,7,6,potteny,6,
pouch,5,3,zouch,3,
poultry,7,6,pounfly,6,
pounce,6,4,pounge,4,
pound,5,4,poont,4,
pout,4,3,poush,3,
poverty,7,7,povarly,7,
powder,6,5,pawmer,5,
power,5,4,pumen,6,
pox,3,4,polsh,4,
practicability,14,14,practicobalory,14,
practical,9,9,practocan,9,
practicality,12,12,practicolary,12,
practically,11,10,practocanny,10,
practitioner,12,11,pracritiveal,11,
prairie,7,5,proidie,5,
praise,6,4,prarce,5,
pram,4,4,prum,4,
prance,6,5,prames,5,
prank,5,5,proonk,5,
pray,4,3,proy,3,
prayer,6,4,proyen,6,
preach,6,4,prooch,4,
preadolescence,14,12,preadimescerce,12,
prearrange,10,8,preappange,8,
precaution,10,8,precaplion,10,
precede,7,6,procere,6,
precedent,9,9,precodint,9,
preceding,9,8,preceming,8,
precinct,8,8,procunct,8,
precious,8,6,probrous,7,
precipitate,11,10,precupotale,10,
precipitation,13,12,precipomarion,13,
precise,7,6,promuse,7,
precisian,9,8,precurian,10,
preconceive,11,9,precomceart,10,
precook,7,6,procoot,6,
precursor,9,9,precarmor,9,
predator,8,8,predotar,8,
predecessor,11,10,predecelnor,11,
predestination,14,13,predestoralion,14,
predetermine,12,11,pretecernoid,11,
predicament,11,11,predisarent,11,
predicate,9,8,predocale,8,
predict,7,7,prolict,7,
predominate,11,10,predolicate,10,
preface,7,6,profade,6,
prefer,6,6,profar,6,
preferable,10,10,prefesanle,10,
preferably,10,10,prefesatle,10,
preference,10,9,prefedance,9,
prefix,6,7,profax,7,
preflight,9,7,profaight,6,
pregnant,8,8,prognint,8,
preheat,7,6,prohoot,6,
prehistoric,11,11,preristolid,11,
prejudge,8,6,projodge,6,
prejudice,9,8,prejomice,8,
prejudicial,11,10,prejuminial,11,
preliminary,11,11,prelimonamy,11,
prelude,7,7,prolade,6,
premature,9,8,premotude,9,
premed,6,6,promid,6,
premedical,10,10,premodipal,10,
premier,7,6,prolied,6,
premiere,8,7,proniere,6,
premise,7,6,prexite,6,
premium,7,7,promain,6,
preoccupation,13,12,preoccopinion,12,
preoccupied,11,10,preorcanied,10,
preparation,11,10,prepalative,10,
preparatory,11,11,preparotiny,11,
prepare,7,6,propond,7,
prepay,6,5,propoy,5,
preposition,11,10,prepoditive,10,
preposterous,12,11,prebostenius,12,
prerecord,9,9,premecurd,9,
prerequisite,12,11,preremoiside,10,
prerogative,11,10,prerosatics,11,
Presbyterian,12,12,presbaturiat,12,
preschool,9,7,proschoot,7,
prescribe,9,8,proscrabe,8,
presence,8,7,prolense,7,
present,7,7,pridert,7,
presentation,12,11,presernative,11,
preservation,12,11,presendative,11,
preservative,12,11,preservatist,12,
preserve,8,7,prosense,7,
preset,6,6,prosut,6,
preside,7,6,pronile,6,
president,9,9,presorent,9,
presidential,12,11,presimencial,11,
press,5,4,pruss,4,
pressure,8,6,preddure,6,
pressurize,10,8,pressorase,8,
prestige,8,7,prostage,7,
presume,7,7,procurt,7,
presumption,11,10,presimptoon,10,
presumptuous,12,11,presimppious,10,
pretend,7,7,protind,7,
pretext,7,8,protert,7,
pretty,6,5,preddy,5,
prevail,7,6,provoin,6,
prevalent,9,9,prevolint,9,
prevent,7,7,provint,7,
preview,7,6,proniew,6,
previous,8,7,prevaios,7,
previously,10,9,preriousny,9,
price,5,4,prift,5,
priceless,9,7,pruceness,7,
prick,5,4,prock,4,
prickle,7,6,pruckle,6,
prickly,7,7,pruckly,6,
pride,5,4,prife,4,
priest,6,5,proost,5,
primal,6,6,pronal,6,
primarily,9,9,primodicy,9,
primary,7,7,primony,7,
prime,5,4,pripe,4,
primer,6,6,promer,6,
primeval,8,8,primoral,8,
primitive,9,8,primotave,8,
prince,6,5,princh,5,
princess,8,7,prondess,7,
principal,9,9,princoral,9,
principality,12,12,principolany,12,
print,5,5,pring,4,
prior,5,5,plien,5,
priority,8,8,priotiry,8,
prism,5,6,prosm,6,
prison,6,6,profin,6,
prisoner,8,8,prisinen,8,
privacy,7,7,privory,7,
private,7,6,provale,6,
privilege,9,8,privomege,8,
prize,5,4,prisk,5,
pro,3,3,prie,4,
probability,11,11,probabalomy,11,
probable,8,8,probabro,8,
probably,8,8,probofly,8,
probation,9,8,proborion,9,
probe,5,4,prosk,5,
problem,7,7,preblen,8,
procedure,9,8,procodare,8,
proceed,7,6,preceep,6,
proceeds,8,7,preceeps,7,
process,7,6,prefess,6,
procession,10,8,procellion,9,
proclaim,8,7,precloin,7,
proclamation,12,11,proclunative,11,
procrastinate,13,12,procratrilate,12,
produce,7,7,prebuce,7,
product,7,7,praduct,7,
production,10,9,prodictoon,9,
productivity,12,12,productinory,12,
profane,7,6,predane,6,
profanity,9,9,profiridy,9,
profession,10,8,profellion,9,
professional,12,10,promestiveal,12,
professor,9,8,profellor,8,
proficient,10,9,profurient,10,
profile,7,6,prefule,7,
profit,6,6,prefid,6,
profound,8,7,prefourd,7,
progress,8,7,pregruss,7,
progression,11,9,progrellion,10,
progressive,11,9,progrellive,9,
prohibit,8,8,prohubin,8,
prohibition,11,10,prohuborion,11,
prohibitive,11,10,prohisition,10,
prohibitory,11,11,prohibotany,11,
project,7,7,prejict,7,
projectile,10,8,projictale,9,
projector,9,9,projictar,9,
prologue,8,6,pretobes,7,
prolong,7,6,prelonk,7,
prolongation,12,11,prolengitive,11,
prominent,9,9,promorent,9,
promiscuity,11,12,promitruidy,11,
promiscuously,13,13,promestuouscy,12,
promise,7,6,propick,6,
promote,7,6,premond,7,
prompt,6,6,proompt,6,
prone,5,4,proun,4,
pronoun,7,6,presoon,6,
pronounce,9,7,prenience,8,
pronouncement,13,11,probouncerent,11,
pronto,6,6,prenso,6,
proof,5,4,prook,4,
prop,4,4,prap,4,
propaganda,10,10,propagendi,10,
propane,7,6,prenane,6,
propel,6,6,prenel,6,
propeller,9,8,propemmer,8,
proper,6,6,praper,6,
property,8,8,propormy,8,
prophecy,8,7,prophony,7,
proportion,10,9,propurtoon,9,
propose,7,6,prebont,7,
proposition,11,10,proposative,10,
proprietary,11,11,procrietily,11,
proprietor,10,10,proproetar,9,
prosecute,9,9,prosocate,8,
prosecution,11,11,proselutive,10,
prosecutor,10,11,propelunor,11,
prospect,8,8,prespict,8,
prospective,11,10,prospictave,10,
prospector,10,10,prospictar,10,
prosper,7,7,protser,7,
prosperity,10,10,prosmericy,10,
prosperous,10,9,prospenius,10,
prostitute,10,10,prostotate,9,
prostitution,12,12,prostarutive,11,
protagonist,11,11,protenocist,11,
protect,7,7,pretert,7,
protection,10,9,protictoon,9,
protector,9,9,protictar,9,
protege,7,7,protode,7,
protein,7,6,pretoon,6,
protest,7,7,pretist,7,
protestant,10,10,protisrant,10,
protocol,8,8,protical,8,
proton,6,6,premon,6,
prototype,9,8,protitape,8,
protrude,8,7,pretrode,7,
proud,5,4,prouf,4,
prove,5,4,prosh,4,
proven,6,6,preden,6,
proverb,7,7,prevebs,7,
provide,7,6,precile,6,
providence,10,9,provorence,9,
province,8,7,prevance,7,
provincial,10,9,provondial,10,
provocation,11,10,provorative,10,
provocative,11,10,provicatics,11,
provoke,7,6,prebuke,7,
prowl,5,4,proid,4,
proximate,9,9,proxomale,9,
proximity,9,10,proxamidy,10,
prudently,9,9,prufently,9,
prune,5,4,prunt,5,
pry,3,3,proidge,4,
Psyche,6,4,phycho,4,
psychiatric,11,9,psytriantic,10,
psychiatrist,12,10,psychoitrust,10,
psychiatry,10,8,psychoipry,8,
psychic,7,5,phychoc,5,
psychoanalysis,14,12,psychoanilamis,12,
psychological,13,11,psycholagoral,11,
psychologist,12,10,psybrilomist,11,
psychology,10,8,psybrilomy,9,
psychopath,10,7,psychimath,7,
pub,3,3,pob,3,
puberty,7,8,puterby,8,
public,6,6,pultic,6,
publication,11,10,pubridative,10,
publicity,9,9,publidiry,9,
publicize,9,8,publocase,8,
publish,7,6,pultish,6,
puck,4,3,pooge,3,
pucker,6,5,purker,6,
pudding,7,5,poobbing,5,
puddle,6,4,purrle,5,
puff,4,3,pult,4,
puke,4,4,pume,4,
pull,4,3,pulk,4,
pulley,6,4,purrey,4,
pullover,8,7,pullovar,7,
pulp,4,4,purb,4,
pulpit,6,6,pudpot,6,
pulse,5,4,powth,3,
pulverize,9,8,pulvoraze,8,
pump,4,4,poomp,4,
pumpkin,7,7,pimpkun,7,
pun,3,3,poost,4,
punch,5,4,pumes,5,
punctual,8,8,punctiol,8,
punctuality,11,11,punctuanimy,11,
punctuate,9,9,punctiase,8,
punctuation,11,11,puncruative,10,
puncture,8,7,punktule,8,
punish,6,5,pinish,5,
punishment,10,9,punoshrent,9,
punk,4,4,poish,3,
pup,3,3,pum,3,
pupil,5,6,popal,5,
puppet,6,5,pubbet,5,
puppy,5,4,pubby,4,
purchase,8,6,parchade,6,
pure,4,4,puth,3,
purge,5,4,pusks,5,
purification,12,12,puriforalion,12,
purifier,8,9,purolien,9,
purify,6,7,puromy,7,
purist,6,7,parust,6,
puritan,7,9,purotin,8,
purity,6,7,purony,7,
purple,6,6,parble,6,
purpose,7,6,parpase,6,
purse,5,4,purns,5,
pursue,6,5,parsud,6,
pursuit,7,6,parsait,6,
pus,3,3,zus,3,
push,4,3,pute,4,
pussy,5,4,puzzy,4,
pussyfoot,9,7,pussofeet,7,
put,3,3,poodge,3,
putout,6,5,pitort,6,
putter,6,5,pugger,5,
puzzle,6,5,puttle,5,
pygmy,5,5,pynmy,5,
pyramid,7,7,pyromud,7,
pyromania,9,9,pylominua,9,
python,6,5,paglon,6,
quack,5,4,quock,4,
quad,4,4,quap,4,
quadrangle,10,10,quadrunple,10,
quadrangular,12,13,quadrengitar,12,
quadrant,8,8,quidrint,8,
quadratic,9,9,quadrotin,9,
quadrilateral,13,13,quadrilitenal,13,
quadruple,9,9,quadromle,9,
quadruplet,10,10,quadroglet,10,
quaint,6,5,quaits,5,
quake,5,4,quate,4,
quaker,6,6,qualer,6,
qualification,13,12,qualiforalion,13,
qualify,7,7,qualomy,7,
quality,7,7,qualory,7,
qualm,5,4,quarf,5,
quantitative,12,11,quantulatics,12,
quantity,8,8,quantomy,8,
quarantine,10,9,quarintone,9,
quarrel,7,6,quammel,6,
quart,5,5,quace,4,
quarter,7,7,qualper,7,
quarterly,9,9,quartormy,9,
quartet,7,7,qualpet,7,
quartz,6,6,quault,5,
queasy,6,5,querby,6,
queer,5,4,queeg,4,
quench,6,5,quence,5,
quest,5,5,quost,5,
question,8,7,quertoon,7,
questionnaire,13,9,questoonnaive,10,
quick,5,4,quink,5,
quicken,7,6,quinken,7,
quickie,7,5,quinkie,6,
quiet,5,5,quiel,5,
quill,5,4,quoll,4,
quilt,5,5,quift,5,
quintuplet,10,11,quintoblet,10,
quirk,5,5,quish,4,
quit,4,4,quat,4,
quits,5,5,quipe,4,
quiver,6,6,quiben,6,
quiz,4,4,quiv,4,
quota,5,5,quita,4,
quotation,9,8,quototoon,8,
quote,5,4,quole,4,
quotient,8,7,quitaint,6,
rabbi,5,4,ribbo,4,
rabbit,6,5,ribbot,5,
raccoon,7,5,rabsoon,6,
race,4,3,rois,3,
racecourse,10,7,radegourse,7,
racial,6,5,rofial,5,
racism,6,7,rocasm,7,
rack,4,3,roub,3,
racketeer,9,7,rackoteem,7,
racquet,7,5,ricquen,6,
radar,5,5,rodur,5,
radial,6,6,radoal,6,
radiant,7,7,radaint,6,
radiate,7,6,radoase,6,
radiation,9,8,radualion,10,
radiator,8,8,raduabor,8,
radical,7,7,radomal,7,
radio,5,5,ramia,5,
radioactivity,13,13,radioardicity,13,
radiology,9,9,radialiny,9,
radish,6,5,rodose,5,
radium,6,6,rabiun,6,
radius,6,6,rafios,6,
raffle,6,5,rallel,5,
raft,4,4,rard,4,
rag,3,3,rab,3,
rage,4,3,rabe,3,
ragged,6,5,rajjed,5,
ragtime,7,6,raytame,5,
raid,4,3,roid,3,
rail,4,3,reith,3,
railing,7,5,roiling,5,
railroad,8,6,rainread,6,
rain,4,3,rawn,3,
rainbow,7,5,reenber,6,
rainstorm,9,8,railstorn,8,
rainy,5,4,roiny,4,
raise,5,3,rarce,4,
raisin,6,5,roisun,5,
rake,4,3,rauk,3,
rally,5,4,rolly,4,
ram,3,3,rom,3,
ramble,6,6,rimbly,7,
ramp,4,4,roomp,4,
rampage,7,6,rimbage,6,
rampant,7,7,rimpart,7,
ran,3,3,rin,3,
ranch,5,4,roinch,4,
random,6,6,raprom,6,
rang,4,3,rabs,4,
range,5,4,rarge,4,
ranger,6,6,rungen,6,
rank,4,4,ronk,4,
ransack,7,6,rapsops,7,
ransom,6,6,rartom,6,
rap,3,3,rop,3,
rape,4,3,ralt,4,
rapid,5,5,ripid,5,
rapidity,8,8,ramidipy,8,
rapidly,7,7,rapodry,7,
rapist,6,6,rasits,6,
rare,4,3,rarl,4,
rarity,6,6,rarony,6,
rascal,6,6,rusdal,6,
rash,4,3,rosh,3,
rasp,4,4,rosp,4,
raspberry,9,7,raspmerty,8,
rat,3,3,rer,3,
rate,4,3,roish,3,
ratification,12,11,ratifomalion,12,
ratify,6,6,ratomy,6,
rating,6,5,rafint,6,
ratio,5,5,rotia,5,
ration,6,5,rotoon,5,
rational,8,7,ratoonal,7,
rationale,9,7,ratoonase,7,
rationalism,11,10,rativealics,10,
rationalistic,13,12,rativealostim,12,
rationality,11,10,rationolary,10,
rationalize,11,8,ratoonasase,9,
rattle,6,4,rawwle,5,
rattler,7,5,rabbler,6,
rattlesnake,11,8,rattlisnare,9,
rattling,8,6,razzling,6,
rattrap,7,7,raddrap,7,
ravage,6,5,rafade,5,
rave,4,3,relch,4,
raven,5,5,ragen,5,
ravioli,7,7,radiola,7,
ravish,6,5,ragise,5,
raw,3,2,rew,3,
ray,3,2,roig,3,
razor,5,5,ruzen,5,
razorback,9,8,raborzack,8,
reach,5,3,zeach,3,
react,5,5,roart,5,
reaction,8,7,reabcoon,7,
reactive,8,7,reabtain,7,
read,4,3,roud,3,
readability,11,10,readabalomy,10,
readable,8,7,readabro,7,
reading,7,5,reating,5,
ready,5,4,reaty,4,
real,4,4,reot,4,
realism,7,8,reolusm,8,
realistic,9,9,reolustin,9,
reality,7,7,reolidy,7,
realization,11,10,rearibative,10,
realize,7,6,reasive,6,
realm,5,4,reaux,5,
realtor,7,7,reantar,7,
realty,6,6,reanty,6,
reap,4,3,roop,3,
rear,4,3,rure,4,
reason,6,5,raebon,5,
reasonable,10,9,reaseratle,9,
reassure,8,6,reatture,7,
rebate,6,5,robase,5,
rebel,5,5,raben,5,
rebellion,9,8,rebettion,8,
rebirth,7,6,robarth,6,
rebound,7,6,rofound,6,
rebuttal,8,6,rebummal,7,
recall,6,5,rocull,5,
recap,5,5,rocup,5,
recede,6,5,rocade,5,
receipt,7,5,rocoopt,6,
receivable,10,9,receoviple,10,
receive,7,5,rovieve,5,
recent,6,6,rocert,6,
receptacle,10,10,recentigle,10,
reception,9,8,recoprion,9,
receptive,9,8,recoptave,8,
receptivity,11,11,receptavony,11,
receptor,8,8,recoplor,8,
recess,6,5,rocuss,5,
recession,9,7,recellion,8,
recessive,9,7,recellive,7,
recipe,6,6,recome,6,
recipient,9,9,recopaint,8,
reciprocal,10,10,recirdomal,10,
recital,7,6,recutan,7,
recitation,10,9,recimative,9,
recite,6,5,rocate,5,
reckless,8,6,relftess,7,
reckon,6,5,ruckon,5,
reclaim,7,6,roclomb,6,
recline,7,6,roscone,6,
recognition,11,10,recotnutive,11,
recognize,9,8,recofnase,8,
recoil,6,5,rocoid,5,
recollect,9,8,recottect,8,
recollection,12,10,recoppeclion,11,
recommend,9,8,recollend,8,
reconcile,9,8,recordile,8,
reconciliation,14,13,reconcinearion,13,
reconsider,10,10,recormidel,10,
reconstruct,11,11,recomstrame,10,
record,6,6,regose,5,
recorder,8,8,recarden,8,
recording,9,8,recarding,8,
recount,7,6,roclunt,7,
recover,7,7,recoher,7,
recreate,8,7,recroase,7,
recreation,10,9,recleative,9,
recreative,10,9,recroalive,9,
recruit,7,6,rocreit,6,
rectal,6,6,rocdal,6,
rectangle,9,9,rectongly,9,
rectangular,11,12,rectergilas,11,
rectify,7,7,rectoly,7,
rectum,6,6,redpum,6,
recuperate,10,9,reciparase,9,
red,3,3,rud,3,
reddish,7,5,rezzish,5,
redeem,6,5,rodeen,5,
redemption,10,9,redimptoon,9,
redistrict,10,10,redirtruct,10,
redskin,7,7,ridskan,7,
reduce,6,6,rodace,5,
reduction,9,8,redictive,8,
redundancy,10,10,redenranly,10,
reef,4,3,rouf,3,
reek,4,3,reeg,3,
refer,5,5,rofar,5,
referable,9,9,refelagle,9,
referee,7,6,reforoo,6,
reference,9,8,reforerce,8,
refill,6,5,rofull,5,
refine,6,5,rofune,6,
refinement,10,9,refonerent,9,
refinery,8,8,refilony,8,
reflect,7,7,roflert,7,
reflection,10,9,refliclion,10,
reflex,6,7,roflux,7,
reflexive,9,9,refluxave,9,
reform,6,6,rofort,6,
reformation,11,10,refarmotive,10,
reformatory,11,11,reformotany,11,
reformer,8,8,refarmen,8,
refrain,7,6,roflain,6,
refresh,7,6,roflosh,6,
refrigerate,11,10,refricoraze,10,
refuge,6,6,rebuce,6,
refugee,7,7,refoteem,7,
refund,6,6,refunt,6,
refuse,6,6,rofick,5,
regain,6,5,rogait,5,
regenerate,10,9,regurolaze,9,
region,6,5,rogiom,6,
regional,8,7,redional,8,
register,8,8,regostar,8,
registration,12,11,regimstative,11,
registry,8,8,regospry,8,
regress,7,6,rograss,6,
regret,6,6,roglit,6,
regular,7,8,regolor,7,
regularity,10,11,regulorany,11,
regularize,10,10,regucarist,11,
regulate,8,8,regolale,7,
regulation,10,10,regulimive,10,
regurgitate,11,10,regerpinate,10,
rehabilitate,12,11,rehabolatale,11,
rehearsal,9,8,repearsan,8,
rehearse,8,6,rohearve,6,
reimburse,9,8,reamturse,8,
reincarnate,11,10,reimcesdate,10,
reincarnation,13,12,reincornolion,13,
reindeer,8,6,reendoor,6,
reinforce,9,8,reimfarce,8,
reject,6,6,rojest,6,
rejoice,7,5,rojuice,6,
rejuvenate,10,9,rejavutate,9,
relapse,7,6,rolipse,6,
relate,6,5,rolake,5,
relation,8,7,relotive,7,
relative,8,7,relomive,7,
relativity,10,10,relatavony,11,
relax,5,6,rolof,5,
relaxation,10,11,relarative,9,
relay,5,4,rolap,5,
release,7,5,roleave,5,
relevance,9,8,relorance,8,
relevant,8,8,relorant,8,
reliable,8,8,reloiple,8,
reliance,8,7,relaonce,7,
relic,5,5,rolid,5,
relief,6,5,rolieb,5,
relieve,7,5,roliere,5,
religion,8,7,relorion,8,
religious,9,7,relopious,8,
relinquish,10,9,relonguish,9,
relish,6,5,rolise,5,
reluctance,10,9,relicpance,9,
rely,4,4,rory,4,
remain,6,5,romaid,5,
remark,6,6,romurk,6,
remarkable,10,10,remateably,9,
remedial,8,8,remorial,8,
remedy,6,6,remoty,6,
remember,8,8,remumben,8,
remind,6,6,romink,6,
remission,9,7,remussoon,7,
remittance,10,7,remillance,8,
remnant,7,7,romnint,7,
remodel,7,6,remadel,7,
remorse,7,6,romorps,7,
remote,6,5,romope,5,
removal,7,7,remaven,7,
remove,6,5,romore,5,
renaissance,11,8,renaillance,8,
render,6,6,rundar,6,
rendezvous,10,7,rendizvoun,9,
renegade,8,7,renogale,7,
renew,5,5,ronex,6,
renovate,8,7,renivale,7,
renovation,10,9,renobative,9,
renovator,9,9,renobamor,9,
rent,4,4,ront,4,
rental,6,5,rintal,6,
reorganize,10,9,reoldanive,9,
repair,6,5,ropaid,5,
repay,5,4,ropar,5,
repeal,6,5,ropeam,6,
repeat,6,5,ropear,5,
repel,5,5,robel,5,
repetition,10,9,repegitive,9,
repetitive,10,9,reperition,9,
replace,7,6,roprace,6,
replacement,11,10,replucemint,10,
replenish,9,8,replinesh,8,
replica,7,7,replocu,7,
reply,5,5,robly,5,
report,6,6,robove,5,
repossess,9,7,repaddess,7,
represent,9,9,reprosish,8,
reproach,8,6,roploach,6,
reproduce,9,9,repremuce,9,
reptile,7,6,ruptale,6,
republic,8,8,repultic,8,
repulse,7,6,rogulse,6,
repulsion,9,8,repolrion,9,
repulsive,9,8,repolsite,8,
reputation,10,10,repubative,10,
request,7,7,roquist,7,
require,7,7,rotrite,6,
rerun,5,5,roran,5,
resale,6,5,rosade,5,
rescue,6,6,redpue,6,
research,8,6,rosearse,6,
resemblance,11,10,resumplance,10,
resent,6,6,rosish,5,
reservation,11,10,resorgative,9,
reserve,7,6,rosarve,6,
reserved,8,7,roselved,7,
reservoir,9,9,resordoir,9,
reside,6,5,rosude,6,
residence,9,8,resomence,8,
residential,11,10,resigendiar,10,
residue,7,7,resolue,7,
resign,6,5,rosion,6,
resignation,11,10,resimlative,10,
resigned,8,6,rosammed,6,
resin,5,5,rusid,5,
resist,6,6,robits,6,
resistor,8,8,resuslor,8,
resolution,10,9,resolative,9,
resolve,7,6,rosalve,6,
resort,6,6,roboin,5,
resource,8,6,rosooked,6,
respect,7,7,rospert,7,
respectable,11,11,restricatle,11,
respective,10,9,respictave,9,
respiration,11,10,resmilative,10,
respirator,10,10,respurinor,10,
respiratory,11,11,respirotany,11,
respond,7,7,rospand,7,
response,8,7,rospanse,7,
responsibility,14,14,responsobalory,14,
responsible,11,11,respirlinle,11,
rest,4,4,rell,3,
restaurant,10,9,restanment,10,
restless,8,7,ristness,7,
restoration,11,10,restucative,10,
restore,7,6,roshond,7,
restrain,8,7,rostraid,7,
restraint,9,8,rostraink,8,
restrict,8,8,rostruct,8,
restriction,11,10,restructoon,10,
result,6,6,rosilt,6,
resultant,9,8,resaltart,9,
resulting,9,8,remulting,8,
resume,6,5,rosame,5,
resurrect,9,8,resummect,8,
resuscitate,11,9,resiscanate,10,
retail,6,5,rotine,5,
retain,6,5,rotail,5,
retake,6,5,rotame,5,
retaliate,9,8,retiliant,9,
retard,6,6,rotark,6,
retina,6,5,retonu,6,
retire,6,6,roture,6,
retort,6,6,roturt,6,
retouch,7,5,rotoule,5,
retrace,7,6,rotrake,6,
retract,7,7,rotrart,7,
retreat,7,6,rotreal,6,
retrieve,8,6,rotrieth,6,
retrospect,10,10,retruspict,10,
return,6,6,roburn,6,
reunion,7,8,reolion,7,
reveal,6,5,roveat,6,
revelation,10,9,revelotive,9,
revenge,7,6,roverge,6,
revenue,7,7,revonun,7,
reverence,9,8,revorerce,8,
reversal,8,8,revornal,8,
reverse,7,6,rovarse,6,
review,6,5,romiew,5,
revise,6,5,rovase,5,
revitalization,14,12,revitulazirion,14,
revitalize,10,8,repinalise,9,
revival,7,7,revovan,7,
revive,6,5,rovave,5,
revoke,6,5,rovake,5,
revolt,6,6,rovinct,7,
revolution,10,9,revomutive,9,
revolve,7,6,rovalve,6,
revolver,8,8,revilven,8,
revulsion,9,8,revilsoon,8,
reward,6,6,roword,6,
rheumatism,10,9,rheumitize,7,
rhinestone,10,7,rhunestane,7,
rhinoceros,10,9,rhinoretus,9,
rhombus,7,6,rhimbis,6,
rhubarb,7,6,rhymerb,6,
rhyme,5,3,rhyke,3,
rhythm,6,5,rhuthm,5,
rhythmic,8,6,rhymenic,6,
rib,3,3,yib,3,
ribbon,6,5,rillon,5,
rice,4,3,riek,4,
rich,4,3,ruch,3,
riches,6,5,ruchen,5,
rid,3,3,yid,3,
riddle,6,4,ribble,5,
ride,4,3,rimp,4,
rider,5,5,roder,5,
ridge,5,3,ringe,4,
ridicule,8,8,ridocale,7,
ridiculous,10,10,rificunous,10,
riding,6,5,roding,5,
rifle,5,5,ragle,5,
rigging,7,5,ritting,5,
right,5,3,rirge,4,
righteous,9,5,rutcheous,5,
rightful,8,6,rutchtul,6,
rigid,5,5,rogid,5,
rigidity,8,8,rigilicy,8,
rigidly,7,7,rigodry,7,
rigor,5,5,rogiur,5,
rim,3,3,roim,3,
ring,4,3,rint,4,
ringleader,10,8,ringleazer,8,
rink,4,4,zaink,4,
rinse,5,4,rifes,4,
riot,4,4,ruol,4,
rip,3,3,riep,4,
ripe,4,3,rith,3,
ripen,5,5,rapen,5,
ripple,6,5,rimmle,5,
rise,4,3,rilt,4,
risen,5,5,rusen,5,
rising,6,5,rosing,5,
risk,4,4,rask,4,
ritual,6,6,rimoal,6,
ritualistic,11,12,rituilustim,11,
rival,5,5,rovel,5,
rivalry,7,7,rivolzy,7,
river,5,5,riter,5,
rivet,5,5,rovet,5,
road,4,3,zoad,3,
roam,4,3,roax,4,
roar,4,3,roin,3,
roast,5,4,roath,3,
rob,3,3,rog,3,
robber,6,5,rozzer,5,
robbery,7,6,robbeny,6,
robe,4,3,zobe,3,
robin,5,5,romid,5,
robot,5,5,rabat,5,
robust,6,6,rebist,6,
rock,4,3,rogs,4,
rocker,6,5,ricken,5,
rocket,6,5,rickat,5,
rod,3,3,rieth,4,
rodent,6,5,redint,6,
rodeo,5,5,romea,5,
roe,3,2,ree,2,
roger,5,5,rugen,5,
rogue,5,3,roits,4,
role,4,3,rolt,4,
roller,6,5,rommer,5,
roman,5,5,rumin,5,
romance,7,6,remarce,6,
Romanian,8,8,Romorian,8,
romantic,8,8,romintac,8,
romanticism,11,12,romintacasm,12,
romp,4,4,roms,4,
roof,4,3,roong,3,
rookie,6,4,roogie,4,
room,4,3,raich,3,
roommate,8,6,reammase,6,
roost,5,4,zoost,4,
rooster,7,6,reesper,6,
root,4,3,roit,3,
rope,4,3,rofe,3,
rose,4,3,roke,3,
roster,6,6,risten,6,
rosy,4,4,rofy,4,
rot,3,3,roz,3,
rotary,6,6,romany,6,
rotate,6,5,rutake,5,
rotation,8,7,romatoon,7,
rotator,7,7,romapor,7,
rote,4,3,rodge,3,
rotten,6,4,rozzen,5,
rough,5,3,roulth,4,
roughage,8,5,reaseage,5,
round,5,4,rount,4,
roundabout,10,8,roundapoot,8,
roundup,7,6,rourtum,6,
rouse,5,3,rease,3,
routine,7,5,roatane,5,
rowboat,7,5,rawbout,5,
rowdy,5,4,rawby,4,
royal,5,4,rical,5,
rub,3,3,rilch,4,
rubber,6,5,rupper,5,
rubbish,7,5,ruffish,5,
rubble,6,5,rupple,5,
ruby,4,4,ropy,4,
rude,4,3,rupe,3,
ruffed,6,4,rudged,4,
ruffle,6,5,runnle,5,
rug,3,3,rux,4,
rugby,5,5,rigby,5,
rugged,6,5,ruzzed,5,
ruin,4,4,roen,4,
rule,4,3,roche,3,
ruler,5,5,rooner,5,
rumble,6,6,rimtle,6,
rummage,7,5,ruppage,5,
rumor,5,5,romar,5,
rump,4,4,raum,3,
run,3,3,rielve,5,
runabout,8,7,runapoot,7,
runaround,9,8,runalouse,7,
runaway,7,6,runawop,7,
rundown,7,6,rindoid,6,
rung,4,3,rudge,3,
running,7,5,rupping,5,
runny,5,4,ruzzy,4,
runoff,6,5,rinaff,5,
runt,4,4,rish,3,
runway,6,5,rinwoy,5,
rupture,7,6,raptude,7,
rural,5,5,rorul,5,
rush,4,3,ruke,4,
Russian,7,5,Rullian,6,
rust,4,4,rost,4,
rustic,6,6,ructif,6,
rustle,6,5,risple,6,
Sabbath,7,5,Subbith,5,
sabotage,8,7,sabatale,7,
saccharin,9,7,sacchunin,7,
sack,4,3,sows,3,
sacred,6,6,sicrad,6,
sacrifice,9,8,sacroface,8,
sacrificial,11,10,sacraditial,11,
sacrilegious,12,10,sacramecious,11,
sad,3,3,zoot,3,
sadden,6,4,sabben,5,
saddle,6,4,saffle,5,
sadist,6,6,sidust,6,
sadistic,8,8,sadustin,8,
safe,4,3,sarf,4,
safety,6,5,satefy,5,
sag,3,2,sig,3,
saga,4,4,sogu,4,
sage,4,3,sawl,3,
said,4,3,sarp,4,
sailboat,8,6,sainbort,7,
sailor,6,5,sainor,5,
saint,5,4,saste,4,
sake,4,3,sodge,3,
salad,5,5,solud,5,
salamander,10,10,salominrer,10,
salami,6,6,salofi,6,
salary,6,6,salopy,6,
sale,4,3,sark,4,
salesgirl,9,8,sapesgirt,8,
saliva,6,6,salovo,6,
salivary,8,8,salivery,8,
salmon,6,5,silmun,6,
saloon,6,5,soleen,5,
salt,4,4,sooft,4,
salutation,10,10,salunative,10,
salute,6,5,solate,5,
salvage,7,6,silvase,6,
salvation,9,8,salvotoon,8,
sample,6,6,simdle,6,
sanctify,8,8,sanctony,8,
sanction,8,7,sinctoon,7,
sanctuary,9,10,sancmuaty,10,
sand,4,4,soond,4,
sandal,6,5,sundol,6,
sandals,7,6,sunjals,7,
sandbank,8,8,sankband,8,
sandman,7,7,sankmun,7,
sandpaper,9,9,sandpopar,9,
sandwich,8,7,sankwosh,7,
sane,4,3,sare,3,
sang,4,3,sams,4,
sanitarium,10,10,sanitorior,9,
sanitary,8,8,sanibary,8,
sanitation,10,9,sanilative,9,
sanitize,8,7,sanotase,7,
sanity,6,6,sanory,6,
sank,4,4,sonk,4,
sap,3,3,sar,3,
sapphire,8,6,supphure,6,
sappy,5,4,sabby,4,
sarcasm,7,8,surcism,8,
sarcastic,9,9,sarcostin,9,
sardine,7,6,surdane,6,
sash,4,3,samp,4,
sassy,5,4,sutty,4,
sat,3,3,sadge,3,
Satan,5,4,Sotar,5,
satchel,7,5,sutchen,5,
satellite,9,6,satollate,7,
satin,5,4,sutin,5,
satire,6,6,sutide,5,
satisfaction,12,11,satusfictive,11,
satisfy,7,7,satosly,7,
saturate,8,7,satorale,7,
saturation,10,9,satunative,9,
Saturday,8,7,Satormay,7,
sauce,5,3,saifs,4,
saucepan,8,6,sarcepin,7,
saucer,6,5,sarcen,6,
sauerkraut,10,8,sarseflaut,8,
sausage,7,5,suldage,6,
savage,6,5,sulade,5,
save,4,3,sive,3,
savior,6,6,saniong,6,
savor,5,5,sovar,5,
saw,3,2,sab,3,
sawdust,7,6,safrust,7,
saxophone,9,8,saxiphane,8,
say,3,2,saz,3,
scaffold,8,7,scarfoke,7,
scald,5,5,scarn,5,
scale,5,4,scaze,4,
scaleless,9,6,scadeness,7,
scalp,5,5,scafe,4,
scalpel,7,7,scatdel,7,
scan,4,4,scap,4,
scandal,7,6,scinnal,6,
Scandinavian,12,12,scandonubiat,12,
scant,5,5,scont,5,
scapegoat,9,7,scategort,8,
scar,4,4,snar,4,
scarce,6,5,scarbs,6,
scarcely,8,7,scurcely,7,
scarcity,8,8,scarcory,8,
scare,5,4,scave,4,
scarecrow,9,7,scurecraw,8,
scarf,5,5,scash,4,
scarlet,7,7,scurler,7,
scatter,7,6,scadder,6,
scavenge,8,7,scoverge,7,
scavenger,9,9,scavonmer,9,
scene,5,3,swene,4,
scenery,7,6,scenofy,6,
scenic,6,5,sconid,6,
schedule,8,6,schodude,7,
scheme,6,4,schels,6,
schizophrenia,13,12,schizopraclio,13,
schizophrenic,13,12,schizostranis,13,
scholar,7,6,schaler,6,
scholastic,10,9,scholistac,9,
school,6,4,schook,4,
science,7,5,slierns,6,
scientific,10,9,scionrifin,9,
scientist,9,8,sciantast,8,
scissors,8,6,sciffors,6,
scold,5,5,scoil,4,
scoop,5,4,scieb,5,
scooter,7,6,scoomer,6,
scope,5,4,scoth,4,
scorch,6,5,scooth,4,
score,5,4,sconk,5,
scorn,5,5,scoin,4,
scorpion,8,8,scorbian,8,
scotch,6,4,scotes,5,
Scottish,8,6,Scobbish,6,
scour,5,5,scoun,4,
scout,5,4,slout,4,
scowl,5,4,scowdge,4,
scrabble,8,7,scraddle,7,
scramble,8,8,scrimdle,8,
scrap,5,5,scran,5,
scrape,6,5,scroom,5,
scratch,7,5,scrangs,6,
scrawny,7,6,scrimby,7,
scream,6,5,screeth,5,
screech,7,5,screce,5,
screen,6,5,squeen,5,
screw,5,4,scrow,4,
screwdriver,11,10,screwdruder,10,
screws,6,5,screve,5,
scribble,8,7,scrobbly,7,
scribe,6,5,scrobe,5,
script,6,6,scroopt,6,
scripture,9,8,scruptude,9,
scroll,6,5,scrogs,6,
scrotum,7,7,scritub,7,
scrub,5,5,strub,5,
scuba,5,5,scobu,5,
scuffle,7,6,scuddle,6,
scull,5,4,snull,4,
sculptor,8,8,scalpton,8,
sculpture,9,8,scalptare,8,
scurry,6,5,scuggy,5,
seagull,7,5,sengall,6,
seal,4,4,seow,3,
sealskin,8,8,soalskan,7,
seamstress,10,8,soamstriss,8,
seaplane,8,6,senplene,7,
search,6,4,searls,5,
seashore,8,5,senshare,6,
season,6,5,sensan,6,
seat,4,3,seor,4,
seaward,7,6,senword,7,
seaweed,7,5,senweek,6,
seclude,7,6,socrude,6,
second,6,6,seyord,6,
secondary,9,9,secostady,9,
secondhand,10,10,secindhind,10,
secrecy,7,7,secromy,7,
secret,6,6,sochet,5,
secretarial,11,11,secbetalial,11,
secretariat,11,11,secdetaliam,11,
secretary,9,9,secromary,9,
secrete,7,6,socrote,6,
secretion,9,8,secrotoon,8,
secretive,9,8,secrotave,8,
section,7,6,sentive,6,
secular,7,8,secomar,7,
secure,6,6,socune,6,
security,8,9,secanipy,8,
sedan,5,5,sodin,5,
sedate,6,5,sodake,5,
sedation,8,7,seditoon,7,
sedative,8,7,sedotale,7,
sediment,8,8,sedorent,8,
sedimentary,11,11,sedimintony,11,
seduce,6,6,sodace,5,
see,3,2,zee,2,
seed,4,3,soodge,3,
seek,4,3,seesh,3,
seem,4,3,soom,3,
seemly,6,5,seeply,5,
seesaw,6,4,saesow,4,
segment,7,7,sigmint,7,
segregate,9,8,segrogale,8,
segregation,11,10,secrogetive,10,
seize,5,3,sooze,3,
seizure,7,5,sendure,6,
seldom,6,6,sendim,6,
select,6,6,solede,5,
selection,9,8,selictoon,8,
self,4,4,seldge,4,
selfish,7,6,sulfist,7,
sell,4,3,zell,3,
semantic,8,8,semintac,8,
semen,5,5,somin,5,
semester,8,8,semisten,8,
semicolon,9,9,semitolen,9,
semifinal,9,8,semibical,9,
seminar,7,7,semolar,7,
seminary,8,8,semifary,8,
senate,6,5,sonade,5,
senator,7,7,serumor,7,
send,4,4,selt,4,
senile,6,5,sonale,5,
senior,6,6,sonior,5,
seniority,9,9,sefeerony,8,
sensation,9,8,sensotoon,8,
sense,5,4,selps,5,
sensibility,11,11,sensibolamy,11,
sensible,8,8,sensople,8,
sensitive,9,8,sensotave,8,
sensitivity,11,11,sensitavony,11,
sensitize,9,8,sensotase,8,
sensor,6,6,sonsom,6,
sensory,7,7,senlomy,7,
sensual,7,7,sencuat,7,
sensuality,10,11,sensuanimy,11,
sensually,9,8,sensianny,8,
sensuous,8,7,sencuous,8,
sentence,8,7,sertenes,7,
sentiment,9,9,sentorent,9,
sentimental,11,10,sentodencal,11,
separable,9,9,sepolamle,9,
separate,8,7,seporale,7,
separation,10,9,sepacative,9,
September,9,9,Septimben,9,
sequel,6,6,soquil,6,
sequence,8,7,soquerce,7,
sequin,6,6,siquid,6,
sergeant,8,7,surgrant,8,
series,6,5,sorios,6,
serious,7,6,sefioos,6,
sermon,6,6,sarmin,6,
serpent,7,7,sesdent,7,
serum,5,5,sorim,5,
servant,7,7,selfand,7,
serve,5,4,selch,4,
service,7,6,sorvide,6,
sesame,6,6,sesope,6,
set,3,3,seth,3,
setback,7,6,seltack,6,
settle,6,4,sekkle,5,
settlement,10,8,settlorent,9,
settler,7,6,sebbler,6,
seven,5,5,suven,5,
seventeen,9,8,severmeen,8,
seventy,7,7,severny,7,
sever,5,5,suver,5,
several,7,7,sevuran,7,
severe,6,5,sovese,5,
sew,3,2,soong,3,
sewage,6,4,sowade,5,
sewer,5,4,sawen,5,
sewing,6,4,seming,5,
sex,3,4,soosh,3,
sexual,6,7,sexoac,7,
sexuality,9,10,sexuanimy,11,
sexually,8,8,sexoanny,8,
shabby,6,4,shappy,4,
shack,5,3,shans,4,
shackle,7,5,shickle,5,
shade,5,3,shamp,4,
shading,7,5,shuding,5,
shadow,6,4,shidaw,4,
shaft,5,4,shaze,3,
shag,4,3,shog,3,
shake,5,3,shate,3,
shaken,6,5,shuker,5,
shaky,5,4,shuky,4,
shallow,7,4,sharrow,4,
shaman,6,5,shumin,5,
shamble,7,6,shimkle,6,
shame,5,3,shart,4,
shampoo,7,5,shimboo,5,
shamrock,8,6,slamrack,7,
shape,5,3,squape,5,
share,5,3,shash,3,
shark,5,4,sharf,4,
sharp,5,4,shars,4,
sharpen,7,6,shelput,6,
shatter,7,5,shapper,5,
shave,5,3,shadge,3,
shaven,6,5,shuven,4,
shaves,6,4,spaves,5,
shawl,5,3,shalk,4,
shear,5,3,sheam,3,
shears,6,4,sheave,3,
shed,4,3,shid,3,
sheep,5,3,shoop,3,
sheepskin,9,7,sheemskan,7,
sheet,5,3,sheeg,3,
shelf,5,4,shept,4,
shell,5,3,shems,4,
shellfish,9,6,shillmish,6,
shelter,7,6,shulper,6,
shelve,6,4,sherbs,5,
shelves,7,5,sherves,5,
shepherd,8,6,shiphard,6,
sherbet,7,6,sharbit,6,
sheriff,7,5,sharuff,5,
sherry,6,4,sheppy,4,
shield,6,4,shiefs,5,
shift,5,4,shooft,4,
shimmer,7,5,shigger,5,
shine,5,3,shink,4,
shiner,6,5,shuner,5,
shiny,5,4,shuny,4,
ship,4,3,shap,3,
shipboard,9,7,shinbeard,7,
shirk,5,4,shirth,4,
shirt,5,4,shirm,4,
shiver,6,5,shuver,5,
shock,5,3,shig,3,
shoe,4,2,shay,2,
shoemaker,9,7,shoemoken,7,
shoes,5,3,shaos,3,
shook,5,3,shool,3,
shop,4,3,shon,3,
shore,5,3,shogs,4,
short,5,4,shoys,3,
shortcake,9,7,shirtcase,7,
shortcoming,11,9,shortcaming,9,
shorten,7,5,sharten,6,
shorthand,9,8,shirthank,8,
shortstop,9,8,shirtstep,8,
shot,4,3,stot,4,
shotgun,7,6,shitgin,6,
shoulder,8,6,shaulper,6,
shout,5,3,shouch,3,
shove,5,3,shobs,4,
shovel,6,5,shuvel,5,
shower,6,4,shumer,5,
showman,7,5,shawmin,5,
showy,5,3,shawy,3,
shrank,6,5,shrams,5,
shred,5,4,shrod,4,
shrewd,6,4,shrel,4,
shriek,6,4,shrile,4,
shrill,6,4,shroil,4,
shrimp,6,5,squimp,6,
shrine,6,4,shrint,5,
shrink,6,5,shroonk,5,
shrivel,7,6,shroven,6,
shrub,5,4,shrob,4,
shrug,5,4,shrag,4,
shrunk,6,5,shrush,4,
shuck,5,3,shurs,4,
shudder,7,5,shugger,5,
shuffle,7,5,shuzzle,5,
shun,4,3,shen,3,
shut,4,3,sput,4,
shutter,7,5,shummer,5,
shuttle,7,4,shummle,5,
shy,3,2,sha,2,
Siamese,7,6,siamabs,7,
sick,4,3,sook,3,
sicken,6,5,sucken,5,
sickle,6,5,sockle,5,
sickness,8,6,sockpess,6,
side,4,3,jide,3,
siding,6,5,soding,5,
sierra,6,5,siemma,5,
sift,4,4,sirk,4,
sigh,4,2,sirm,4,
sight,5,3,jight,3,
sign,4,3,jine,3,
signal,6,6,sogmal,6,
signature,9,8,signutare,8,
signboard,9,7,sernbeard,8,
significance,12,11,signiticants,12,
signification,13,12,signiforalion,13,
signify,7,7,signory,7,
signpost,8,7,sernpist,8,
silence,7,6,solenes,6,
silent,6,6,solert,6,
silhouette,10,6,silhonitte,7,
silicon,7,7,silocun,7,
silk,4,4,sisk,4,
silly,5,4,sibby,4,
silver,6,6,sulmer,6,
silverware,10,9,silvarwale,9,
similar,7,7,simolan,7,
similarity,10,10,similorany,10,
similarly,9,9,similandy,9,
simile,6,6,simote,6,
simmer,6,5,siller,5,
simple,6,6,sumgle,6,
simplicity,10,10,simprocily,10,
simplification,14,13,simplifomalion,14,
simplify,8,8,simplory,8,
simulate,8,8,simolale,7,
simulation,10,10,simunative,10,
simultaneous,12,11,simultinuian,12,
sin,3,3,zidge,3,
since,5,4,sinch,4,
sincere,7,6,sancede,6,
sing,4,3,sint,4,
single,6,6,sunkle,6,
singular,8,9,singofar,8,
singularity,11,12,singulorany,11,
singularly,10,11,sinmutancy,11,
sinister,8,8,sinosper,8,
sink,4,4,soonk,4,
sinus,5,5,sunis,5,
sip,3,3,sup,3,
sir,3,3,serth,4,
siren,5,5,sorin,5,
sirloin,7,6,sorlein,6,
sister,6,6,susper,6,
sit,3,3,souge,3,
situated,8,9,situaper,9,
situation,9,9,situanium,9,
six,3,4,sersh,4,
sixteen,7,7,suxtoon,7,
sixty,5,6,sifry,5,
sizable,7,7,sizeabro,7,
size,4,3,soze,3,
sizzle,6,5,siggle,5,
skate,5,4,skake,4,
skateboard,10,8,skotebeard,8,
skeleton,8,7,skelotin,8,
skeptic,7,7,sciptid,7,
sketch,6,4,skutch,4,
ski,3,3,smi,3,
skid,4,4,smid,4,
skill,5,4,skick,4,
skillet,7,6,smillit,6,
skim,4,4,skig,4,
skimp,5,5,skile,4,
skin,4,4,snin,4,
skintight,9,7,skantauht,7,
skip,4,4,skap,4,
skipper,7,6,skiffer,6,
skirt,5,5,skith,4,
skis,4,4,skir,4,
skit,4,4,skite,4,
skunk,5,5,smunk,5,
sky,3,3,skoy,3,
skyscraper,10,10,skyscripen,10,
slab,4,4,spab,4,
slack,5,4,slans,5,
slacken,7,6,spicken,6,
slain,5,4,sloin,4,
slam,4,4,slar,4,
slander,7,7,snindet,7,
slang,5,4,slaws,4,
slant,5,5,spant,5,
slap,4,4,slup,4,
slash,5,4,sloosh,4,
slate,5,4,slote,4,
slaughter,9,6,slonchper,8,
slave,5,4,slare,4,
slavery,7,7,slavemy,7,
Slavic,6,6,Spivic,6,
slaw,4,3,slouse,4,
sleazy,6,5,sweaky,5,
sled,4,4,slud,4,
sledge,6,4,slence,5,
sledgehammer,12,9,sledgehadder,9,
sleek,5,4,slook,4,
sleep,5,4,sleen,4,
sleeve,6,4,sleems,5,
sleigh,6,3,sloy,3,
sleight,7,4,slidge,4,
slender,7,7,snunded,7,
slept,5,5,slelf,5,
slice,5,4,slirk,5,
slicker,7,6,slucker,6,
slid,4,4,sloid,4,
slide,5,4,slude,4,
sliding,7,6,sluding,6,
slim,4,4,slig,4,
slime,5,4,slome,4,
sling,5,4,sping,4,
slingshot,9,7,slangshut,7,
slip,4,4,sloith,4,
slipknot,8,7,slapknit,7,
slipper,7,6,sliffer,6,
slippers,8,7,slitters,7,
slippery,8,7,slippeny,7,
slit,4,4,slin,4,
slither,7,6,sluther,7,
sliver,6,6,sluver,6,
slobber,7,6,slodder,6,
slope,5,4,slipe,4,
sloppy,6,5,sloddy,5,
slot,4,4,slet,4,
slouch,6,4,slooch,4,
slow,4,3,slau,3,
slug,4,4,sloog,4,
slum,4,4,spum,4,
slumber,7,7,slurger,7,
slump,5,5,slimp,5,
slur,4,4,slursh,5,
slut,4,4,slun,4,
sly,3,3,slish,4,
smack,5,4,smook,4,
small,5,4,smill,4,
smart,5,5,smace,4,
smash,5,4,smank,5,
smear,5,4,smead,4,
smell,5,4,smegs,5,
smelled,7,5,skelled,5,
smile,5,4,smike,4,
smirk,5,5,smirch,5,
smith,5,4,zich,3,
smoke,5,4,smofe,4,
smooth,6,4,smoose,4,
smother,7,6,smizzer,6,
smudge,6,4,smedge,4,
smug,4,4,skug,4,
smuggle,7,6,smupple,6,
smut,4,4,smum,4,
snack,5,4,snock,4,
snag,4,4,snig,4,
snail,5,4,snain,4,
snake,5,4,snate,4,
snap,4,4,snop,4,
snare,5,4,snave,4,
snarl,5,5,snabe,4,
snatch,6,4,snotch,4,
sneak,5,4,sweak,4,
sneaker,7,6,snealer,6,
sneer,5,4,sneeg,4,
sneeze,6,4,sneege,4,
snicker,7,6,snucker,6,
sniff,5,4,snoff,4,
sniffle,7,6,snittle,6,
snitch,6,4,snutch,4,
snob,4,4,snoy,3,
snoop,5,4,snool,4,
snooze,6,4,snooge,4,
snore,5,4,snove,4,
snorkel,7,7,sworfel,7,
snort,5,5,snirt,5,
snow,4,3,snong,4,
snuggle,7,6,snuttle,6,
soak,4,3,sove,3,
soap,4,3,soath,3,
soar,4,3,soam,3,
sob,3,3,zob,3,
sober,5,5,saben,5,
soccer,6,5,sopper,5,
sociability,11,10,sociabolamy,11,
sociable,8,7,socintle,8,
sociably,8,7,socintly,8,
social,6,5,sodial,6,
socialistic,11,10,sonialictis,11,
socialization,13,11,socialoramion,12,
socialize,9,7,socianase,7,
society,7,7,sopieny,7,
sociology,9,9,socialiny,9,
sock,4,3,sosh,3,
socket,6,5,sicket,5,
socks,5,4,soves,4,
sod,3,3,som,3,
soda,4,4,sudo,4,
sodium,6,6,soriom,6,
sofa,4,4,safo,4,
soft,4,4,joft,4,
softball,8,7,siftbull,7,
soften,6,5,sopter,6,
soggy,5,4,soffy,4,
soil,4,3,soin,3,
sol,3,3,zorl,4,
solar,5,5,suler,5,
sold,4,4,solsh,4,
soldier,7,6,suldien,7,
solely,6,5,salely,4,
solemn,6,5,salern,6,
solemnly,8,7,solimnry,8,
soles,5,4,sodes,4,
solid,5,5,sarid,5,
solidarity,10,10,solidorony,10,
solidify,8,8,somidiry,8,
solidity,8,8,somidipy,8,
solidly,7,7,soludry,7,
solitaire,9,7,solotaive,7,
solo,4,4,sula,4,
solubility,10,11,solubolamy,11,
soluble,7,8,solomle,7,
solution,8,7,solotoon,7,
solve,5,4,soits,4,
somebody,8,7,somebory,7,
someday,7,5,samedar,6,
somersault,10,9,somorfault,10,
something,9,6,samethint,7,
son,3,3,suv,3,
sonar,5,5,sanam,5,
song,4,3,zooth,3,
soon,4,3,sorth,4,
soot,4,3,suk,3,
soothe,6,3,soobed,4,
sophisticated,13,12,sophistocuten,12,
soprano,7,7,soprinu,7,
sorcery,7,7,sorpery,7,
sorority,8,8,soporiny,8,
sorrow,6,4,sommow,4,
sorry,5,4,sommy,4,
sort,4,4,zert,4,
sought,6,3,sounce,4,
sound,5,4,souch,3,
soup,4,3,soip,3,
sour,4,4,souf,3,
source,6,4,smooce,4,
south,5,3,saith,3,
southeast,9,6,seetheist,6,
southern,8,6,seetherd,6,
southward,9,7,seethwack,6,
southwest,9,7,seethwert,7,
souvenir,8,7,souvomir,7,
sovereign,9,7,sovereach,7,
soviet,6,6,soriem,6,
soy,3,2,sry,3,
spa,3,3,spo,3,
space,5,4,spage,4,
spaceship,9,7,spiceshap,7,
spacious,8,6,sladrous,7,
spade,5,4,spood,4,
spaghetti,9,7,spaghezzi,7,
span,4,4,spep,4,
Spaniard,8,8,Spinaord,8,
spaniel,7,7,spariet,7,
Spanish,7,6,slinist,7,
spank,5,5,spags,5,
spare,5,4,spowth,4,
sparing,7,6,shanint,6,
spark,5,5,sparth,5,
sparkle,7,7,spantle,7,
sparrow,7,5,spannow,5,
sparse,6,5,slarse,5,
spasm,5,6,spism,6,
spastic,7,7,spistid,7,
spat,4,4,spaf,4,
spatial,7,6,spotian,7,
spatter,7,6,spaffer,6,
spatula,7,7,spatuna,7,
spawn,5,4,spalt,5,
speak,5,4,speath,4,
spear,5,4,spoif,4,
special,7,6,spocian,6,
specialization,14,12,specialoramion,13,
specialty,9,8,specianry,9,
species,7,6,spamies,6,
specific,8,8,specinic,8,
specification,13,12,speciforalion,13,
specify,7,7,specory,7,
specimen,8,8,specuren,9,
speck,5,4,spelk,5,
spectacle,9,9,spectople,9,
spectacular,11,12,spectamuber,11,
spectator,9,9,spectopor,9,
spectrum,8,8,spictram,8,
speculate,9,9,specolale,8,
speculation,11,11,specuranion,12,
speculative,11,11,specurasive,11,
speech,6,4,spouch,4,
speed,5,4,spowd,4,
speedometer,11,10,speedorener,10,
speedway,8,6,speelray,6,
spell,5,4,spoll,4,
spend,5,5,spong,4,
spent,5,5,spint,5,
sperm,5,5,sporm,5,
spew,4,4,spow,3,
sphere,6,4,schere,4,
spherical,9,8,spheromal,8,
sphinx,6,6,sphign,4,
spice,5,4,spirk,4,
spider,6,6,spuden,6,
spike,5,4,slike,4,
spill,5,4,sposh,4,
spilled,7,5,spigged,5,
spilt,5,5,zilt,4,
spin,4,4,spanch,5,
spinach,7,6,spanape,6,
spinal,6,5,spumal,6,
spine,5,4,sline,4,
spinster,8,8,spunstem,8,
spiral,6,6,spomal,6,
spirit,6,6,spovid,6,
spiritual,9,9,spirotean,8,
spirituality,12,12,spirinuaripy,13,
spiritualize,12,12,spiritoatics,12,
spirituous,10,9,spiropious,9,
spit,4,4,spish,4,
spite,5,4,spodge,4,
splash,6,5,splank,6,
splatter,8,7,splitten,7,
spleen,6,5,spleek,5,
splendid,8,8,splindad,8,
splendor,8,8,splindon,8,
splice,6,5,spling,5,
splint,6,6,splant,6,
splinter,8,8,splenten,8,
split,5,5,spliep,6,
splurge,7,6,splorge,6,
spoil,5,4,spoin,4,
spoiled,7,5,sloiled,5,
spoke,5,4,spote,4,
spoken,6,6,spazen,6,
spokesman,9,8,spakesmen,8,
sponge,6,5,spenge,5,
sponsor,7,7,spentor,7,
spontaneous,11,10,spontoreous,10,
spontaneously,13,12,spondabeousty,12,
spook,5,4,spoob,4,
spool,5,4,spoog,4,
spoon,5,4,spoop,4,
sport,5,5,spoth,4,
sportsman,9,9,spartsmen,9,
spot,4,4,spath,4,
spout,5,4,spoot,4,
sprain,6,5,sprail,5,
sprang,6,5,sprank,6,
sprawl,6,5,spralk,6,
spray,5,4,shray,3,
spread,6,5,spreat,5,
spring,6,5,sproong,5,
springtime,10,8,sprungtame,8,
sprinkle,8,8,spruntle,8,
sprint,6,6,sprike,5,
sprite,6,5,sprute,5,
sprout,6,5,spreet,5,
sprung,6,5,sprunk,6,
spunk,5,5,spung,4,
spur,4,4,spug,4,
spurt,5,5,spurk,5,
spy,3,3,spu,3,
squad,5,5,squap,5,
squadron,8,8,squatran,8,
square,6,5,squave,5,
squash,6,5,squank,6,
squat,5,5,squit,5,
squawk,6,5,squaif,5,
squeak,6,5,spreak,5,
squeal,6,5,squif,5,
squeamish,9,7,squearise,8,
squeeze,7,5,squeech,5,
squid,5,5,shrid,4,
squint,6,6,squing,5,
squirm,6,6,squisk,6,
squirrel,8,7,squippel,7,
squirt,6,6,squift,6,
stab,4,4,stoth,4,
stability,9,9,stafilicy,9,
stabilize,9,8,stabolase,8,
stabilizer,10,10,stabunizel,10,
stable,6,6,stuple,6,
stack,5,4,stads,5,
stadium,7,7,starion,7,
staff,5,4,stath,4,
stag,4,4,stig,4,
stage,5,4,starm,5,
stagger,7,6,statter,6,
staging,7,6,shigint,6,
stagnant,8,8,stignint,8,
stagnate,8,7,stignape,7,
stagnation,10,9,stagnotoon,9,
stain,5,4,stoin,4,
stair,5,4,stooch,4,
stake,5,4,stabe,4,
stale,5,4,stoil,4,
stalk,5,4,starl,5,
stalked,7,5,stooked,5,
stall,5,4,stast,5,
stallion,8,7,stappion,7,
stamina,7,7,stamora,7,
stamp,5,5,stalt,5,
stand,5,5,stape,4,
standard,8,8,stintard,8,
standardization,15,14,standardozimion,14,
standardize,11,10,standarnase,10,
standby,7,7,stundby,7,
stank,5,5,stoonk,5,
stanza,6,6,starka,6,
staple,6,6,stoble,6,
star,4,4,stoosh,4,
starch,6,5,starls,6,
starfish,8,7,sturfash,7,
starling,8,7,sturlink,8,
start,5,5,stoong,4,
startle,7,6,stangle,7,
starvation,10,9,starvotoon,9,
starve,6,5,storve,5,
state,5,4,stope,4,
stateroom,9,7,starereem,6,
statesman,9,8,staresmen,8,
static,6,6,shatib,5,
station,7,6,stutive,7,
stationary,10,9,statialury,10,
statistics,10,10,statintims,10,
statue,6,5,stitoe,5,
statuette,9,8,statoitte,7,
stature,7,6,stitore,6,
status,6,6,shanus,5,
statute,7,6,shalute,6,
statutory,9,9,staturomy,10,
stay,4,3,styng,4,
steady,6,5,steary,6,
steal,5,4,stike,4,
steam,5,4,stoom,4,
steelyard,9,8,steeryark,8,
steep,5,4,stiem,5,
steeple,7,6,sweeble,6,
steer,5,4,steeg,4,
stem,4,4,stoim,4,
stench,6,5,stedge,4,
stencil,7,7,stoncit,7,
step,4,4,stoip,4,
stepbrother,11,10,stepbronder,11,
stepsister,10,10,stepsusper,10,
stereo,6,6,steria,6,
stereotype,10,9,steriatape,9,
sterile,7,6,swerale,6,
sterility,9,9,stebilicy,9,
sterilization,13,12,sterilozimion,13,
sterilize,9,8,sterolase,8,
sterilizer,10,10,sterinizel,10,
sterling,8,7,stimlink,8,
stern,5,5,storn,5,
stethoscope,11,9,stethascape,9,
stew,4,4,stel,4,
stick,5,4,stish,4,
stickler,8,8,stucklen,7,
sticky,6,5,swicky,5,
stiff,5,4,stite,4,
stillborn,9,8,swillbarn,8,
stimulant,9,10,stimorant,9,
stimulation,11,11,stimucative,11,
stimulus,8,9,stimodus,8,
sting,5,4,stong,4,
stingy,6,6,shinpy,5,
stink,5,5,stonk,5,
stipulation,11,11,stipucative,11,
stir,4,4,stib,4,
stirrup,7,6,swirrap,6,
stitch,6,4,stetch,4,
stock,5,4,stons,5,
stockbroker,11,10,stockblozer,10,
stockholder,11,10,stockbolden,10,
stocking,8,6,stushint,7,
stocky,6,5,swocky,5,
stockyard,9,8,swockmard,8,
stole,5,4,stote,4,
stolen,6,6,spoden,6,
stomach,7,6,stopank,7,
stone,5,4,stose,4,
stood,5,4,stoot,4,
stooge,6,4,stooze,4,
stool,5,4,stoob,4,
stoop,5,4,stoof,4,
stop,4,4,stiep,5,
stopwatch,9,7,stepwitch,7,
storage,7,6,sturard,7,
store,5,4,stogs,5,
storeroom,9,7,sworeroam,6,
storied,7,6,slovied,6,
stork,5,5,stoft,5,
storm,5,5,stosk,5,
story,5,5,swoby,5,
stout,5,4,steet,4,
stove,5,4,stosh,4,
straddle,8,6,stramfle,8,
straight,8,5,strafe,5,
straighten,10,6,scrautchen,7,
straightforward,15,12,straightfonwarp,12,
straightway,11,7,scrautchmay,7,
strain,6,5,strail,5,
strainer,8,7,stroiner,7,
strand,6,6,strind,6,
strange,7,6,strawls,6,
stranger,8,8,strunger,8,
strangle,8,8,strinble,8,
strangulate,11,11,strangolape,10,
strangulation,13,13,strantulonion,13,
strap,5,5,strup,5,
strategic,9,9,stratogin,9,
strategist,10,10,stratogust,10,
strategy,8,8,stratory,8,
stratosphere,12,10,stratisphare,10,
straw,5,4,strag,5,
strawberry,10,8,strawbezzy,8,
stray,5,4,stras,5,
streak,6,5,streal,5,
stream,6,5,strome,5,
street,6,5,streef,5,
strength,8,7,streorge,6,
strengthen,10,9,straunchen,8,
stress,6,5,struss,5,
stretch,7,5,strotch,5,
stricken,8,7,strucken,7,
strict,6,6,struct,6,
stride,6,5,straish,5,
striding,8,7,struding,7,
strike,6,5,struke,5,
string,6,5,strunk,6,
strip,5,5,streeth,5,
stripe,6,5,strich,5,
strive,6,5,strave,5,
striving,8,7,struving,7,
stroke,6,5,strose,5,
stroll,6,5,strock,5,
strong,6,5,stroms,6,
stronger,8,7,stringen,8,
stronghold,10,9,strangheld,9,
strongly,8,7,stranglo,8,
struck,6,5,strack,5,
structure,9,8,strictude,9,
struggle,8,7,strustle,8,
strung,6,5,stroonk,6,
stubble,7,6,studdle,6,
stubborn,8,7,studdorn,6,
stuck,5,4,sture,5,
stud,4,4,stush,4,
student,7,7,stidesh,6,
studied,7,6,stevied,6,
studio,6,7,sturia,6,
studious,8,8,sturioes,7,
study,5,5,stidy,5,
stuff,5,4,stugs,5,
stuffy,6,5,stoffy,5,
stumble,7,7,shurmle,6,
stump,5,5,stimp,5,
stun,4,4,ston,4,
stung,5,4,stune,5,
stunk,5,5,stute,5,
stunt,5,5,stoont,5,
stupendous,10,10,stupinmous,9,
stupid,6,7,stogid,6,
stupidity,9,10,sturidicy,9,
stupidly,8,9,stupinry,8,
sturdy,6,6,starty,6,
stutter,7,6,stugger,6,
sty,3,3,smy,3,
style,5,4,styfe,4,
stylish,7,6,stilist,7,
stylist,7,7,stilirt,7,
suave,5,4,surze,4,
sub,3,3,sug,3,
subcommittee,12,9,subconcitree,11,
subconscious,12,9,subcomstrous,11,
subdivide,9,8,subduvade,8,
subject,7,7,sabjict,7,
subjective,10,9,subjictave,9,
sublime,7,6,siblame,6,
submarine,9,8,submopine,8,
submerge,8,7,sudmarge,7,
submerse,8,7,sudmelse,7,
submit,6,6,sulnit,6,
subnormal,9,9,subnardal,9,
subordinate,11,10,subolducate,11,
subscribe,9,8,sibscrabe,8,
subsequent,10,10,subsoquint,10,
subsequently,12,12,subsuprentry,12,
subside,7,6,sulsade,6,
subsidize,9,8,subsodase,8,
subsidy,7,7,subsony,7,
substance,9,8,sobstarce,8,
substandard,11,11,substintard,11,
substantial,11,10,substinrial,11,
substantiate,12,11,subclanriase,11,
substitute,10,10,substotate,9,
substitution,12,12,subpritative,11,
substructure,12,11,substrictude,12,
subterranean,12,11,subtorrinuan,12,
subtitle,8,7,subtorle,8,
subtle,6,4,sabmle,6,
subtly,6,5,sibfly,6,
subtract,8,8,sabtruct,8,
subtropical,11,11,subtripinal,11,
suburb,6,6,sibarb,6,
suburban,8,8,subulbin,8,
subway,6,5,sabmay,5,
succeed,7,6,sunneed,6,
succeeding,10,8,succooding,8,
success,7,6,suttess,5,
successive,10,8,succissave,8,
succulent,9,9,succirent,9,
suck,4,3,zick,3,
suckle,6,5,sorkle,6,
suckling,8,7,sickping,6,
sucrose,7,6,socruse,6,
suction,7,6,surtive,6,
sudden,6,4,suppen,5,
sue,3,2,soif,3,
suede,5,4,sulge,4,
suffer,6,5,sulper,6,
suffice,7,5,suppice,5,
sufficiency,11,9,suffulianty,10,
suffix,6,6,summix,6,
suffocate,9,7,suffucase,7,
suffocation,11,9,suffetative,9,
suffrage,8,6,suddrage,6,
sugar,5,5,sular,5,
sugarcane,9,8,sugancase,8,
suggest,7,7,suppest,6,
suggestion,10,9,suggistoon,8,
suicidal,8,7,suimidar,8,
suicide,7,6,suocade,6,
suit,4,3,soig,3,
suitability,11,10,suitabolany,10,
suitable,8,7,suitabro,7,
suitableness,12,10,suitagleress,10,
suitcase,8,6,suidcare,7,
suite,5,4,soite,3,
suiting,7,5,soitive,5,
sulfur,6,6,silphor,6,
sulfuric,8,9,sulphorin,8,
sullen,6,5,surren,5,
sultan,6,5,salfan,6,
summarily,9,8,sumparicy,9,
summarize,9,7,summorase,7,
summary,7,6,summony,6,
summer,6,5,sugger,5,
summit,6,5,suggit,5,
summon,6,5,suggon,5,
summons,7,6,sammots,6,
sundae,6,5,sindam,6,
sung,4,3,sunt,4,
sunk,4,4,sugs,4,
sunken,6,6,sinben,6,
sunlight,8,6,sinright,6,
sunrise,7,6,sinrose,6,
sunset,6,6,sinsut,6,
sunshine,8,6,sinscone,7,
superabundant,13,13,superobinrant,14,
superb,6,6,soperk,6,
superficial,11,10,supecbinial,11,
superior,8,8,supomier,7,
supernatural,12,12,supernemutal,12,
superstructure,14,13,superstractend,13,
supervise,9,8,suporvase,8,
supervision,11,10,sucerbisive,10,
supervisor,10,10,suternibor,10,
supervisory,11,11,supervosiry,10,
supper,6,5,suzzer,5,
supplement,10,9,supplorent,9,
supplemental,12,10,supplomerdal,11,
supply,6,5,suffly,5,
support,7,6,sippark,6,
suppose,7,5,suffose,5,
supposed,8,6,sippides,6,
suppository,11,10,supposotany,10,
suppress,8,6,sippriss,6,
supremacy,9,9,supracaty,9,
supreme,7,6,soprime,6,
sure,4,3,soont,4,
surface,7,6,sorfade,6,
surfboard,9,8,surtbeard,8,
surgeon,7,6,sarteon,6,
surgery,7,7,surguly,8,
surgical,8,8,surgoral,8,
surname,7,6,sarnate,6,
surpass,7,6,sarpiss,6,
surplus,7,7,sunplis,7,
surprise,8,7,sunprite,7,
surrender,9,8,surrinmer,8,
surrogate,9,7,surrugale,7,
surround,8,6,suppound,6,
survey,6,5,sarvoy,5,
surveying,9,7,survoying,7,
survive,7,6,sarvave,6,
susceptible,11,10,susmetrinle,11,
suspect,7,7,surpict,7,
suspend,7,7,surlend,7,
suspense,8,7,surpelse,7,
suspicion,9,8,susporion,9,
sustain,7,6,sistope,6,
swab,4,4,swib,4,
swallow,7,5,swaffow,5,
swam,4,4,swal,4,
swamp,5,5,swimp,5,
swan,4,4,swin,4,
swap,4,4,swof,4,
swarm,5,5,swarth,5,
swastika,8,8,swastoki,8,
swat,4,4,snat,4,
sway,4,3,scay,3,
swear,5,4,sweer,4,
sweat,5,4,swoot,4,
sweater,7,6,sweaker,6,
swede,5,4,swemp,5,
Swedish,7,6,slegish,6,
sweep,5,4,swees,4,
sweepstakes,11,9,sweetspakes,9,
sweetbread,10,8,sweepbroad,8,
sweeten,7,5,sweepen,6,
sweetheart,10,8,sweephearl,8,
swell,5,4,swash,4,
swept,5,5,swelf,5,
swerve,6,5,swelve,5,
swift,5,5,swirk,5,
swim,4,4,snim,4,
swimsuit,8,7,swumsait,7,
swindle,7,6,swangle,7,
swine,5,4,swink,5,
swing,5,4,swiet,5,
swipe,5,4,swice,4,
swirl,5,5,swirm,5,
swish,5,4,swive,4,
Swiss,5,4,swile,4,
switch,6,4,swikes,5,
swivel,6,6,swoven,6,
swollen,7,6,sninlet,7,
swoop,5,4,swood,4,
sword,5,4,swork,5,
swordsman,9,8,swurdsten,9,
swore,5,4,swone,4,
sworn,5,5,swold,5,
swung,5,4,swong,4,
syllable,8,7,syllomle,7,
syllabus,8,7,syllobis,7,
symbolic,8,8,symbilin,8,
symbolism,9,10,symbilive,8,
symbolization,13,12,symboloramion,13,
symbolize,9,8,symbilase,8,
symmetrical,11,10,symcetniral,11,
symmetry,8,7,symmopry,7,
sympathetic,11,10,symcatherid,10,
sympathize,10,8,sympothaze,8,
sympathy,8,7,symlaphy,7,
symphony,8,7,symphury,7,
symptom,7,7,sampten,7,
synchronize,11,9,synchrulize,9,
syndicate,9,8,syncidate,8,
syndication,11,10,synpitative,10,
syndrome,8,7,sandrame,7,
synonym,7,7,synurym,7,
synonymous,10,9,syninymion,10,
synthesis,9,8,synthasus,8,
synthetic,9,8,synthotin,8,
syringe,7,6,sarunge,6,
syrup,5,5,sarub,5,
system,6,6,syntey,5,
systematic,10,10,systeretid,10,
systemize,9,8,systamase,8,
tab,3,3,tob,3,
table,5,5,tomle,5,
tablecloth,10,9,tabloclath,9,
tablespoon,10,9,tablospeen,9,
tablespoonful,13,12,taplespeendul,12,
tablet,6,6,tiblen,6,
tableware,9,8,tablowade,8,
taboo,5,4,tobee,4,
tabulation,10,10,tabucative,10,
tack,4,3,tash,3,
tackle,6,5,tockle,5,
tacky,5,4,tucky,4,
tact,4,4,tafe,3,
tactic,6,6,tuctib,6,
tadpole,7,6,tidpile,6,
taffy,5,4,tazzy,4,
tag,3,3,tog,3,
tail,4,3,tark,4,
tailless,8,6,tainness,6,
tailor,6,5,toilon,5,
taint,5,4,taits,4,
take,4,3,tade,3,
taken,5,4,tokif,5,
talent,6,6,tolert,6,
talk,4,3,tarm,4,
talkative,9,7,talkomive,7,
tall,4,3,tain,3,
tambourine,10,8,tambearane,8,
tame,4,3,jame,3,
tan,3,3,tam,3,
tang,4,3,tave,3,
tangent,7,7,tongint,7,
tangerine,9,8,tangorane,8,
tangible,8,8,tangorle,8,
tangle,6,6,tongly,5,
tango,5,5,tongu,5,
tank,4,4,toink,4,
tanker,6,6,tonker,6,
tanner,6,5,taffer,5,
tantalize,9,7,tantolaze,8,
tantrum,7,7,tuntoom,6,
tap,3,3,tach,3,
tape,4,3,tage,3,
tapeworm,8,7,tanewort,7,
tapioca,7,7,tapiola,7,
taps,4,4,tadge,3,
tar,3,3,ter,3,
tardy,5,5,turpy,5,
target,6,6,tancet,6,
tariff,6,5,turaff,5,
tarnish,7,6,tanmish,6,
tart,4,4,tarze,4,
task,4,4,tisk,4,
tassel,6,5,tarrel,5,
taste,5,4,taids,4,
tasty,5,5,tusty,5,
tattle,6,4,tapple,5,
tattoo,6,4,tappoo,4,
taught,6,3,taunch,4,
taunt,5,4,toont,4,
tavern,6,6,toverd,6,
tax,3,4,toox,4,
taxation,8,8,taxorion,9,
taxi,4,5,toxa,4,
taxicab,7,8,taxocub,8,
taxpayer,8,8,taxmayen,8,
teach,5,3,toash,3,
teacher,7,5,toachen,5,
team,4,3,tierf,4,
teammate,8,6,toommard,7,
tear,4,3,tead,3,
tease,5,3,tures,5,
teaspoon,8,6,terspeen,7,
teat,4,3,tiat,4,
technical,9,8,technoral,8,
technicality,12,11,technicolary,11,
technician,10,8,technorian,9,
technique,9,6,tertnoque,7,
technological,13,12,technolagoral,12,
technology,10,9,technilocy,9,
tedious,7,6,tecioos,6,
teen,4,3,tien,4,
teens,5,4,tiens,5,
teeny,5,4,toomy,4,
teeth,5,3,toath,3,
telecast,8,8,telocist,8,
telecommunication,17,16,telecompuribation,17,
telegram,8,8,telogrim,8,
telegrapher,11,10,telermaphic,9,
telegraphic,11,10,teletrastid,11,
telepathy,9,8,telerachy,8,
telephone,9,7,telophane,7,
telephonic,10,9,telepronac,10,
telephoto,9,8,telephiro,8,
telescope,9,8,teloscape,8,
telescopic,10,10,telestepir,10,
televise,8,7,telovase,7,
television,10,9,telebitive,9,
tell,4,3,tesh,3,
temper,6,6,tomfer,6,
temperament,11,11,temporozint,11,
temperamental,13,12,temperamindal,13,
temperate,9,8,temporase,8,
temperature,11,10,temporotude,11,
tempest,7,7,tumbest,7,
temple,6,6,tomble,6,
temporal,8,8,tempatal,8,
temporarily,11,11,temporatomy,11,
temporary,9,9,temtonary,9,
tempt,5,5,telsh,4,
temptation,10,9,temptotoon,9,
ten,3,3,tinth,4,
tenant,6,6,tonash,5,
tend,4,4,tert,4,
tendency,8,8,tendinry,8,
tender,6,6,tanzer,6,
tenderfoot,10,9,tendormoot,9,
tenderhearted,13,12,tenberhounter,11,
tenderize,9,8,tendorase,8,
tenderloin,10,9,tendorlain,9,
tendon,6,6,tondin,6,
tennis,6,5,teppis,5,
tenor,5,5,tifor,5,
tense,5,4,telms,5,
tension,7,6,tunsive,6,
tent,4,4,tunt,4,
tentacle,8,8,tentomle,8,
tentative,9,8,tentotave,8,
tequila,7,6,teguilo,6,
term,4,4,telk,4,
terminal,8,7,terrifal,7,
terminate,9,8,terfirate,8,
termination,11,10,tercimative,10,
terminology,11,11,terminalory,11,
termite,7,6,tarmate,6,
terrace,7,5,teppace,5,
terrain,7,5,teppain,5,
terrible,8,7,terromle,7,
terrier,7,6,terroen,6,
terrific,8,7,terrofin,7,
terrify,7,6,terromy,6,
territorial,11,10,tersitudian,11,
territory,9,8,termicoly,9,
terror,6,5,teffor,5,
test,4,4,terg,4,
testament,9,9,testomint,9,
tester,6,6,tister,6,
testes,6,6,tictis,6,
testicle,8,8,testople,8,
testify,7,7,testory,7,
testimonial,11,11,testomitian,11,
testimony,9,9,testedocy,9,
testy,5,5,tisty,5,
text,4,5,tewt,4,
textbook,8,8,tertbeek,7,
textile,7,7,tertale,6,
texture,7,7,tedtore,6,
thank,5,4,thash,3,
thanksgiving,12,10,thanksgoring,10,
thaw,4,2,thadge,3,
theater,7,6,theopre,5,
theatrical,10,9,theaclinal,9,
theft,5,4,theld,4,
theme,5,3,thert,4,
themselves,10,8,thimserves,8,
theology,8,7,theoropy,7,
theoretical,11,10,theorecimal,10,
theorize,8,6,thearaze,6,
theory,6,4,theamy,5,
therapeutic,11,10,therapaetis,9,
therapy,7,6,theromy,6,
therefore,9,6,thurefare,6,
thermal,7,6,thormil,6,
thermometer,11,10,thermineber,10,
thermostat,10,9,thermestit,9,
thermostatic,12,11,thermicratid,11,
these,5,3,thuse,3,
thesis,6,5,thasus,5,
thick,5,3,thodge,3,
thicken,7,5,thocken,5,
thicket,7,5,thocket,5,
thief,5,3,thouf,3,
thieve,6,3,thiest,5,
thievery,8,6,thieveny,6,
thieves,7,4,thooves,4,
thigh,5,2,thisk,4,
thimble,7,6,thittle,5,
thin,4,3,thun,3,
thing,5,3,thive,3,
think,5,4,thoonk,4,
thinner,7,5,thimmer,5,
third,5,4,thirk,4,
thirst,6,5,thorst,5,
thirteen,8,6,thartoon,6,
thirty,6,5,thorty,5,
thistle,7,5,thasple,6,
thong,5,3,thielve,5,
thorn,5,4,thurg,4,
thorough,8,4,thurogue,5,
thoroughbred,12,8,thorouldbrid,10,
those,5,3,thoke,3,
thought,7,3,thounce,4,
thousand,8,6,thursank,7,
thrash,6,4,thrank,5,
thread,6,4,throod,4,
threat,6,4,threash,4,
three,5,3,threa,4,
threshold,9,8,thrushald,7,
threw,5,3,thraw,3,
thrift,6,5,thraft,5,
thrill,6,4,thrigs,5,
thrive,6,4,thrave,4,
thriving,8,6,thruding,6,
throat,6,4,troosh,4,
throb,5,4,thrub,4,
throne,6,4,threen,4,
throughout,10,5,throuseout,6,
throw,5,3,throg,4,
thrust,6,5,throost,5,
thud,4,3,thed,3,
thumb,5,3,thowl,3,
thump,5,4,thamp,4,
thunder,7,6,thinper,6,
thundershower,13,10,thundorcrepar,12,
Thursday,8,6,Thorsmay,6,
thyroid,7,5,thamoid,5,
thyself,7,6,thoseft,6,
ticket,6,5,tocket,5,
ticking,7,5,tirking,6,
tickle,6,5,tuckly,5,
tidal,5,4,todal,5,
tidbit,6,6,tilsit,6,
tide,4,3,timp,4,
tidy,4,4,topy,4,
tie,3,2,teo,3,
tiger,5,5,toker,5,
tight,5,3,tilks,5,
tights,6,4,tidged,4,
tile,4,3,tife,3,
tilt,4,4,tauk,3,
timber,6,6,tamfer,6,
time,4,3,toadge,3,
times,5,4,tudes,5,
timetable,9,8,timetomle,8,
timid,5,5,tamod,5,
timidity,8,8,timisipy,8,
timidly,7,7,timodry,7,
tin,3,3,tid,3,
tinfoil,7,6,tanfoid,6,
tingle,6,6,tamkle,6,
tinkle,6,6,tonble,6,
tinsel,6,6,tandle,6,
tint,4,4,tinst,5,
tiny,4,4,tomy,4,
tip,3,3,gip,3,
tipsy,5,5,topry,5,
tiptoe,6,5,toptie,5,
tire,4,4,tist,4,
tired,5,5,tured,5,
tireless,8,7,torkness,7,
tissue,6,4,tippue,5,
tit,3,3,tish,3,
titan,5,4,totin,5,
titanic,7,7,titonid,7,
title,5,4,torle,5,
titled,6,5,tomled,6,
toad,4,3,tood,3,
toast,5,4,toost,4,
toaster,7,6,toisten,6,
toastmaster,11,10,toastmisfer,10,
tobacco,7,6,toballo,6,
today,5,4,tumay,4,
toe,3,2,toust,4,
toenail,7,5,tormail,6,
toga,4,4,tago,4,
together,8,7,toguther,7,
toil,4,3,toin,3,
toilet,6,5,torfet,6,
toiletry,8,7,toilotmy,7,
token,5,5,tuker,5,
told,4,4,toldge,4,
tolerable,9,9,tolarofly,9,
tolerance,9,8,tolorarce,8,
tolerate,8,7,tolorase,7,
toleration,10,9,tolaramive,9,
toll,4,3,toidge,3,
tomahawk,8,7,tomohark,8,
tomato,6,6,tometa,6,
tomb,4,3,tobe,3,
tomboy,6,5,timbay,5,
tombstone,9,7,timbstane,8,
tomcat,6,6,timwat,6,
tomorrow,8,6,tomobbow,6,
ton,3,3,toosh,3,
tone,4,3,tove,3,
tong,4,3,tond,4,
tongs,5,4,zongs,4,
tongue,6,3,tooves,4,
tonic,5,5,tanid,5,
tonight,7,5,tanives,6,
tonsil,6,6,tansid,6,
took,4,3,toodge,3,
tool,4,3,trof,4,
toot,4,3,toop,3,
tooth,5,3,tooch,3,
toothache,9,5,toatharce,6,
toothless,9,6,toachness,6,
top,3,3,tiep,4,
topcoat,7,6,tomcout,6,
topic,5,5,tupin,5,
topping,7,5,tobbing,5,
topple,6,5,tozzle,5,
tops,4,4,tonk,4,
torch,5,4,torth,4,
torment,7,7,turmint,7,
torn,4,4,tauge,3,
tornado,7,7,tornoda,7,
torso,5,5,tarsa,5,
tortoise,8,6,turtaise,6,
torture,7,6,turtore,6,
toss,4,3,taus,3,
total,5,4,tatol,5,
totalitarian,12,12,totalotavial,12,
totality,8,8,totaniry,8,
touch,5,3,tauch,3,
touchdown,9,6,touserown,6,
touchy,6,4,tourty,5,
tough,5,3,touge,3,
tour,4,3,traf,4,
tourist,7,6,toodint,6,
tournament,10,9,tournorent,9,
tourniquet,10,8,tourdiquail,8,
towards,7,7,tamards,7,
towel,5,4,timel,5,
tower,5,4,turer,5,
town,4,3,towdge,3,
townsfolk,9,7,tawnsfalk,8,
township,8,6,tomestip,7,
townsman,8,7,tawnsmen,7,
toxic,5,6,tixic,6,
toxin,5,6,tixid,6,
toy,3,2,tey,2,
trace,5,4,trach,4,
trachea,7,6,traflea,7,
track,5,4,trang,4,
tract,5,5,trasp,5,
traction,8,7,tructive,7,
tractor,7,7,trapton,7,
trade,5,4,trame,4,
trader,6,6,trider,6,
tradesman,9,8,trudesmen,8,
tradition,9,8,tradorion,9,
traffic,7,6,triffop,6,
tragedy,7,7,tragony,7,
tragic,6,6,tralid,6,
trail,5,4,troil,4,
trailer,7,6,troiler,6,
train,5,4,trage,4,
trait,5,4,trarp,5,
traitor,7,6,troitor,6,
tram,4,4,fram,4,
tramp,5,5,troomp,5,
trance,6,5,tradge,4,
tranquil,8,8,trinquid,8,
tranquility,11,11,tranquanicy,11,
tranquillize,12,10,tranquinase,10,
tranquilly,10,9,tranquinry,10,
transact,8,8,trinsart,8,
transatlantic,13,13,transaprantid,13,
transcend,9,9,trinscand,9,
transcendent,12,12,transcinrent,11,
transcontinental,16,15,transcontoninral,16,
transcribe,10,10,trinscrobe,9,
transcript,10,11,trinscrupt,10,
transcription,13,13,transcraptoon,12,
transfer,8,8,tramsfor,8,
transference,12,11,transforarce,12,
transfiguration,15,16,transfigomation,14,
transform,9,10,tramslorm,9,
transformation,14,14,transfirgative,13,
transformer,11,12,transfarmen,11,
transfuse,9,10,tramsfase,8,
transgress,10,9,tramsgrass,9,
transistor,10,10,transuspor,10,
transit,7,7,trinsat,7,
transition,10,9,transorion,10,
translatable,12,12,translitacle,12,
translate,9,8,tramslake,8,
transparent,11,11,transpanems,11,
transpire,9,10,tramspare,8,
transplant,10,11,tramsplint,10,
transplantation,15,14,transplensative,14,
transport,9,9,tramspart,9,
transportation,14,14,transnorlative,13,
transporter,11,11,transpurten,11,
transpose,9,8,tramspase,8,
transverse,10,9,tramsvorse,9,
trap,4,4,trop,4,
trapdoor,8,7,tripdeer,7,
trapezoid,9,8,trapozaid,8,
trapezoidal,11,9,trapezampal,11,
trappings,9,7,trabbings,7,
traps,5,5,trups,5,
trash,5,4,trank,5,
trauma,6,5,truemo,5,
traumatic,9,8,traumitid,8,
travel,6,6,trovel,6,
tray,4,3,trabe,4,
treacherous,11,8,treachorius,9,
tread,5,4,trood,4,
treadmill,9,7,treakmull,7,
treason,7,6,truesin,6,
treasure,8,6,truesare,6,
treasury,8,7,treasony,7,
treat,5,4,troot,4,
treaty,6,5,truedy,5,
treble,6,6,trumle,6,
tree,4,3,treedge,4,
tremble,7,7,trettle,6,
tremendous,10,9,treminrous,9,
tremor,6,6,trumor,6,
trench,6,5,troonch,5,
trend,5,5,trond,5,
trespass,8,7,trispiss,7,
trial,5,5,truin,5,
triangle,8,8,triartle,8,
triangular,10,11,triargecar,9,
tribal,6,6,trobal,6,
tribe,5,4,trisp,5,
tribune,7,7,trubane,6,
tribute,7,7,trubate,6,
triceps,7,7,trucips,7,
trick,5,4,trook,4,
trickle,7,6,trocken,6,
trickster,9,8,trucksler,8,
tricolor,8,8,triculer,9,
tricycle,8,8,tricaclo,8,
trident,7,6,trubent,7,
tried,5,4,trooks,5,
trifle,6,6,trugle,6,
trigger,7,6,tribber,6,
trigonometry,12,12,trigonimopry,12,
trillion,8,7,triffion,7,
trim,4,4,treeth,4,
trinket,7,7,trimper,7,
trio,4,4,trua,4,
trip,4,4,trib,4,
triple,6,6,trople,6,
triplet,7,7,tropler,7,
tripod,6,6,trupid,6,
triumph,7,6,traupts,6,
triumphant,10,9,triomshant,9,
trivial,7,7,trivoad,7,
troll,5,4,trogs,5,
trolley,7,5,trobbey,5,
trombone,8,7,trimbane,7,
troop,5,4,troon,4,
trophy,6,5,trubhy,5,
tropic,6,6,trusid,6,
trouble,7,6,trouple,6,
trousers,8,7,treebers,6,
trout,5,4,troush,4,
truant,6,6,troert,6,
truck,5,4,truds,5,
truckload,9,7,trickloaf,7,
true,4,3,truh,3,
trump,5,5,trimp,5,
trumpet,7,7,trimpit,7,
trunk,5,5,tronk,5,
trust,5,5,trost,5,
trustee,7,6,tristem,7,
trustful,8,8,tristfal,8,
truth,5,4,trume,4,
try,3,3,tra,3,
tub,3,3,tur,3,
tuba,4,5,tibu,4,
tube,4,4,tusp,4,
tubing,6,6,tabint,6,
tubular,7,9,tubomer,8,
tuck,4,3,toik,3,
Tuesday,7,6,Tiesmay,5,
tug,3,3,tue,3,
tugboat,7,6,tagbait,6,
tuition,7,7,tuorion,8,
tulip,5,6,tilup,5,
tumble,6,6,tambly,6,
tumbler,7,8,tamblem,7,
tumbleweed,10,9,tumplefeed,9,
tumor,5,6,timon,5,
tuna,4,5,tanu,4,
tune,4,4,tust,4,
tuneable,8,8,tuneabro,8,
tunnel,6,4,tuffel,5,
turban,6,6,tarbin,6,
turbojet,8,8,turbujit,8,
turbulence,10,10,turborence,9,
turkey,6,5,tarkay,5,
turn,4,4,zurn,4,
turnip,6,6,tarbip,6,
turnout,7,6,tarnoat,6,
turnpike,8,7,tarnfike,7,
turquoise,9,7,tarquaise,7,
turtle,6,5,tormle,6,
tusk,4,4,tulk,4,
tutor,5,6,titar,5,
tuxedo,6,7,tuxodi,7,
tweed,5,4,theed,3,
tweet,5,4,tweef,4,
tweezers,8,7,tweemers,7,
twelfth,7,6,twength,5,
twelve,6,5,twerve,5,
twenty,6,6,twinby,6,
twice,5,4,twife,4,
twiddle,7,5,twibble,6,
twig,4,4,twib,4,
twilight,8,6,trimight,6,
twin,4,4,twim,4,
twinge,6,5,twirge,5,
twinkle,7,7,twankly,7,
twirl,5,5,twirm,5,
twist,5,5,twisk,5,
twit,4,4,twoot,4,
twitch,6,4,twikes,5,
two,3,2,twa,3,
tycoon,6,5,tycoop,5,
tyke,4,3,tysh,3,
type,4,3,zype,3,
typewriter,10,8,typewriner,8,
typhoid,7,5,typhaid,5,
typhoon,7,5,typhoot,5,
typical,7,7,typoral,7,
ugly,4,4,oglu,4,
ulcer,5,5,ulper,5,
ulterior,8,8,ultomior,8,
ultimate,8,7,ultomale,7,
ultimately,10,9,ultomazery,10,
ultimatum,9,9,ultomitir,9,
ultra,5,5,ulpra,5,
ultraconservative,17,16,ultracansorvotave,16,
umbrella,8,7,umbretta,7,
umpire,6,6,ungare,5,
unable,6,6,unabro,7,
unabridged,10,8,unoprodged,8,
unaccompanied,13,11,unacconramied,11,
unadvised,9,8,unidvased,8,
unaffected,10,9,unafficter,9,
unanimous,9,9,umelirous,9,
unanimously,11,11,unanopously,11,
unarm,5,5,unave,4,
unattached,10,7,unalluched,7,
unaware,7,6,unawade,6,
unbalanced,10,9,unbilarced,9,
unbecoming,10,9,unbacolics,10,
unbelief,8,7,unbiloof,7,
unbend,6,6,umbenk,6,
unbiased,8,7,unbuarced,8,
unbroken,8,8,unblowen,8,
uncanny,7,6,uncappy,6,
uncertain,9,7,uncentail,8,
uncircumcised,13,12,uncortumrised,12,
unclean,7,6,ulclone,6,
uncommitted,11,9,uncorminter,11,
uncommon,8,7,uncammin,7,
uncommunicative,15,14,uncommonucotave,14,
uncompromising,14,13,uncompremusing,14,
unconcern,9,9,uncomcorn,9,
unconditional,13,12,uncondorional,12,
unconquerable,13,12,unconquinotle,13,
unconstitutional,16,16,unconstiturionan,17,
uncontrollable,14,13,uncontrommatle,13,
uncork,6,6,ulcurk,6,
uncover,7,7,uncoher,7,
uncurl,6,6,ulcorl,6,
under,5,5,uldar,5,
underbrush,10,9,undorbrish,9,
undercharge,11,9,undorchurge,9,
underclassman,13,12,undarcrassmin,12,
underclothes,12,10,undorclathes,10,
undercover,10,10,undarcoral,10,
underdog,8,8,undordag,8,
underestimate,13,12,underistomale,12,
underfoot,9,8,undorfeet,8,
undergarment,12,12,undemgurnent,12,
underground,11,10,undorgrourd,10,
undergrowth,11,9,undorgrawth,10,
underhand,9,9,undorhind,9,
underhanded,11,11,undemharder,11,
underline,9,8,undorlane,8,
underneath,10,8,undorleath,8,
underpants,10,10,undorpints,10,
underpay,8,7,undorpoy,7,
underproduction,15,14,underprediclion,14,
underrate,9,8,undorrale,7,
underscore,10,9,undorscare,9,
undersea,8,7,undorsen,8,
undershirt,10,9,undorshart,9,
underside,9,8,undorsade,8,
undersized,10,9,undorsazed,9,
understand,10,10,undorstind,10,
understate,10,9,undorstale,9,
understudy,10,10,undarstaty,10,
undertake,9,8,undortale,8,
undertaker,10,10,undortacel,10,
undertone,9,8,undortane,8,
undervalue,10,10,undormalum,10,
underwater,10,10,undorbator,10,
underwear,9,8,undorweal,8,
underweight,11,8,undorheight,8,
underworld,10,10,undormorld,9,
underwrite,10,8,undorwrote,7,
undesirable,11,12,undesurotle,11,
undeviating,11,10,underioting,10,
undo,4,4,uldu,4,
undoubted,9,7,undoulten,8,
uneasy,6,5,uneaso,5,
unemployed,10,8,unenplayed,8,
unending,8,7,unindint,8,
unequivocal,11,11,unequinotle,11,
uneventful,10,10,unebentnul,10,
unexceptionable,15,14,unexcenrionamle,15,
unexpected,10,11,unedprecer,10,
unfailing,9,7,unpailing,7,
unfamiliar,10,10,unfumidian,10,
unfasten,8,7,unfantin,8,
unfit,5,5,ulfot,5,
unforgettable,13,12,unforgellatle,11,
unformed,8,7,ulfirmed,7,
unfrequented,12,12,unfroquailer,11,
unfriendly,10,9,unpriendry,9,
ungenerous,10,9,unganorlus,10,
ungodly,7,7,ungadry,7,
ungrateful,10,9,ungraletul,9,
unharness,9,8,unhanpess,8,
unicorn,7,8,unocarn,8,
unicycle,8,9,umigytle,9,
unification,11,11,uniforalion,12,
uniform,7,8,unoparm,8,
uniformity,10,11,unifarmony,11,
unify,5,6,unory,6,
unimpeachable,13,11,unimpatchomle,11,
uninhibited,11,11,uninhaboten,11,
unintentional,13,12,uninmenrional,13,
uninterested,12,11,unintaristen,12,
uninterrupted,13,12,unintarriptes,12,
union,5,6,umiol,6,
unique,6,5,ufique,5,
unison,6,7,unosoon,7,
unit,4,5,ufit,5,
unite,5,5,unate,5,
united,6,7,unoten,7,
unity,5,6,unoly,6,
universal,9,10,unavortal,10,
universe,8,8,unolerse,8,
university,10,11,univorsamy,11,
unjust,6,6,uljist,6,
unknowing,9,6,unknawint,6,
unknown,7,5,ulknawn,5,
unlawful,8,7,unlowfal,7,
unloose,7,5,umloore,5,
unmistakable,12,12,unmistikomle,12,
unmoved,7,6,ulmaved,6,
unnatural,9,9,unnitoran,9,
unnecessarily,13,12,unnecissurony,12,
unnerve,7,6,ullerve,6,
unoccupied,10,9,unoscehood,8,
unpopularity,12,13,unpopoleropy,12,
unprecedented,13,13,unprecodinten,13,
unpredictable,13,13,unpredactomle,13,
unprofessional,14,12,unprofellionel,13,
unprofitable,12,12,unprofetomle,12,
unravel,7,7,unroven,7,
unreal,6,6,ungeal,6,
unrest,6,6,ulrist,6,
unrestrained,12,10,unrostringed,10,
unruly,6,6,unromy,6,
unscientific,12,11,unsciertinid,10,
unscramble,10,10,unscrimdle,10,
unseat,6,5,ulsoat,5,
unshaped,8,6,ulshoped,6,
unsophisticated,15,14,unsophustociten,14,
unstable,8,8,unstuple,8,
unsuitable,10,9,unsateacle,9,
untie,5,4,ulton,5,
until,5,5,urtol,5,
untimely,8,7,untamery,7,
untold,6,6,ultald,6,
unusual,7,8,unosoan,7,
unvarnished,11,9,unvurnashed,9,
unworthy,8,7,unwarphy,7,
unwritten,9,6,unwriffen,7,
upbeat,6,5,ulbeak,5,
upbringing,10,8,upfringing,8,
upcoming,8,7,upcaming,7,
update,6,5,uldare,5,
upgrade,7,6,ulgrate,6,
upheaval,8,7,upheadan,7,
uphill,6,5,unhull,5,
uphold,6,6,unhald,6,
upholster,9,9,uphonpler,9,
upland,6,6,unlank,6,
uplift,6,6,unlaft,6,
upmost,6,6,ulmist,6,
upon,4,4,ulen,4,
upper,5,4,uller,4,
upperclassman,13,11,uppencrassmal,11,
uppercut,8,7,upparcat,7,
uppermost,9,8,upparmist,8,
upraise,7,5,unraide,5,
upright,7,5,ulfight,5,
uprising,8,7,uprosing,7,
uproar,6,5,unroaf,5,
uproot,6,5,unreet,5,
upset,5,5,ulsit,5,
upshot,6,5,ulshut,5,
upside,6,5,ulsade,5,
upstage,7,6,unspage,6,
upstairs,8,7,unstaurs,6,
upstanding,10,9,upstinding,9,
upstate,7,6,ulstake,6,
upstream,8,7,unspream,7,
upswing,7,6,unsping,6,
uptown,6,5,untawn,5,
upward,6,6,unpard,6,
uranium,7,8,urovian,8,
urban,5,5,ulbin,5,
urbanization,12,11,urbanomarion,12,
urbanize,8,7,urbinase,7,
urge,4,3,urse,3,
urgent,6,6,ulgint,6,
urinal,6,6,urugal,7,
urinary,7,8,uranily,8,
urination,9,9,uranutive,10,
urine,5,5,urane,5,
usable,6,7,usabro,7,
usage,5,5,urade,5,
use,3,3,yosh,3,
useful,6,6,ushfal,6,
useless,7,6,yoshness,6,
usher,5,4,osher,4,
usual,5,6,useal,6,
utensil,7,8,utonsal,8,
uterus,6,7,utoris,7,
utilitarian,11,12,utilotalien,12,
utility,7,8,utiricy,8,
utilization,11,11,utilomarion,12,
utilize,7,6,utolaze,7,
utmost,6,6,ulpost,6,
utopia,6,7,utumio,7,
utter,5,4,uzzer,4,
vacancy,7,7,vaconry,7,
vacant,6,6,vocane,5,
vacate,6,5,vocare,5,
vacation,8,7,vacurion,8,
vaccinate,9,8,vaccumate,8,
vaccine,7,6,vammine,5,
vacuum,6,7,vacoim,5,
vagina,6,6,vagano,6,
vague,5,3,verg,4,
vain,4,3,voin,3,
valedictorian,13,13,valedintumian,13,
valedictory,11,11,valedintumy,11,
valentine,9,8,valertane,8,
valet,5,4,voler,5,
valid,5,5,volin,5,
validate,8,7,valodale,7,
validation,10,9,validotive,9,
validity,8,8,valisidy,8,
valley,6,4,vappey,4,
valuable,8,9,valoamle,8,
value,5,5,voloe,4,
valve,5,4,velve,4,
vampire,7,7,vimpare,6,
van,3,3,vap,3,
vandal,6,5,vonpal,6,
vanilla,7,6,vanimma,6,
vanish,6,5,vonise,5,
vanity,6,6,vanory,6,
vantage,7,6,vontare,6,
vapor,5,5,vopar,5,
vaporization,12,11,vaporomarion,12,
vaporize,8,7,vaponaze,7,
vaporous,8,7,vaponous,7,
variability,11,11,variobalomy,11,
variable,8,8,varoamle,7,
variableness,12,11,variapleress,11,
variance,8,7,varoarce,7,
variation,9,8,varoative,8,
varied,6,5,voried,5,
variety,7,7,vamiory,7,
various,7,6,varuoes,6,
varnish,7,6,vormish,6,
vary,4,4,vury,4,
vascular,8,9,vascolor,8,
vase,4,3,vose,3,
vast,4,4,vost,4,
Vatican,7,7,Vatolan,7,
vault,5,4,vawps,4,
vegetable,9,9,vegobatle,8,
vegetarian,10,10,vegetaliar,9,
vegetation,10,9,vegecative,9,
vehicle,7,6,vehorle,7,
veil,4,3,vish,3,
velocity,8,8,veleciry,8,
velvet,6,6,vilvot,6,
vendor,6,6,vindon,6,
vengeful,8,7,vergetul,7,
venom,5,5,vinim,5,
venomous,8,7,venimius,8,
vent,4,4,vech,3,
ventilate,9,8,ventolale,8,
ventilation,11,10,ventulotive,11,
ventricle,9,9,ventromle,9,
ventriloquism,13,14,ventrolaqaism,13,
venture,7,6,vintude,7,
verb,4,4,verf,4,
verbal,6,6,vorpal,6,
verbalization,13,12,verbalomarion,13,
verbalize,9,8,vermalase,8,
verdict,7,7,vorduct,7,
verge,5,4,varge,4,
verification,12,11,verifomalion,12,
verify,6,6,verory,6,
versatile,9,7,versotale,8,
versatility,11,11,versatolory,11,
verse,5,4,vorse,4,
version,7,6,vorsoon,6,
versus,6,6,vorsis,6,
vertebra,8,8,verbotra,8,
vertebrate,10,9,verbetrate,9,
vertex,6,7,vormix,7,
vertical,8,8,vertoral,8,
vertices,8,8,vertores,8,
very,4,4,vory,4,
vessel,6,5,veppel,5,
vest,4,4,voost,4,
vet,3,3,vot,3,
veteran,7,6,vetorun,7,
veterinarian,12,11,veteromarien,12,
veterinary,10,10,veteromany,10,
vibrant,7,7,vabrunt,7,
vibrate,7,6,vabrake,6,
vibration,9,8,vibrorion,9,
vicarious,9,8,vicapious,8,
vice,4,3,vaith,3,
vicinity,8,8,viciridy,8,
vicious,7,5,vashees,5,
victim,6,6,viplum,6,
victimize,9,8,victomaze,8,
victimizer,10,10,victemazor,10,
victor,6,6,vipton,6,
victoria,8,8,victumio,8,
victorious,10,9,victupious,9,
victory,7,7,victumy,8,
video,5,5,vidia,5,
Vietnamese,10,9,viernalede,8,
view,4,3,vien,4,
viewpoint,9,7,vienpaint,8,
vigor,5,5,vogar,5,
Viking,6,5,voping,5,
vile,4,3,vauk,3,
villa,5,4,vippa,4,
village,7,5,vippage,5,
villain,7,5,vippain,5,
vine,4,3,vone,3,
vinegar,7,7,vinotar,7,
vineyard,8,7,voneyord,7,
vintage,7,6,vontade,6,
vinyl,5,4,vonol,5,
violate,7,6,vialake,6,
violation,9,8,vialurion,10,
violence,8,7,vialerce,7,
violent,7,7,vialort,8,
violet,6,6,viamet,6,
violin,6,6,viarin,6,
violist,7,7,viamist,7,
virgin,6,6,vorgan,6,
virginity,9,9,virganicy,9,
virtual,7,7,virteal,7,
virtue,6,5,vortae,5,
virtuous,8,7,virtaeos,7,
virus,5,5,voris,5,
visa,4,4,voma,4,
viscous,7,6,voscour,6,
visibility,10,10,visiobalomy,11,
visible,7,7,visople,7,
vision,6,5,vasoon,5,
visit,5,5,vosut,5,
visitation,10,9,visinative,9,
visitor,7,7,visotar,7,
visor,5,5,vosar,5,
visual,6,6,visoen,6,
visualization,13,12,visuanomalion,14,
visualize,9,8,visoaraze,8,
vital,5,4,vorle,5,
vitality,8,8,vitolicy,8,
vitalize,8,6,vitolaze,7,
vitals,6,6,vozals,6,
vitamin,7,7,vituman,7,
vivacious,9,7,vivopious,8,
vivid,5,5,vovin,5,
vocabulary,10,11,vocabolany,10,
vocal,5,5,vibal,5,
vocalist,8,8,vocamise,7,
vocalize,8,7,vocamaze,7,
vocation,8,7,vocorion,8,
vodka,5,5,vidpa,5,
vogue,5,3,voint,4,
voice,5,3,vorne,4,
voiced,6,4,vorced,5,
void,4,3,voit,3,
volatile,8,6,volotale,7,
volcanic,8,8,volconin,8,
volcano,7,7,volcona,7,
volley,6,4,vorrey,4,
volt,4,4,vort,4,
volume,6,6,vilude,6,
voluntarily,11,11,voluntamoly,11,
voluntary,9,9,volintasy,9,
volunteer,9,8,volanteen,8,
vomit,5,5,vimid,5,
voodoo,6,4,veedee,4,
vote,4,3,vomp,4,
vowel,5,4,vimet,5,
voyage,6,4,vayade,4,
vulgar,6,6,volbar,6,
vulgarity,9,9,vulginiry,9,
vulnerability,13,12,vulnerobalory,13,
vulnerable,10,10,vulnoracle,10,
vulnerably,10,10,vulterofly,10,
vulture,7,6,voltude,7,
wacky,5,4,wooky,4,
wad,3,3,zaf,3,
waddle,6,4,wapple,5,
wade,4,3,wame,3,
wafer,5,5,wofar,5,
waffle,6,5,wannle,5,
wag,3,3,wemth,4,
wage,4,3,wabe,3,
waggle,6,5,wammle,5,
wagon,5,5,wamon,5,
waist,5,4,woost,4,
waistband,9,8,woistbind,8,
waistcoat,9,7,woistcort,8,
waistline,9,7,woistlane,7,
wait,4,3,woidge,3,
waitress,8,6,waistess,6,
waive,5,3,woove,3,
waiver,6,5,woivel,5,
wake,4,3,wape,3,
waken,5,5,wikel,5,
walk,4,3,zalk,3,
wall,4,3,woin,3,
wallet,6,5,wappet,5,
wallflower,10,8,wallflawen,8,
wallpaper,9,8,wallpopar,7,
walnut,6,6,wilnit,6,
walrus,6,6,wilris,6,
waltz,5,5,wonks,5,
wand,4,4,wamp,4,
wander,6,6,windar,6,
want,4,4,wang,3,
wanton,6,6,wintan,6,
war,3,3,wong,3,
warden,6,5,werlen,6,
wardrobe,8,7,wordrabe,7,
ware,4,3,wielve,5,
warfare,7,6,wanfure,6,
warlord,7,7,wanlard,7,
warm,4,4,wern,4,
warmhearted,11,10,warmhearled,10,
warmth,6,5,woimed,4,
warn,4,4,walt,4,
warp,4,4,woth,3,
warpath,7,6,wanpith,6,
warrant,7,6,wappant,6,
warranty,8,7,warronmy,7,
warrior,7,6,warroer,6,
warship,7,6,wanshop,6,
wartime,7,6,wantame,6,
wash,4,3,wams,4,
washbasin,9,8,washbisun,8,
washer,6,5,woshen,5,
washhouse,9,6,wishmouse,6,
washout,7,5,wishoul,5,
washy,5,4,wudgy,4,
wasp,4,4,warl,4,
wastepaper,10,9,wastepopar,9,
watch,5,3,wapes,4,
water,5,5,wotar,5,
watercolor,10,10,watelciler,10,
waterline,9,8,waperlane,7,
watermelon,10,10,wapermiton,9,
waterpower,10,9,waperlower,8,
waterproof,10,9,wapertroof,8,
waterspout,10,9,wapertrout,8,
watertight,10,8,waperfight,7,
waterway,8,7,wapermay,6,
watery,6,6,walery,6,
watt,4,3,weth,3,
wavy,4,4,wevy,4,
wax,3,4,wah,2,
way,3,2,woy,2,
wealth,6,4,weldge,4,
weapon,6,5,weadon,5,
wearable,8,7,wearabro,7,
wearer,6,5,weaden,5,
weary,5,4,woamy,4,
weather,7,5,wearten,6,
weathering,10,7,weathorint,8,
weatherman,10,8,weathorran,7,
weatherproof,12,9,weathorfloof,9,
weave,5,3,weant,4,
web,3,3,waidge,3,
wed,3,3,zed,3,
wedding,7,5,wemming,5,
wedge,5,3,jedge,3,
Wednesday,9,6,Windsmay,6,
weed,4,3,woid,3,
week,4,3,zeek,3,
weep,4,3,wooth,3,
weird,5,4,weige,4,
welcome,7,6,wilcame,6,
welfare,7,6,wilfade,6,
well,4,3,wodge,3,
wench,5,4,werge,4,
went,4,4,wemp,4,
wept,4,4,woit,3,
werewolf,8,7,wenewalf,7,
west,4,4,wost,4,
western,7,7,werterd,7,
wet,3,3,zet,3,
whack,5,4,whuck,3,
whale,5,4,whamp,4,
wharf,5,5,whoodge,3,
whatever,8,8,whatoven,7,
whatnot,7,7,whotnit,6,
whatsoever,10,10,whatsieror,9,
wheat,5,4,whaut,3,
wheel,5,4,whoal,3,
wheelbarrow,11,8,wheelnarrog,8,
wheeze,6,4,wieze,4,
which,5,4,whirt,4,
whichsoever,11,10,whichsieror,9,
whiff,5,4,whime,3,
whim,4,4,wauf,3,
whimper,7,7,whumber,6,
whip,4,4,whuz,3,
whiplash,8,7,whoplase,6,
whirl,5,5,whirb,4,
whirlpool,9,8,whorlpoon,7,
whisk,5,5,whilk,4,
whisker,7,7,whusken,6,
whiskey,7,6,whoospy,5,
whisper,7,7,whusber,6,
whistle,7,6,whusple,6,
white,5,4,zike,3,
whitefish,9,7,whotefush,6,
whiteness,9,6,whoteless,6,
whoever,7,6,whooven,6,
wholesale,9,6,whalesade,6,
wholesome,9,6,whalesame,6,
whom,4,3,whog,3,
whomever,8,7,whomoven,7,
whomsoever,10,9,whomsieror,9,
whopper,7,6,whodder,5,
whore,5,3,whorsh,4,
whose,5,3,whote,3,
whosoever,9,8,whosieror,8,
wick,4,3,wiek,4,
wicked,6,5,wocken,5,
wide,4,3,woing,3,
widen,5,4,wodel,5,
widespread,10,8,wadespreal,9,
widow,5,4,wadow,4,
widower,7,6,widonel,7,
width,5,4,widst,5,
wiener,6,5,waimer,5,
wife,4,3,waish,3,
wifehood,8,6,wafenood,6,
wig,3,3,woong,3,
wiggle,6,5,wipple,5,
wild,4,4,zild,4,
wildcat,7,7,woldcut,7,
wilderness,10,9,wildorless,9,
wildfire,8,8,woldfare,7,
willing,7,5,wolling,5,
willow,6,4,wippow,4,
willpower,9,7,willpawen,8,
win,3,3,wib,3,
wince,5,4,winge,4,
wind,4,4,wike,3,
windbag,7,7,winebig,6,
windfall,8,7,winefull,6,
winding,7,6,winping,6,
windmill,8,7,winemull,6,
window,6,5,wandaw,5,
windpipe,8,7,winepope,6,
windshield,10,8,winestield,8,
windy,5,5,wondy,5,
wine,4,3,weern,4,
winegrower,10,8,winegrawen,8,
wing,4,3,wist,4,
winged,6,4,wibbed,4,
wingspan,8,7,windspin,8,
wink,4,4,wownk,4,
winter,6,6,wonper,6,
wipe,4,3,wiss,3,
wire,4,4,wibs,4,
wiring,6,6,wizing,5,
wisdom,6,6,wasdim,6,
wise,4,3,jise,3,
wish,4,3,woish,3,
wit,3,3,woich,3,
witchery,8,6,witcheny,6,
withdraw,8,6,wothdrew,6,
wither,6,5,wothen,5,
withhold,8,7,wuthhord,7,
within,6,5,wuthid,5,
withstand,9,8,wuthstind,8,
witless,7,6,wotness,6,
witness,7,6,wotpess,6,
witty,5,4,wizzy,4,
wives,5,4,woodge,3,
wizard,6,6,wozarn,6,
wobble,6,5,worrle,5,
woe,3,2,wosh,3,
woke,4,3,wauk,3,
wolf,4,4,wooch,3,
wolves,6,5,jolves,5,
woman,5,5,wogan,5,
womankind,9,9,wominlind,9,
womb,4,3,woimb,3,
women,5,5,wogen,5,
wonder,6,6,winden,6,
wonderful,9,9,wondortul,9,
wondrous,8,7,windraus,7,
wood,4,3,wook,3,
woodchopper,11,8,woodchodder,8,
wooden,6,4,weeber,5,
woodland,8,7,wooblane,6,
woodpecker,10,8,woodpicken,8,
woods,5,4,woadge,3,
woodwind,8,7,woobwine,6,
woof,4,3,woog,3,
wool,4,3,woob,3,
woozy,5,4,wooxy,5,
word,4,4,woig,3,
wordplay,8,7,wardploy,7,
work,4,4,woil,3,
workbag,7,7,wardbig,7,
working,7,6,worging,6,
workman,7,7,wolkmun,7,
workout,7,6,wolkert,6,
world,5,5,worlth,5,
worldly,7,7,warldly,7,
worldwide,9,8,warldwade,8,
worm,4,4,wosk,4,
worrisome,9,7,worrosame,7,
worry,5,4,wotty,4,
worse,5,4,worge,4,
worsen,6,6,worten,6,
worship,7,6,warshop,6,
worst,5,5,zerst,5,
worth,5,4,werch,4,
worthwhile,10,8,warthwhale,7,
worthy,6,5,warphy,5,
wound,5,4,wouse,3,
woven,5,5,wavin,5,
wrath,5,3,wroith,3,
wreck,5,3,wrauth,3,
wrench,6,4,smench,5,
wrestle,7,5,wrostly,6,
wrestling,9,7,wrispling,7,
wretched,8,5,writchen,5,
wrinkle,7,6,wranple,6,
wrist,5,4,wrish,3,
wristband,9,8,wrostbind,8,
writer,6,5,wriner,5,
writing,7,5,wrigint,6,
written,7,4,wriffen,5,
wrong,5,3,wrosh,3,
wrongdoer,9,7,wrongdear,6,
wrongly,7,5,wraongly,6,
yacht,5,3,yakes,4,
yam,3,3,yad,3,
Yankee,6,5,yonkae,5,
yard,4,4,yaunk,4,
yawn,4,3,yane,3,
year,4,3,yeen,3,
yearlong,8,6,yeanlang,6,
yearn,5,4,yeath,3,
yeast,5,4,youst,4,
yell,4,3,yong,3,
yellow,6,4,yenbow,5,
yesterday,9,8,yestormay,8,
yesteryear,10,9,yestoryeal,10,
yield,5,4,yilps,5,
yoga,4,4,yugo,4,
yogi,4,4,yugu,4,
young,5,3,yeeng,3,
youngish,8,5,yeangish,5,
youth,5,3,yoong,3,
yummy,5,4,yimmy,4,
zeal,4,3,zong,3,
zealous,7,5,zeamous,5,
zebra,5,5,zoclo,5,
zero,4,4,zoru,4,
zest,4,4,zegs,4,
zigzag,6,6,zugzig,6,
zinc,4,4,gink,4,
zip,3,3,zop,3,
zipper,6,5,ziller,5,
zodiac,6,6,zoriat,6,
zombie,6,5,zimbin,6,
zone,4,3,zore,3,
zoo,3,2,zai,2,
zoom,4,3,zeem,3,
zucchini,8,6,zucclimi,7,
