,word_us,word_length,n_phon,nonword,n_phon_nw,Unnamed: 5,ipa_words,ipa_nonwords
0,abacus,6,6,aborus,6,,æbækəs,ɐbɔːɹəs
1,abalone,7,7,abolana,7,,ɐbæloʊn,ɐbəlɑːnə
2,abandon,7,7,abondin,7,,ɐbændən,ɐbɑːndɪn
3,abbreviate,10,8,abtrofiase,9,,ɐbɹiːvɪeɪt,ɐbtɹoʊfɪeɪs
4,abbreviation,12,10,abbreriotion,10,,ɐbɹiːvɪeɪʃən,æbɹɪɹioʊʃən
5,abdomen,7,7,abdumin,7,,æbdəmən,æbdʒuːmɪn
6,abdominal,9,9,abfeminar,9,,æbdɑːmɪnəl,ɐbfɛmɪnɑːɹ
7,abduct,6,6,abvict,6,,ɐbdʌkt,ɐbvɪkt
8,abide,5,4,asade,4,,ɐbaɪd,ɐseɪd
9,ability,7,7,amoriny,7,,ɐbɪləɾi,æmɔːɹɪni
10,ablaze,6,5,abloit,5,,ɐbleɪz,ɐblɔɪt
11,able,4,4,abro,4,,eɪbəl,ɐbɹoʊ
12,abnormal,8,8,abnardal,8,,ɐbnɔːɹməl,ɐbnɑːɹdəl
13,abnormality,11,11,abnorcaloty,10,,ɐbnɔːɹmælᵻɾi,ɐbnɔːɹkɐlɑːɾi
14,abnormally,10,9,abtongally,9,,ɐbnɔːɹməli,ɐbtɑːŋɡəli
15,aboard,6,5,abouse,4,,ɐbɔːɹd,ɐbaʊs
16,abolish,7,6,abilish,6,,ɐbɑːlɪʃ,æbɪlɪʃ
17,abolition,9,8,aburitive,8,,æbəlɪʃən,ɐbɛɹᵻtɪv
18,abolitionist,12,11,abofitialist,12,,æbəlɪʃənɪst,ɐbɑːfɪʃəlɪst
19,abominable,10,10,abomogable,10,,ɐbɑːmɪnəbəl,ɐbɑːmoʊdʒəbəl
20,abortion,8,7,aburtive,7,,ɐbɔːɹʃən,ɐbɜːɾɪv
21,abound,6,5,abeash,4,,ɐbaʊnd,ɐbiːʃ
22,about,5,4,apoot,4,,ɐbaʊt,ɐpuːt
23,above,5,4,abert,5,,əbʌv,ɐbɜːt
24,abrasive,8,7,abrosave,7,,ɐbɹeɪsɪv,ɐbɹɑːseɪv
25,abreast,7,6,abrouts,6,,ɐbɹɛst,ɐbɹaʊts
26,abroad,6,5,atroud,5,,ɐbɹɔːd,ætɹaʊd
27,abrupt,6,6,abript,6,,ɐbɹʌpt,ɐbɹɪpt
28,absence,7,6,agbonce,6,,æbsəns,æɡbɑːns
29,absent,6,6,agbent,6,,æbsənt,æɡbənt
30,absentee,8,7,absintoo,7,,æbsəntiː,ɐbsɪntuː
31,absentminded,12,12,absontmenden,12,,æbsəntmaɪndᵻd,ɐbsɔntmɛndən
32,absolute,8,7,absulate,8,,æbsəluːt,ɐbsjʊleɪt
33,absolutely,10,10,ablocurnmy,10,,æbsəluːtli,ɐblɑːkɜːnmi
34,absorb,6,6,aypent,5,,ɐbsɔːɹb,aɪpənt
35,abstain,7,6,agstorn,7,,ɐbsteɪn,æɡstɔːɹn
36,abstract,8,8,adstrome,7,,æbstɹækt,ɐdstɹoʊm
37,abstracts,9,9,adstroles,8,,ɐbstɹækts,ɐdstɹoʊlz
38,absurd,6,6,adsord,6,,ɐbsɜːd,ɐdsɔːɹd
39,abundant,8,8,abindart,8,,ɐbʌndənt,æbaɪndɑːɹt
40,abuse,5,5,amose,4,,ɐbjuːs,æmoʊs
41,academic,8,8,acugapid,8,,ækədɛmɪk,ɐkjuːɡɐpɪd
42,academy,7,7,ametegy,7,,ɐkædəmi,æmɪɾədʒi
43,accelerate,10,9,acmilerase,9,,ɐksɛlɚɹeɪt,ɐkmaɪlɚɹeɪz
44,accent,6,6,aurent,5,,æksənt,ɔːɹənt
45,accept,6,6,accube,5,,ɐksɛpt,ɐkjuːb
46,acceptance,10,9,acciptarce,8,,ɐksɛptəns,ɐkɪptɑːɹs
47,access,6,5,addess,4,,æksɛs,ædɛs
48,accessible,10,9,acmossibly,9,,æksɛsəbəl,ɐkmɔsᵻbli
49,accessory,9,8,acmissony,8,,ɐksɛsɚɹi,ɐkmɪsəni
50,accident,8,8,accodert,7,,æksɪdənt,ɐkoʊdɜːt
51,accidental,10,9,acnidencal,11,,æksɪdɛntəl,ɐknaɪdəŋkəl
52,acclamation,11,9,acbranative,10,,ɐklɐmeɪʃən,ɐkbɹænətɪv
53,accommodate,11,8,accorlomate,9,,ɐkɑːmədeɪt,ɐkɔːɹləmeɪt
54,accommodation,13,10,accomrogation,11,,ɐkɑːmədeɪʃən,ɐkɑːmɹəɡeɪʃən
55,accompaniment,13,12,accombarimics,12,,ɐkʌmpɐnɪmənt,ɐkɑːmbɑːɹɹɪmɪks
56,accomplice,10,8,accorplace,8,,ɐkɑːmplɪs,ɐkɔːɹpleɪs
57,accomplish,10,8,accorplush,8,,ɐkɑːmplɪʃ,ɐkɔːɹplʌʃ
58,accord,6,5,audord,5,,ɐkɔːɹd,ɔːdɔːɹd
59,accordance,10,7,accardarce,8,,ɐkɔːɹdəns,ɐkɑːɹdɑːɹs
60,accordion,9,8,accurrian,7,,ɐkɔːɹdiən,ɐkɜːɹiən
61,account,7,5,aybount,5,,ɐkaʊnt,aɪbaʊnt
62,accountant,10,8,accourtent,8,,ɐkaʊntənt,ɐkɜːtənt
63,accumulate,10,10,acmacunate,10,,ɐkjuːmjʊleɪt,ɐkmækəneɪt
64,accuracy,8,8,actunary,9,,ækjʊɹəsi,æktuːnɛɹi
65,accurate,8,7,accorale,6,,ækjʊɹət,ɐkɔːɹeɪl
66,accursed,8,7,accarsed,6,,ɐkɜːsᵻd,ɐkɑːɹst
67,accusation,10,9,acrabative,9,,ækjuːzeɪʃən,ɐkɹæbətɪv
68,accuse,6,5,absuse,6,,ɐkjuːz,ɐbsuːs
69,accuser,7,7,accaser,6,,ɐkjuːzɚ,ɐkeɪsɚ
70,accustom,8,7,accastim,7,,ɐkʌstəm,ɐkæstɪm
71,ace,3,2,ose,2,,eɪs,oʊs
72,ache,4,2,arve,3,,eɪk,ɑːɹv
73,achieve,7,4,acleave,5,,ɐtʃiːv,ɐkliːv
74,acid,4,4,afin,4,,æsɪd,ɐfɪn
75,acidic,6,6,acudin,6,,ɐsɪdɪk,ɐkjuːdɪn
76,acknowledge,11,7,acknouladge,7,,ɐknɑːlɪdʒ,ɐknuːlædʒ
77,acne,4,4,adme,4,,ækni,ɐdmɛ
78,acorn,5,5,acarn,5,,eɪkɔːɹn,ɐkɑːɹn
79,acoustic,8,7,acrastin,8,,ɐkuːstɪk,ɐkɹæstɪn
80,acquaint,8,6,abquotch,6,,ɐkweɪnt,ɐbkwɑːtʃ
81,acquire,7,6,adtrite,6,,ɐkwaɪɚ,ɐdtɹaɪt
82,acquisition,11,9,actriditive,10,,ɐkwɪsɪʃən,æktɹɪdᵻtɪv
83,acre,4,4,asco,4,,eɪkɚ,ɐskoʊ
84,acrobat,7,7,acrubit,7,,ækɹəbæt,ɐkɹuːbɪt
85,acrobatic,9,9,acribanic,9,,ækɹəbæɾɪk,ækɹɪbænɪk
86,acrobatics,10,10,acribanive,9,,ækɹəbæɾɪks,ækɹɪbænaɪv
87,across,6,5,afliss,5,,əkɹɑːs,ɐflɪs
88,acrylic,7,7,acrolin,7,,ɐkɹɪlɪk,ækɹəlɪn
89,act,3,3,arf,3,,ækt,ɑːɹf
90,action,6,5,abcoon,5,,ækʃən,ɐbkuːn
91,activate,8,7,actovale,7,,æktᵻveɪt,æktuːveɪl
92,active,6,5,abtain,5,,æktɪv,ɐbteɪn
93,activity,8,8,actiliry,8,,æktɪvᵻɾi,æktɪlaɪɚɹi
94,actor,5,5,abton,5,,æktɚ,ɐbtɑːn
95,actual,6,6,atduac,6,,æktʃuːəl,ætduːæk
96,actuality,9,10,actuority,10,,æktʃuːælᵻɾi,æktʃuːɔːɹᵻɾi
97,actually,8,7,actoarry,7,,æktʃuːəli,æktɔːɹi
98,acute,5,5,amote,4,,ɐkjuːt,æmoʊt
99,adamant,7,7,adomint,7,,ædəmənt,ɐdɑːmɪnt
100,adapt,5,5,agaft,5,,ɐdæpt,æɡæft
101,adaptability,12,12,adaptobalory,12,,ɐdæptəbɪlᵻɾi,ɐdæptəbælɚɹi
102,adaptation,10,9,adaslative,9,,ædæpteɪʃən,ɐdæslətɪv
103,add,3,2,jadd,3,,æd,dʒæd
104,addict,6,5,ambict,6,,ædɪkt,æmbɪkt
105,addiction,9,7,addirtoon,7,,ɐdɪkʃən,ædɚtuːn
106,addition,8,6,addution,7,,ɐdɪʃən,ɐduːʃən
107,additional,10,8,addoleanal,8,,ɐdɪʃənəl,ædoʊlənəl
108,additive,8,6,addutave,6,,ædᵻtɪv,ɐduːɾeɪv
109,address,7,5,affress,5,,ɐdɹɛs,ɐfɹɛs
110,addressee,9,6,addrissoo,6,,ɐdɹɛsiː,ɐdɹɪsuː
111,adequate,8,7,adequite,7,,ædɪkwət,ædɪkwaɪt
112,adjacent,8,7,adjocant,7,,ɐdʒeɪsənt,ɐdʒɑːkənt
113,adjective,9,7,adjictire,8,,ædʒɪktɪv,ɐdʒɪktaɪɚ
114,adjourn,7,5,apnearn,6,,ɐdʒɜːn,ɐpnɪɹn
115,adjust,6,5,abnost,6,,ɐdʒʌst,ɐbnɑːst
116,administer,10,10,admanittan,9,,ɐdmɪnɪstɚ,ɐdmænɪʔn̩
117,administrative,14,13,adminustrotion,13,,ɐdmɪnɪstɹeɪɾɪv,ɐdmɪnəstɹoʊʃən
118,administrator,13,13,adminustrotar,13,,ɐdmɪnɪstɹeɪɾɚ,ɐdmɪnəstɹoʊɾɚ
119,admirable,9,9,adricably,9,,ædmᵻɹəbəl,ɐdɹɪkəbli
120,admiral,7,7,admorel,7,,ædmɜːɹəl,ɐdmɔːɹəl
121,admiration,10,9,adnicative,9,,ædmɚɹeɪʃən,ɐdnɪkətɪv
122,admire,6,6,abmite,5,,ɐdmaɪɚ,ɐbmaɪt
123,admirer,7,8,adminer,7,,ɐdmaɪɚɹɚ,ɐdmɪnɚ
124,admissible,10,9,admiffibly,9,,ɐdmɪsᵻbəl,ɐdmɪfᵻbli
125,admission,9,7,admussoon,7,,ɐdmɪʃən,ɐdməsuːn
126,admit,5,5,abrot,5,,ɐdmɪt,ɐbɹɑːt
127,admittance,10,7,admuttense,8,,ɐdmɪtəns,ɐdmʌtɛns
128,adolescence,11,9,adolindence,10,,ædəlɛsəns,ædəlɪndəns
129,adopt,5,5,adait,4,,ɐdɑːpt,ɐdeɪt
130,adoptive,8,7,adiptare,7,,ɐdɑːptɪv,ædɪptɛɹ
131,adorable,8,8,adanagle,8,,ɐdɔːɹəbəl,ɐdænæɡəl
132,adore,5,5,adose,4,,ɐdɔːɹ,ɐdoʊs
133,adrift,6,6,ascoft,6,,ɐdɹɪft,ɐskɔft
134,adult,5,5,agolt,5,,ɐdʌlt,æɡoʊlt
135,adultery,8,8,adormery,8,,ɐdʌltɚɹi,ɐdɔːɹmɚɹi
136,adulthood,9,8,adoltheed,8,,ɐdʌlthʊd,ædoʊlthiːd
137,advance,7,6,aphance,6,,ɐdvæns,ɐfæns
138,advantage,9,8,advontare,8,,ɐdvæntɪdʒ,ædvəntɛɹ
139,advantageous,12,10,adranmagauge,10,,ɐdvɐnteɪdʒəs,ɐdɹænmɐɡɔːdʒ
140,adventure,9,8,advintude,9,,ɐdvɛntʃɚ,ɐdvɪntuːd
141,adverb,6,6,abcorb,6,,ædvɜːb,ɐbkɔːɹb
142,adverse,7,6,abvorse,6,,ædvɜːs,ɐbvɔːɹs
143,adversity,9,9,admerliry,9,,ædvɚsᵻɾi,ɐdmɜːlaɪɚɹi
144,advertise,9,8,advortide,8,,ædvɚtaɪz,ædvəətaɪd
145,advertisement,13,12,adpertainlent,12,,ædvɚtaɪzmənt,ɐdpɚteɪnlənt
146,advertising,11,10,adpercasive,10,,ædvɚtaɪzɪŋ,ɐdpɚkeɪsɪv
147,advice,6,5,apwice,5,,ɐdvaɪs,ɐpwɪsɛ
148,advisable,9,9,advosably,9,,ɐdvaɪzəbəl,ædvəsəbli
149,advise,6,5,abnose,5,,ɐdvaɪz,ɐbnoʊz
150,advisement,10,9,advasemint,9,,ɐdvaɪzmənt,ɐdveɪsmɪnt
151,advisory,8,8,adridomy,8,,ɐdvaɪzɚɹi,ædɹɪdəmi
152,advocate,8,7,advucale,7,,ædvəkeɪt,ɐdvjuːkeɪl
153,aerial,6,5,aeroat,5,,ɛɹɪəl,ɛɹoʊæt
154,aerobic,7,6,aeribis,6,,ɛɹoʊbɪk,ɛɹɪbɪs
155,aeronautics,11,9,aeronailize,8,,ɛɹoʊnɔːɾɪks,ɛɹoʊneɪlaɪz
156,aerosol,7,6,aeisil,5,,ɛɹəsɑːl,iːɪsəl
157,aerospace,9,7,aeispade,6,,ɛɹoʊspeɪs,iːɪspeɪd
158,aesthetic,9,7,aethitin,6,,ɛsθɛɾɪk,iːθɪtɪn
159,afar,4,4,ahor,4,,ɐfɑːɹ,æhɚ
160,affair,6,4,affeon,5,,ɐfɛɹ,ɐfiːn
161,affect,6,5,afforn,5,,ɐfɛkt,ɐfɔːɹn
162,affection,9,7,afficlion,8,,ɐfɛkʃən,ɐfɪkliən
163,affiliate,9,7,afroliase,8,,ɐfɪlɪeɪt,æfɹoʊlɪeɪs
164,affinity,8,7,afranily,8,,ɐfɪnᵻɾi,ɐfɹænili
165,affirm,6,5,affape,4,,ɐfɜːm,ɐfeɪp
166,affirmation,11,9,affigrative,9,,æfɚmeɪʃən,ɐfɪɡɹətɪv
167,affirmative,11,9,affintatics,10,,ɐfɜːmətɪv,ɐfɪntæɾɪks
168,afford,6,5,affese,4,,ɐfɔːɹd,ɐfiːz
169,afghan,6,5,aubran,5,,æfɡæn,ɔːbɹən
170,aflame,6,5,aflime,5,,ɐfleɪm,ɐflaɪm
171,afloat,6,5,aprout,5,,ɐfloʊt,eɪpɹaʊt
172,afraid,6,5,afroid,5,,ɐfɹeɪd,æfɹoʊɪd
173,African,7,7,Afrocap,7,,æfɹɪkən,æfɹoʊkæp
174,afterbirth,10,9,aftenbarth,9,,æftɚbɜːθ,æftənbɑːɹθ
175,aftermath,9,8,aftenmith,8,,æftɚmæθ,æftənmɪθ
176,afternoon,9,8,aftennoop,8,,æftɚnuːn,æftənuːp
177,afterthought,12,8,aftenthearth,9,,æftɚθɔːt,æftənthɑːɹθ
178,afterward,9,9,aftenwarm,9,,æftɚwɚd,æftənwɔːɹm
179,age,3,2,afe,2,,eɪdʒ,ɐfɛ
180,aged,4,4,athed,3,,eɪdʒd,eɪðd
181,ageless,7,5,almness,6,,eɪdʒləs,ɑːmnəs
182,agency,6,6,agindy,6,,eɪdʒənsi,ædʒɪndi
183,agenda,6,6,aginba,6,,ɐdʒɛndə,ædʒɪnbə
184,agent,5,5,agish,4,,eɪdʒənt,eɪdʒɪʃ
185,aggravate,9,7,aggrovale,7,,æɡɹɐveɪt,ɐɡɹuːveɪl
186,aggravation,11,9,aggrosative,9,,æɡɹɐveɪʃən,ɐɡɹɑːsətɪv
187,aggregation,11,9,aggrodative,9,,æɡɹɪɡeɪʃən,ɐɡɹɑːdətɪv
188,aggression,10,7,aggrossive,7,,ɐɡɹɛʃən,ɐɡɹoʊsɪv
189,agile,5,4,abirt,5,,ædʒəl,æbɜːt
190,agility,7,7,amarily,7,,ædʒɪlᵻɾi,æmɛɹᵻli
191,agitate,7,6,agotake,6,,ædʒᵻteɪt,æɡəteɪk
192,agitation,9,8,agirative,8,,ædʒɪteɪʃən,ædʒɚɹətɪv
193,agitator,8,8,agiramor,8,,ædʒᵻteɪɾɚ,ædʒɚɹæmɚ
194,ago,3,3,ada,3,,ɐɡoʊ,eɪdə
195,agonize,7,6,aginaze,6,,æɡənaɪz,ædʒɪneɪz
196,agony,5,5,agiry,5,,æɡəni,æɡaɪɚɹi
197,agree,5,4,aglie,4,,ɐɡɹiː,ɐɡlaɪ
198,agreement,9,8,aggroomint,8,,ɐɡɹiːmənt,ɐɡɹuːmɪnt
199,agricultural,12,12,agrilipteral,12,,æɡɹɪkʌltʃɚɹəl,æɡɹɪlɪptɚɹəl
200,agriculture,11,10,agrocurtude,11,,æɡɹɪkʌltʃɚ,æɡɹəkɜːɾuːd
201,ahead,5,4,ahood,4,,ɐhɛd,ɐhʊd
202,ahoy,4,3,ahap,4,,ɐhɔɪ,æhæp
203,aid,3,2,arb,3,,eɪd,ɑːɹb
204,ail,3,2,aeng,2,,eɪl,iːŋ
205,ailment,7,6,ashdent,6,,eɪlmənt,æʃdənt
206,aim,3,2,aith,2,,eɪm,eɪθ
207,air,3,2,aif,2,,ɛɹ,eɪf
208,aircraft,8,7,ashspair,5,,ɛɹkɹæft,æʃspɛɹ
209,airlift,7,6,ainlink,6,,ɛɹlɪft,eɪnlɪŋk
210,airline,7,5,ailtine,5,,ɛɹlaɪn,eɪltiːn
211,airliner,8,7,airluner,7,,ɛɹlaɪnɚ,ɛɹljuːnɚ
212,airmail,7,5,ainstone,6,,ɛɹmeɪl,eɪnstoʊn
213,airplane,8,6,ashpline,6,,ɛɹpleɪn,æʃplaɪn
214,aisle,5,2,aip,2,,aɪəl,eɪp
215,ajar,4,4,ajor,4,,ɐdʒɑːɹ,ædʒɚ
216,alarm,5,5,alorg,5,,ɐlɑːɹm,ɐlɔːɹɡ
217,albatross,9,8,albitruss,8,,ælbɐtɹɔs,ælbɪtɹʌs
218,albino,6,6,albuna,6,,ælbaɪnoʊ,ælbuːnə
219,album,5,5,amrum,5,,ælbəm,æmɹəm
220,alcohol,7,7,alcuhil,7,,ælkəhɑːl,ælkjuːhɪl
221,alcoholic,9,9,alcapolit,9,,ælkəhɑːlɪk,ælkɐpɑːlɪt
222,alcoholism,10,11,alcojusize,9,,ælkəhoʊlɪzəm,ælkədʒuːsaɪz
223,alert,5,5,aterd,5,,ɐlɜːt,æɾɜːd
224,algae,5,4,alnoe,4,,ælɡiː,ɐlnoʊ
225,algebra,7,7,algobru,7,,ældʒᵻbɹə,ælɡəbɹuː
226,algebraic,9,9,almebroid,9,,ældʒɪbɹeɪɪk,ɔlmɪbɹɔɪd
227,alias,5,5,avios,5,,eɪliəs,eɪvɪoʊz
228,alibi,5,5,alobu,5,,ælᵻbaɪ,ɐlɑːbuː
229,alien,5,5,adion,5,,eɪliən,eɪdiən
230,alienable,9,9,aleadably,8,,eɪliənəbəl,ɐliːdəbli
231,alienate,8,7,alionake,7,,eɪliəneɪt,ælɪɑːneɪk
232,alienation,10,9,alearative,8,,eɪliəneɪʃən,ɐlɪɹətɪv
233,alike,5,4,ative,4,,ɐlaɪk,æɾɪv
234,alive,5,4,alyme,4,,ɐlaɪv,ælaɪm
235,allege,6,4,allind,5,,ɐlɛdʒ,ælɪnd
236,allegedly,9,8,allageppy,7,,ɐlɛdʒᵻdli,æleɪdʒəpi
237,allegiance,10,7,allopiance,8,,ɐliːdʒəns,æloʊpiəns
238,allergic,8,7,allorgim,7,,ɐlɜːdʒɪk,ælɔːɹdʒɪm
239,allergy,7,6,allordy,6,,ælɚdʒi,ælɔːɹdi
240,alley,5,3,attey,3,,æli,ɐtaɪ
241,alliance,8,6,astianes,7,,ɐlaɪəns,ɐstɪeɪnz
242,allied,6,4,alloon,4,,ælaɪd,æluːn
243,alligator,9,8,almibator,9,,ælᵻɡeɪɾɚ,ɔlmᵻbeɪɾɚ
244,alliteration,12,10,allitenative,10,,ɐlɪɾɚɹeɪʃən,ælaɪtənətɪv
245,allocate,8,6,allucale,6,,æləkeɪt,ɐluːkeɪl
246,allow,5,3,allim,4,,ɐlaʊ,ælɪm
247,alloy,5,3,appoy,3,,ælɔɪ,ɐpɔɪ
248,ally,4,3,asty,4,,ælaɪ,ɐstaɪ
249,almighty,8,6,almoughy,5,,ɔlmaɪɾi,ɔlmoʊi
250,almond,6,6,amfond,6,,ɔlmənd,æmfɑːnd
251,alone,5,4,atore,4,,ɐloʊn,æɾɚ
252,along,5,4,arang,4,,ɐlɔŋ,æɹæŋ
253,alongside,9,7,alingsade,7,,ɐlɔŋsaɪd,eɪlɪŋseɪd
254,aloud,5,4,atood,4,,ɐlaʊd,æɾuːd
255,alphabet,8,7,alphobit,7,,ælfəbɛt,ælphəbɪt
256,alphabetic,10,9,altrufitid,10,,ælfəbɛɾɪk,ɔːltɹuːfɪɾɪd
257,alphabetize,11,9,alphobitase,9,,ælfəbətaɪz,ælphəbaɪɾeɪs
258,alpine,6,5,aspone,5,,ælpaɪn,ɐspoʊn
259,altar,5,5,adtor,5,,ɔltɚ,ɐdtɔːɹ
260,alteration,10,9,alderitive,9,,ɔltɚɹeɪʃən,ɔːldɚɹᵻtɪv
261,alternate,9,8,altornale,9,,ɔːltɜːnət,ɔltɔːɹneɪl
262,alternation,11,10,aldermitive,10,,ɔltɚneɪʃən,ɔːldɚmᵻtɪv
263,alternative,11,10,alterdation,10,,ɔːltɜːnətɪv,ɔltɚdeɪʃən
264,altitude,8,8,altotade,7,,æltɪtuːd,æltoʊteɪd
265,alto,4,4,amlo,4,,æltoʊ,æmloʊ
266,altogether,10,9,almogerner,10,,ɔːltəɡɛðɚ,ɔlmoʊdʒɜːnɚ
267,aluminum,8,8,alucaniop,9,,ɐluːmɪnəm,ɐluːkɐnɪəp
268,amateur,7,6,amoteud,7,,æmətʃɚ,æmoʊtʌd
269,amateurish,10,9,amatierine,8,,æmətʃɚɹɪʃ,æmɐtɪɹiːn
270,amateurism,10,11,amacourism,10,,æmətʃɚɹɪzəm,æmɐkɜːɹɪzəm
271,amaze,5,4,alize,4,,ɐmeɪz,ɐlaɪz
272,amazon,6,6,amozin,6,,æmɐzɑːn,æməzɪn
273,ambassador,10,9,ambarrator,9,,ɐmbæsədɚ,æmbɐɹeɪɾɚ
274,amber,5,5,adser,5,,æmbɚ,ɐdsɜː
275,ambidextrous,12,13,ammidestruce,10,,æmbɪdɛkstɹəs,æmaɪdstɹuːs
276,ambiguity,9,11,amniroity,8,,æmbɪɡjuːɪɾi,æmnɪɹɔɪɾi
277,ambiguous,9,9,ambasuous,9,,æmbɪɡjuːəs,æmbæsjuːəs
278,ambition,8,7,ambotive,7,,æmbɪʃən,æmbətɪv
279,ambulance,9,9,ambalince,8,,æmbjʊləns,æmbɐlɪns
280,ambush,6,5,asbyne,5,,æmbʊʃ,ɐsbaɪn
281,amend,5,5,aband,5,,ɐmɛnd,ɐbænd
282,amendment,9,9,amindmint,9,,ɐmɛndmənt,æmaɪndmɪnt
283,amends,6,6,abands,6,,ɐmɛndz,ɐbændz
284,American,8,8,Aferimen,8,,ɐmɛɹɪkən,ɐfɛɹaɪmɛn
285,americanize,11,10,amerilanize,10,,ɐmɛɹɪkənaɪz,æmɚɹɪlənaɪz
286,amiable,7,7,amoaple,7,,eɪmiəbəl,æmoʊpəl
287,ammonia,7,6,ammunic,7,,æmoʊniə,æmjuːnɪk
288,ammunition,10,9,amturitive,10,,æmjuːnɪʃən,æmtʃɚɹᵻtɪv
289,amnesia,7,6,amnosid,7,,æmniːʒə,æmnəsɪd
290,amoeba,6,5,amoaga,5,,ɐmiːbə,æmoʊɡə
291,among,5,4,abung,4,,ɐmʌŋ,ɐbʌŋ
292,amount,6,5,aneant,5,,ɐmaʊnt,eɪnənt
293,amphibian,9,8,amphobiar,7,,æmfɪbiən,æmfoʊbaɪɚ
294,amphitheater,12,10,amphitreaten,11,,æmfɪθiːeɪɾɚ,æmfɪtɹiːʔn̩
295,ample,5,5,astle,5,,æmpəl,ɐslɛ
296,amplification,13,12,amplirization,12,,æmplɪfɪkeɪʃən,æmplɪɹᵻzeɪʃən
297,amplifier,9,9,amplufaer,10,,æmplɪfaɪɚ,æmpluːfɛɹ
298,amplify,7,7,ampludy,7,,æmplᵻfaɪ,æmplʌdi
299,amputate,8,8,ampotake,7,,æmpjuːteɪt,æmpəteɪk
300,amputation,10,10,ampalative,9,,æmpjuːteɪʃən,æmpɐlətɪv
301,amputee,7,7,ampotoo,6,,æmpjuːtiː,æmpətuː
302,amuse,5,5,anose,4,,ɐmjuːz,ænoʊz
303,anal,4,3,anit,4,,eɪnəl,ænɪt
304,analysis,8,8,anolysin,8,,ɐnæləsɪs,ænəlɪsɪn
305,analyst,7,7,anolast,7,,ænɐlɪst,ænəlæst
306,analytic,8,8,analetim,8,,ænɐlɪɾɪk,ænɐlɛɾɪm
307,analyze,7,5,anolaze,6,,ænɐlaɪz,ænəleɪz
308,anatomy,7,7,amicory,7,,ɐnæɾəmi,æmɪkɚɹi
309,ancestor,8,8,ancispor,8,,ænsɛstɚ,ænsɪspɚ
310,ancestral,9,9,ancispral,9,,ænsɛstɹəl,ænsɪspɹəl
311,anchor,6,5,abscar,6,,æŋkɚ,ɐbskɑːɹ
312,ancient,7,6,algount,6,,eɪntʃənt,ælɡaʊnt
313,anecdote,8,7,anicdate,7,,ænɪkdoʊt,ænɪkdeɪt
314,anemia,6,6,anumoa,6,,ɐniːmiə,ænuːmoʊə
315,anesthesia,10,8,anisthosin,9,,ænɪsθiːʒə,ænɪsθɑːsɪn
316,anesthetist,11,10,anisthotust,10,,ænɪsθɛɾɪst,ænɪsθɑːɾʌst
317,anew,4,4,anaw,3,,ɐnuː,ænɔː
318,angel,5,5,arbel,5,,eɪndʒəl,ɑːɹbəl
319,anger,5,5,arver,5,,æŋɡɚ,ɑːɹvɚ
320,angle,5,5,artle,5,,æŋɡəl,ɑːɹɾəl
321,angry,5,5,arfry,5,,æŋɡɹi,ɑːɹfɹi
322,anguish,7,6,algeare,5,,æŋɡwɪʃ,ælɡɪɹ
323,angular,7,8,angofer,7,,æŋɡjʊlɚ,æŋɡoʊfɚ
324,animal,6,6,anomil,6,,ænɪməl,ɐnɑːmɪl
325,animalism,9,10,anirenish,8,,ænɪməlɪzəm,ænɪɹɛnɪʃ
326,animate,7,6,anomake,6,,ænɪmeɪt,ɐnɑːmeɪk
327,animation,9,8,animitive,8,,ænɪmeɪʃən,ænɪmᵻtɪv
328,ankle,5,5,arcle,5,,æŋkəl,ɑːɹkəl
329,anklet,6,6,arsket,6,,æŋklɪt,ɑːɹskɪt
330,annex,5,5,armex,6,,ænɛks,ɑːɹmɛks
331,annihilate,10,7,annohulake,8,,ɐnaɪəleɪt,ænoʊhjʊleɪk
332,anniversary,11,10,annisermagy,10,,ænɪvɜːsɚɹi,ænɪsɚmædʒi
333,announce,8,5,alneeves,6,,ɐnaʊns,ɐlniːvz
334,annoy,5,3,annim,4,,ɐnɔɪ,ænɪm
335,annual,6,6,atruac,6,,ænjuːəl,ætɹuːæk
336,anonymous,9,8,amalygous,8,,ɐnɑːnəməs,ɐmɐlɪɡəs
337,anonymously,11,10,anonygously,10,,ɐnɑːnəməsli,ænənɪɡəsli
338,another,7,6,anortar,7,,ɐnʌðɚ,ænɔːɹɾɚ
339,answer,6,5,arsper,6,,ænsɚ,ɑːɹspɚ
340,answerable,10,9,antheraber,9,,ænsɚɹəbəl,ænθɚɹeɪbɚ
341,ant,3,3,ont,3,,ænt,ɑːnt
342,antarctic,9,9,antasklic,9,,æntɑːɹktɪk,æntæsklɪk
343,antelope,8,7,antolape,7,,æntɪloʊp,æntəleɪp
344,antenna,7,6,anteppa,6,,æntɛnə,æntɪpə
345,anterior,8,8,antodier,7,,æntiəɹɪɚ,æntədiɚ
346,anthem,6,5,arskim,6,,ænθəm,ɑːɹskɪm
347,anthropology,12,11,anthrocalomy,11,,ænθɹəpɑːlədʒi,ænθɹəkæləmi
348,anti,4,4,arto,4,,æntaɪ,ɑːɹɾoʊ
349,antibiotic,10,10,antifiuter,10,,æntɪbaɪɑːɾɪk,æntɪfɪjuːɾɚ
350,antibody,8,8,anpibony,8,,æntɪbɑːdi,ænpɪbəni
351,anticipate,10,9,antimipade,9,,æntɪsᵻpeɪt,æntɪmɪpeɪd
352,anticipated,11,11,anticimated,11,,æntɪsᵻpeɪɾᵻd,æntɪsᵻmeɪɾᵻd
353,anticlimax,10,11,antocrimix,11,,æntɪklaɪmæks,æntəkɹɪmɪks
354,antidote,8,7,antudate,7,,æntɪdoʊt,æntuːdeɪt
355,antipersonnel,13,12,anticermennic,12,,æntɪpɜːsənɛl,æntɪsɜːmɛnɪk
356,antique,7,5,amtaste,6,,æntiːk,æmteɪst
357,antiquity,9,9,antaqoiry,9,,æntɪkwᵻɾi,æntɐkwɑːɹɹi
358,antiseptic,10,10,antosetmic,10,,æntɪsɛptɪk,æntoʊstmɪk
359,antisocial,10,9,antosivial,10,,æntɪsoʊʃəl,æntəsɪvɪəl
360,antler,6,6,almner,7,,æntlɚ,ɔlmnɚ
361,antonym,7,7,antunom,7,,æntənɪm,æntuːnəm
362,anus,4,4,apus,4,,eɪnʌs,ɐpjuːz
363,anxiety,7,7,aniopy,6,,æŋzaɪəɾi,ænɪəpi
364,anxious,7,6,arlgous,6,,æŋʃəs,ɑːɹlɡəs
365,anymore,7,6,anomare,6,,ɛnɪmɔːɹ,ɐnɑːmɛɹ
366,anyone,6,6,anyore,6,,ɛnɪwʌn,ɛnɪɔːɹ
367,anyway,6,5,anyfay,5,,ɛnɪweɪ,ɛnɪfeɪ
368,aorta,5,5,aurto,5,,eɪɔːɹɾə,ɔːətoʊ
369,apart,5,5,asave,4,,ɐpɑːɹt,ɐseɪv
370,apartment,9,9,apertmint,9,,ɐpɑːɹtmənt,æpɚtmɪnt
371,apathetic,9,8,apathenim,8,,æpɐθɛɾɪk,æpɐθɛnɪm
372,apathy,6,5,apophy,5,,æpəθi,ɐpɑːfi
373,ape,3,2,ope,2,,eɪp,oʊp
374,apiece,6,4,apouce,4,,ɐpiːs,ɐpaʊs
375,apologetic,10,10,apolumetic,10,,ɐpɑːlədʒɛɾɪk,ɐpɑːluːmɛɾɪk
376,apologize,9,8,apilogist,9,,ɐpɑːlədʒaɪz,ɐpɪlədʒɪst
377,apology,7,7,apilury,7,,ɐpɑːlədʒi,ɐpɪljʊɹi
378,apostrophe,10,9,apemtriphe,9,,ɐpɔstɹəfi,eɪpɪmtɹɪf
379,apparatus,9,8,apranatas,9,,æpɚɹæɾəs,ɐpɹɐnɑːɾəz
380,apparel,7,6,apporel,6,,ɐpæɹəl,ɐpɔːɹəl
381,apparent,8,7,appanems,7,,ɐpæɹənt,æpeɪnəmz
382,appeal,6,4,asteal,5,,ɐpiːl,ɐstiːl
383,appear,6,4,astear,5,,ɐpɪɹ,ɐstɪɹ
384,appearance,10,7,appeatarce,8,,ɐpɪɹəns,ɐpiːɾɑːɹs
385,appendage,9,7,appindade,7,,ɐpɛndɪdʒ,ɐpɪndeɪd
386,appendicitis,12,11,appenmiciton,11,,ɐpɛndɪsaɪɾɪs,ɐpɛnmɪsɪtən
387,appendix,8,8,appindux,8,,ɐpɛndɪks,ɐpɪndʌks
388,appetite,8,6,appotate,6,,æpɪtaɪt,ɐpoʊɾeɪt
389,appetizer,9,8,apremizer,9,,æpɪtaɪzɚ,ɐpɹɛmaɪzɚ
390,applaud,7,5,ampleon,7,,ɐplɔːd,æmplɪən
391,applause,8,5,amplempt,8,,ɐplɔːz,æmplɛmpt
392,apple,5,4,adfle,5,,æpəl,ɐdflɛ
393,appliance,9,7,amphiants,8,,ɐplaɪəns,æmfiənts
394,applicability,13,12,applicobalory,12,,ɐplɪkəbɪlᵻɾi,æplɪkɑːbɐlɚɹi
395,applicable,10,9,apprinably,9,,ɐplɪkəbəl,ɐpɹiːnəbli
396,applicant,9,8,applocart,8,,æplɪkənt,ɐplɑːkɑːɹt
397,application,11,9,apprilative,9,,æplɪkeɪʃən,ɐpɹɪlətɪv
398,applicator,10,9,apprilanor,9,,æplᵻkeɪɾɚ,ɐpɹɪlænɚ
399,applied,7,5,afflied,5,,ɐplaɪd,ɐflid
400,apply,5,4,adshy,4,,ɐplaɪ,ɐdʃaɪ
401,appoint,7,5,ampique,5,,ɐpɔɪnt,æmpiːk
402,appointee,9,6,appaintee,6,,ɐpɔɪntiː,æpeɪntiː
403,appointment,11,9,appaintmint,9,,ɐpɔɪntmənt,æpeɪntmɪnt
404,appraise,8,5,ampruade,7,,ɐpɹeɪz,æmpɹuːeɪd
405,appreciable,11,10,appromiably,10,,ɐpɹiːʃiəbəl,ɐpɹɑːmiəbli
406,appreciate,10,8,aptreliase,9,,ɐpɹiːʃɪeɪt,æptɹᵻlaɪeɪs
407,appreciative,12,10,appreviatine,10,,ɐpɹiːʃiətɪv,ɐpɹɛvɪætiːn
408,apprehend,9,8,approhind,8,,æpɹihɛnd,ɐpɹoʊhaɪnd
409,apprehensive,12,10,approlernize,9,,æpɹihɛnsɪv,ɐpɹoʊlɚnaɪz
410,apprentice,10,8,approntace,8,,ɐpɹɛntɪs,ɐpɹɔnteɪs
411,approach,8,5,ambroach,6,,ɐpɹoʊtʃ,æmbɹoʊtʃ
412,approaching,11,6,appreaching,7,,ɐpɹoʊtʃɪŋ,ɐpɹiːtʃɪŋ
413,appropriate,11,9,appreproade,9,,ɐpɹoʊpɹɪət,ɐpɹɛpɹoʊd
414,appropriation,13,11,approchiation,10,,ɐpɹoʊpɹɪeɪʃən,ɐpɹɑːkɪeɪʃən
415,approval,8,7,apprival,7,,ɐpɹuːvəl,ɐpɹaɪvəl
416,approve,7,5,alcrove,6,,ɐpɹuːv,ælkɹoʊv
417,approximate,11,10,applixigate,10,,ɐpɹɑːksɪmət,ɐplɪksᵻɡeɪt
418,approximation,13,12,approxigation,11,,ɐpɹɑːksɪmeɪʃən,ɐpɹɑːksɪɡeɪʃən
419,apricot,7,7,aprocut,7,,eɪpɹɪkɑːt,eɪpɹəkʌt
420,April,5,5,Aprif,5,,eɪpɹəl,eɪpɹɪf
421,apron,5,5,ascan,5,,eɪpɹən,ɐskæn
422,apt,3,3,eft,3,,æpt,ɛft
423,aptitude,8,8,aptotade,7,,æptɪtuːd,æptoʊteɪd
424,aquarium,8,8,aquanion,8,,ɐkwɛɹiəm,ækwæniən
425,aquatic,7,7,aquanid,7,,əkwæɾɪk,ækwɐnɪd
426,Arab,4,4,Arib,4,,æɹəb,æɹɪb
427,Arabian,7,7,Arobuan,7,,ɚɹeɪbiən,æɹɑːbjuːən
428,Arabic,6,6,Arofic,6,,æɹɐbɪk,æɹɑːfɪk
429,arbitrarily,11,11,arbidririly,11,,ɑːɹbɪtɹɛɹᵻli,ɑːɹbɪdɹaɪɚɹili
430,arbitrary,9,9,armiclary,9,,ɑːɹbɪtɹɛɹi,ɑːɹmɪklɚɹi
431,arbitrate,9,8,arbotrave,8,,ɑːɹbɪtɹeɪt,ɑːɹbətɹeɪv
432,arbitrator,10,10,armiplanor,10,,ɑːɹbɪtɹeɪɾɚ,ɑːɹmɪplænɚ
433,arc,3,3,arl,3,,ɑːɹk,ɑːɹl
434,arcade,6,5,anlade,5,,ɑːɹkeɪd,ænleɪd
435,arch,4,3,orge,3,,ɑːɹtʃ,ɔːɹdʒ
436,archaeology,11,9,archaealomy,9,,ɑːɹkiːɑːlədʒi,ɑːɹkiələmi
437,archbishop,10,8,archbuship,8,,ɑːɹtʃbɪʃəp,ɑːɹtʃbjuːʃɪp
438,archduke,8,7,auntnuke,7,,ɑːɹtʃduːk,æntnuːk
439,archer,6,5,orchen,5,,ɑːɹtʃɚ,ɔːɹtʃən
440,archery,7,6,archeny,6,,ɑːɹtʃɚɹi,ɑːɹtʃɛnaɪ
441,architect,9,8,archutict,8,,ɑːɹkɪtɛkt,ɑːɹtʃjuːɾɪkt
442,architectural,13,12,architullerly,11,,ɑːɹkɪtɛktʃɚɹəl,ɑːɹkɪtʌlɚli
443,architecture,12,10,archotempure,9,,ɑːɹkɪtɛktʃɚ,ɑːɹtʃoʊtmpjʊɹ
444,archway,7,5,arcelay,5,,ɑːɹtʃweɪ,ɑːɹsɪleɪ
445,arctic,6,6,asklic,6,,ɑːɹktɪk,æsklɪk
446,area,4,4,areo,4,,ɛɹiə,æɹɪoʊ
447,arena,5,5,aronu,5,,ɚɹiːnə,æɹənuː
448,arguable,8,9,argoaple,8,,ɑːɹɡjuːəbəl,ɑːɹɡoʊpəl
449,argue,5,5,anbue,5,,ɑːɹɡjuː,ænbjuː
450,argument,8,9,argofent,8,,ɑːɹɡjuːmənt,ɑːɹɡoʊfənt
451,argumentation,13,13,argucenraters,13,,ɑːɹɡjuːmənteɪʃən,ɑːɹɡjuːsɛnɹeɪɾɚz
452,argumentative,13,13,argucengators,14,,ɑːɹɡjuːmɛntətɪv,ɑːɹɡjuːsɛŋɡeɪɾɚz
453,arise,5,4,asint,5,,ɚɹaɪz,æsɪnt
454,aristocrat,10,10,arosticrab,10,,ɚɹɪstəkɹæt,ɚɹɑːstɪkɹæb
455,aristocratic,12,12,aristustatic,12,,ɚɹɪstəkɹæɾɪk,æɹɪstəstæɾɪk
456,arithmetic,10,9,arothmitis,9,,ɚɹɪθmətɪk,æɹəθmaɪɾɪs
457,arithmetical,12,11,arithramical,11,,æɹɪθmɛɾɪkəl,æɹɪθɹæmɪkəl
458,arithmetician,13,11,arithtenician,11,,æɹɪθmɪtɪʃən,æɹɪθtənɪʃən
459,arm,3,3,aze,2,,ɑːɹm,eɪz
460,armchair,8,6,artchaft,7,,ɑːɹmtʃɛɹ,ɑːɹttʃæft
461,armhole,7,6,artcole,6,,ɑːɹmhoʊl,ɑːɹtkoʊl
462,armor,5,5,angour,5,,ɑːɹmɚ,æŋɡɚ
463,armory,6,6,arcoury,6,,ɑːɹmɚɹi,ɑːɹkɜːɹi
464,armpit,6,6,acepot,5,,ɑːɹmpɪt,ɐsɛpɑːt
465,army,4,4,anly,4,,ɑːɹmi,ænli
466,aroma,5,5,arumo,5,,ɚɹoʊmə,æɹuːmoʊ
467,around,6,5,aroudge,4,,ɚɹaʊnd,ɚɹaʊdʒ
468,arouse,6,4,aseuse,4,,ɚɹaʊz,æsjuːs
469,arrange,7,5,andange,6,,ɚɹeɪndʒ,ændændʒ
470,array,5,3,anday,4,,ɚɹeɪ,ændeɪ
471,arrest,6,5,algest,6,,ɚɹɛst,ælɡɪst
472,arrival,7,6,arrovel,6,,ɚɹaɪvəl,æɹoʊvəl
473,arrogant,8,7,arrugunt,7,,æɹəɡənt,ɚɹuːɡʌnt
474,arrow,5,3,antow,4,,æɹoʊ,æntoʊ
475,arsenal,7,7,arsufal,7,,ɑːɹsənəl,ɑːɹsuːfəl
476,arson,5,5,ansin,5,,ɑːɹsən,ænsɪn
477,art,3,3,arn,3,,ɑːɹt,ɑːɹn
478,artery,6,6,artomy,6,,ɑːɹɾɚɹi,ɑːɹɾəmi
479,artful,6,6,amptul,8,,ɑːɹtfəl,æmptʌl
480,arthritis,9,8,arthrotus,8,,ɑːɹθɹaɪɾɪs,ɑːɹθɹɑːɾəs
481,arthropod,9,8,arthrupid,8,,ɑːɹθɹəpɑːd,ɑːɹθɹuːpɪd
482,article,7,7,artople,7,,ɑːɹɾɪkəl,ɑːɹɾɑːpəl
483,articulate,10,10,artirumate,9,,ɑːɹtɪkjʊleɪt,ɑːɹɾɚɹuːmeɪt
484,articulation,12,12,articonation,11,,ɑːɹtɪkjʊleɪʃən,ɑːɹɾɪkəneɪʃən
485,artifact,8,8,artofict,8,,ɑːɹɾɪfækt,ɑːɹɾəfɪkt
486,artificial,10,9,artomidial,10,,ɑːɹɾɪfɪʃəl,ɑːɹɾəmɪdɪəl
487,artillery,9,8,artellemy,8,,ɑːɹtɪlɚɹi,ɑːɹɾɪləmi
488,artist,6,6,antits,6,,ɑːɹɾɪst,æntɪts
489,artistic,8,8,artustid,8,,ɑːɹtɪstɪk,ɑːɹɾəstɪd
490,artistry,8,8,artostry,8,,ɑːɹɾɪstɹi,ɑːɹɾɑːstɹi
491,ascend,6,5,alvent,6,,ɐsɛnd,ælvənt
492,ascent,6,5,alrent,6,,ɐsɛnt,ɔːlɹɛnt
493,asexual,7,8,asenoal,7,,eɪsɛkʃuːəl,æsənoʊl
494,ash,3,2,oish,2,,æʃ,ɔɪʃ
495,ashamed,7,5,adromed,6,,ɐʃeɪmd,ɐdɹɑːmd
496,ashore,6,4,ashick,4,,ɐʃɔːɹ,æʃɪk
497,ashtray,7,5,airshay,4,,æʃtɹeɪ,ɛɹʃeɪ
498,ashy,4,3,alky,4,,æʃi,ælki
499,Asian,5,4,Asive,4,,eɪʒən,eɪsɪv
500,aside,5,4,abice,4,,ɐsaɪd,æbɪs
501,ask,3,3,amb,3,,æsk,æm
502,asleep,6,5,asheem,4,,ɐsliːp,æʃiːm
503,asparagus,9,9,assoramos,8,,ɐspæɹəɡəs,ɐsɔːɹəmoʊz
504,aspect,6,6,adpell,5,,æspɛkt,ɐdpɛl
505,aspiration,10,9,asparimive,9,,æspɚɹeɪʃən,ɐspæɹɪmɪv
506,aspire,6,6,alpone,5,,ɐspaɪɚ,ælpoʊn
507,aspirin,7,7,asporid,7,,æspɹɪn,ɐspɔːɹɪd
508,ass,3,2,aff,2,,æs,æf
509,assassin,8,5,assissit,6,,ɐsæsɪn,ɐsɪsɪt
510,assault,7,5,alsirth,6,,ɐsɔlt,ælsɜːθ
511,assemble,8,7,assimple,7,,ɐsɛmbəl,ɐsɪmpəl
512,assembly,8,7,assimply,7,,ɐsɛmbli,ɐsɪmpli
513,assert,6,5,affert,5,,ɐsɜːt,æfɚt
514,assertion,9,7,assentive,7,,ɐsɜːʃən,ɐsɛntɪv
515,assess,6,4,ampess,5,,ɐsɛs,æmpɛs
516,asset,5,4,ampet,5,,æsɛt,æmpɪt
517,assign,6,4,alsafe,5,,ɐsaɪn,ælseɪf
518,assignment,10,8,assernmint,9,,ɐsaɪnmənt,ɐsɜːnmɪnt
519,assimilate,10,8,assinilaze,8,,ɐsɪmᵻleɪt,ɐsɪnɪleɪz
520,assist,6,5,ambist,6,,ɐsɪst,æmbɪst
521,assistant,9,8,assustint,8,,ɐsɪstənt,ɐsʌstɪnt
522,associate,9,7,assicoaze,7,,ɐsoʊsɪeɪt,ɐsɪkoʊz
523,association,11,9,assomiatons,10,,ɐsoʊsɪeɪʃən,ɐsoʊmɪætənz
524,associative,11,9,assoriators,9,,ɐsoʊsiətɪv,ɐsɔːɹɪeɪɾɚz
525,assort,6,5,alsave,5,,ɐsɔːɹt,ælseɪv
526,assume,6,4,ampume,6,,ɐsuːm,æmpjuːm
527,assumption,10,8,assimptive,8,,ɐsʌmpʃən,ɐsɪmptɪv
528,assurance,9,7,assorarce,7,,əʃʊɹɹəns,ɐsɔːɹɑːɹs
529,assure,6,4,amture,6,,əʃʊɹ,æmtʃɚ
530,assured,7,5,addured,6,,əʃʊɹd,ɐdjʊɹd
531,asterisk,8,8,astorise,7,,æstɚɹɪsk,ɐstɔːɹaɪz
532,asthma,6,4,arthla,5,,æzmə,ɑːɹθlə
533,astonish,8,7,astanise,7,,ɐstɑːnɪʃ,ɐstænaɪz
534,astound,7,6,appound,5,,ɐstaʊnd,ɐpaʊnd
535,astray,6,5,athraw,4,,ɐstɹeɪ,æθɹɔː
536,astrological,12,11,astrofetical,12,,ɐstɹəlɑːdʒɪkəl,æstɹoʊfɛɾɪkəl
537,astrology,9,9,astronoby,9,,ɐstɹɑːlədʒi,ɐstɹɑːnoʊbi
538,astronaut,9,8,astrunaul,8,,æstɹənɔːt,ɐstɹʌnɔːl
539,astronautical,13,12,astrodervical,13,,æstɹənɔːɾɪkəl,æstɹoʊdɚvɪkəl
540,astronomical,12,12,astrobecical,12,,ɐstɹənɑːmɪkəl,æstɹoʊbsɪkəl
541,astronomy,9,9,asphonogy,8,,ɐstɹɑːnəmi,ɐsfɑːnɑːɡi
542,asylum,6,6,asulym,6,,ɐsaɪləm,ɐsuːlɪm
543,ate,3,2,ave,2,,eɪt,ɑːveɪ
544,atheism,7,7,atarics,7,,eɪθɪɪzəm,ætæɹɪks
545,atheist,7,6,athoise,5,,eɪθɪɪst,æθɔɪs
546,athlete,7,5,arelene,5,,æθliːt,æɹɪliːn
547,athletic,8,8,athlutin,7,,æθlɛɾɪk,æθluːtɪn
548,atlas,5,5,amras,5,,ætləs,æmɹəz
549,atmosphere,10,8,atmisphede,8,,ætməsfɪɹ,ætmɪsfɛd
550,atmospheric,11,10,atmemsterid,11,,ætməsfɛɹɪk,ætmɪmstɚɹɪd
551,atom,4,4,adoy,3,,æɾəm,ɐdɔɪ
552,atomic,6,6,atimid,6,,ɐtɑːmɪk,æɾɪmɪd
553,atrium,6,6,atroim,6,,eɪtɹiəm,ætɹɔɪm
554,atrocious,9,7,atrupious,8,,ɐtɹoʊʃəs,ætɹuːpiəs
555,attach,6,4,artius,5,,ɐtætʃ,ɑːɹɾɪəs
556,attachment,10,8,attochmint,8,,ɐtætʃmənt,ɐtɑːtʃmɪnt
557,attack,6,4,artine,5,,ɐtæk,ɑːɹtiːn
558,attain,6,4,artope,5,,ɐteɪn,ɑːɹɾoʊp
559,attainability,13,11,attainobalory,11,,ɐteɪnəbɪlᵻɾi,ɐteɪnəbælɚɹi
560,attempt,7,6,allempt,6,,ɐtɛmpt,ɐlɛmpt
561,attend,6,5,anpern,6,,ɐtɛnd,ænpɚn
562,attendance,10,8,attindarce,8,,ɐtɛndəns,ɐtɪndɑːɹs
563,attention,9,7,attuntive,8,,ɐtɛnʃən,ɐtʌntɪv
564,attic,5,4,allic,4,,æɾɪk,ælɪk
565,attire,6,5,artade,5,,ɐtaɪɚ,ɑːɹɾeɪd
566,attitude,8,7,attutide,6,,æɾɪtuːd,ɐtuːɾaɪd
567,attorney,8,6,attonrey,6,,ɐtɜːni,ɐtɑːnɹi
568,attract,7,6,asplart,7,,ɐtɹækt,ɐsplɑːɹt
569,attraction,10,8,attructive,8,,ɐtɹækʃən,ɐtɹʌktɪv
570,attribute,9,8,attrubate,7,,ætɹɪbjuːt,ɐtɹuːbeɪt
571,attribution,11,10,atthisetive,8,,ɐtɹɪbjuːʃən,ɐthaɪstɪv
572,attributive,11,10,attrinutize,10,,ɐtɹɪbjuːtɪv,ɐtɹɪnuːtaɪz
573,auburn,6,5,awlurn,5,,ɔːbɜːn,ɔːlɜːn
574,auction,7,5,alflion,7,,ɔːkʃən,ɐlflɪən
575,auctioneer,10,7,auctaineer,7,,ɔːkʃənɪɹ,ɔːkteɪnɪɹ
576,audibility,10,9,audicarity,9,,ɔːdəbɪlᵻɾi,ɔːdɪkæɹᵻɾi
577,audible,7,6,audople,6,,ɔːdᵻbəl,ɔːdɑːpəl
578,audibly,7,6,audoply,6,,ɔːdᵻbli,ɔːdəpli
579,audience,8,6,auliance,6,,ɔːdiəns,ɔːliəns
580,audio,5,4,aumia,4,,ɔːdɪoʊ,ɔːmiə
581,audiovisual,11,10,audiocadeal,10,,ɔːdɪoʊvɪʒuːəl,ɔːdɪoʊkeɪdəl
582,audit,5,4,avrit,5,,ɔːdɪt,ævɹɪt
583,audition,8,6,audotain,6,,ɔːdɪʃən,ɔːdəteɪn
584,auditor,7,6,audotar,5,,ɔːdɪɾɚ,ɔːdɑːɾɚ
585,auditorium,10,9,audateriur,8,,ɔːdɪtɔːɹiəm,ɔːdɐtɪɹiɜː
586,auditory,8,7,auritagy,7,,ɔːdɪtɔːɹi,ɔːɹɪtædʒi
587,August,6,5,Aldust,6,,ɔːɡəst,ɔːldʌst
588,aura,4,3,aipa,3,,ɔːɹə,eɪpə
589,Australian,10,9,Austromion,9,,ɔːstɹeɪliən,ɔːstɹoʊmiən
590,Austrian,8,7,Ausflian,7,,ɔːstɹiən,ɔːsfliən
591,authentic,9,7,authintid,7,,ɔːθɛntɪk,ɔːθɪntɪd
592,authenticity,12,10,authentibity,10,,ɔːθəntɪsᵻɾi,ɔːθəntɪbᵻɾi
593,author,6,4,awplor,6,,ɔːθɚ,ɔːplɔːɹ
594,authoritarian,13,11,authoronalion,11,,ɔːθɔːɹɪtɛɹiən,ɔːθɔːɹənæliən
595,authoritative,13,10,authorimation,9,,ɐθɔɹᵻteɪɾɪv,ɔːθɔːɹɪmeɪʃən
596,authority,9,7,ausparify,8,,ɐθɔːɹɪɾi,ɔːspæɹᵻfaɪ
597,authorization,13,10,authorimatize,11,,ɔːθɚɹᵻzeɪʃən,ɔːθɔːɹɪmɐtaɪz
598,authorize,9,6,authomaze,6,,ɔːθɚɹaɪz,ɔːθəmeɪz
599,auto,4,3,aplo,4,,ɔːɾoʊ,ɐploʊ
600,autobiography,13,11,autobiagrotry,12,,ɔːɾoʊbaɪɑːɡɹəfi,ɔːɾoʊbaɪəɡɹətɹi
601,autograph,9,7,autugriph,7,,ɔːɾəɡɹæf,ɔːɾəɡɹɪf
602,automatic,9,8,auromanid,8,,ɔːɾəmæɾɪk,ɔːɹoʊmænɪd
603,automation,10,8,autanotive,8,,ɔːɾəmeɪʃən,ɔːtɐnɑːɾɪv
604,automobile,10,8,autimabine,8,,ɔːɾəməbiəl,ɔːɾɪmæbaɪn
605,automotive,10,8,autamition,8,,ɔːɾoʊmoʊɾɪv,ɔːɾɐmɪʃən
606,autonomous,10,8,autanorous,8,,ɔːtɑːnəməs,ɔːtɐnɚɹəs
607,autonomy,8,7,autinapy,7,,ɔːtɑːnəmi,ɔːtɪnəpi
608,autopsy,7,6,autippy,5,,ɔːtɑːpsi,ɔːɾɪpi
609,autumn,6,4,awturp,5,,ɔːɾʌm,ɔːɾɜːp
610,auxiliary,9,8,auxidiogy,9,,ɔːksɪliəɹi,ɔːksɪdɪɑːɡi
611,avail,5,4,avold,5,,ɐveɪl,ævɑːld
612,available,9,8,aventably,9,,ɐveɪləbəl,ævəntəbli
613,avalanche,9,7,avomanche,7,,ævəlænʃ,ævəmæntʃ
614,avenge,6,5,aminge,5,,ɐvɛndʒ,æmɪndʒ
615,avenue,6,6,avenae,5,,ævənuː,ævəniː
616,average,7,6,averade,6,,ævɹɪdʒ,ævɚɹeɪd
617,aversion,8,7,avorsoon,7,,ɐvɜːʒən,ævɔːɹsuːn
618,aviation,8,7,amiateur,7,,eɪvɪeɪʃən,æmɪɐtʊɹ
619,aviator,7,7,amiatal,7,,eɪvɪeɪɾɚ,æmɪæɾəl
620,avid,4,4,avud,4,,ævɪd,ævʌd
621,avocado,7,7,avocida,7,,ævəkɑːdoʊ,ævəsɪdə
622,avoid,5,4,avarm,5,,ɐvɔɪd,ævɑːɹm
623,await,5,4,awope,4,,ɐweɪt,æwoʊp
624,awake,5,4,awape,4,,ɐweɪk,ɐweɪp
625,awaken,6,6,awoker,6,,ɐweɪkən,ɐwoʊkɚ
626,award,5,5,alord,5,,ɐwɔːɹd,ɐlɔːɹd
627,aware,5,4,awade,4,,ɐwɛɹ,ɐweɪd
628,awareness,9,7,aworeless,7,,ɐwɛɹnəs,æwɔːɹləs
629,away,4,3,awop,4,,ɐweɪ,æwəp
630,awe,3,1,awk,2,,ɔː,ɔːk
631,awesome,7,4,almsoke,6,,ɔːsʌm,ɑːmsoʊk
632,awful,5,4,axtul,6,,ɔːfəl,ækstʌl
633,awkward,7,6,adewack,5,,ɔːkwɚd,ɐdwæk
634,ax,2,3,ats,3,,æks,æts
635,axis,4,5,adir,4,,æksɪs,ædɪɹ
636,Aztec,5,5,Aytez,4,,æztɛk,aɪɾɛz
637,babble,6,5,bammle,5,,bæbəl,bæməl
638,babe,4,3,zabe,3,,beɪb,zeɪb
639,baboon,6,5,bobeen,5,,bæbuːn,boʊbən
640,baby,4,4,bimy,4,,beɪbi,baɪmi
641,bachelor,8,7,bachonor,7,,bætʃəlɚ,bɑːkɑːnɚ
642,back,4,3,zack,3,,bæk,zæk
643,backfield,9,7,bankfiege,8,,bækfiːld,bæŋkfiːdʒ
644,backrest,8,7,bankrust,8,,bækɹɛst,bæŋkɹʌst
645,backside,8,6,banksade,7,,bæksaɪd,bæŋkseɪd
646,backwash,8,6,bankwase,7,,bækwɑːʃ,bæŋkweɪs
647,bacon,5,5,bucan,5,,beɪkən,bjuːkən
648,bacteriology,12,12,bactemialamy,12,,bæktɪɹiɑːlədʒi,bæktɪmɪɐlæmi
649,bad,3,3,bab,3,,bæd,bæb
650,badge,5,3,bodge,3,,bædʒ,bɑːdʒ
651,badminton,9,8,badmantin,9,,bædmɪntən,bædmɐntɪn
652,baffle,6,5,bakkle,5,,bæfəl,bækəl
653,bag,3,3,bap,3,,bæɡ,bæp
654,bagel,5,5,bumel,5,,beɪɡəl,bjuːməl
655,baggage,7,5,baddage,5,,bæɡɪdʒ,bædɪdʒ
656,baggy,5,4,bammy,4,,bæɡi,bæmi
657,bagpipe,7,6,banpope,6,,bæɡpaɪp,bænpoʊp
658,bail,4,3,blart,5,,beɪl,blɑːɹt
659,bait,4,3,barp,4,,beɪt,bɑːɹp
660,bake,4,3,bope,3,,beɪk,boʊp
661,bakery,6,6,bakeny,6,,beɪkɚɹi,beɪkni
662,balance,7,6,bamades,6,,bæləns,bæmeɪdz
663,balcony,7,7,balfony,7,,bælkəni,bælfəni
664,bald,4,4,barl,4,,bɔːld,bɑːɹl
665,ball,4,3,bame,3,,bɔːl,beɪm
666,ballad,6,5,bammad,5,,bæləd,bæmæd
667,ballerina,9,8,ballorica,8,,bælɚɹiːnə,bælɔːɹɪkə
668,ballet,6,4,bammet,5,,bæleɪ,bæmɪt
669,balloon,7,5,baggoon,5,,bəluːn,bæɡuːn
670,ballot,6,5,barrot,5,,bælət,bæɹət
671,ballroom,8,6,bartreem,7,,bɔːlɹuːm,bɑːɹtɹiːm
672,balm,4,4,joom,3,,bɑːm,dʒuːm
673,bamboo,6,5,bumbee,5,,bæmbuː,bʌmbiː
674,ban,3,3,baz,3,,bæn,bæz
675,banana,6,6,bameta,6,,bɐnænə,bæmɛɾə
676,band,4,4,beod,4,,bænd,beɪɑːd
677,bandage,7,6,bindase,6,,bændɪdʒ,baɪndeɪs
678,bandanna,8,7,bandino,7,,bændænə,bændiːnoʊ
679,bandit,6,6,bardal,6,,bændɪt,bɑːɹdəl
680,bandstand,9,9,bashstack,7,,bændstænd,bæʃstæk
681,bandwagon,9,9,bandwamon,9,,bændwæɡən,bændwəmən
682,bang,4,3,bamp,4,,bæŋ,bæmp
683,banish,6,5,barush,5,,bænɪʃ,bɑːɹɹʌʃ
684,banjo,5,5,binja,5,,bændʒoʊ,bɪnjə
685,bank,4,4,bams,4,,bæŋk,bæmz
686,banker,6,6,bonler,6,,bæŋkɚ,bɑːnlɚ
687,bankroll,8,7,bartroke,7,,bæŋkɹoʊl,bɑːɹtɹoʊk
688,bankrupt,8,8,bartruch,7,,bæŋkɹʌpt,bɑːɹtɹʌtʃ
689,banner,6,5,bazzer,5,,bænɚ,bæzɚ
690,banquet,7,7,barchet,6,,bæŋkwɪt,bɑːɹtʃɪt
691,baptism,7,8,boptasm,8,,bæptɪzəm,bɑːptæzəm
692,baptismal,9,9,baptasnal,9,,bæptɪsməl,bæptæsnəl
693,baptist,7,7,baltast,7,,bæptɪst,bɔlteɪst
694,baptize,7,6,barlize,6,,bæptaɪz,bɑːɹlaɪz
695,bar,3,3,boim,3,,bɑːɹ,bɔɪm
696,barbarian,9,9,barburoan,9,,bɑːɹbɛɹiən,bɑːɹbjʊɹɹoʊn
697,barbaric,8,8,barburin,8,,bɑːɹbæɹɪk,bɑːɹbɪɹɪn
698,barbecue,8,8,barbocun,8,,bɑːɹbɪkjuː,bɑːɹbəkʌn
699,barbell,7,6,banbill,6,,bɑːɹbɛl,bænbɪl
700,barber,6,6,banver,6,,bɑːɹbɚ,bænvɚ
701,bard,4,4,zard,4,,bɑːɹd,zɑːɹd
702,bargain,7,6,bangail,6,,bɑːɹɡɪn,bæŋɡeɪl
703,baritone,8,7,barotane,7,,bæɹɪtoʊn,bæɹoʊteɪn
704,bark,4,4,burk,4,,bɑːɹk,bɜːk
705,barkeeper,9,8,barkeelen,8,,bɑːɹkiːpɚ,bɑːɹkiːlən
706,barley,6,5,banlem,6,,bɑːɹli,bænləm
707,barn,4,4,zarn,4,,bɑːɹn,zɑːɹn
708,baron,5,5,benin,5,,bæɹən,bɛnɪn
709,barracks,8,6,bannacks,6,,bɛɹəks,bænæks
710,barrel,6,5,baddel,5,,bæɹəl,bædəl
711,barricade,9,7,barrocase,7,,bæɹɪkeɪd,bæɹəkeɪs
712,barrier,7,6,barroet,6,,bæɹiɚ,bæɹoʊt
713,bartender,9,9,bartinden,9,,bɑːɹtɛndɚ,bɑːɹtɪndən
714,base,4,3,baeng,3,,beɪs,biːŋ
715,baseball,8,6,banetall,6,,beɪsbɔːl,bænɪtɔːl
716,basement,8,7,basedent,7,,beɪsmənt,beɪsdənt
717,bash,4,3,bape,3,,bæʃ,beɪp
718,bashful,7,6,bairtul,6,,bæʃfəl,bɛɹɾʌl
719,basic,5,5,buric,5,,beɪsɪk,bɛɹɪk
720,basin,5,5,bisun,5,,beɪsən,bɪsʌn
721,basis,5,5,bimis,5,,beɪsɪs,bɪmiz
722,basket,6,6,biskat,6,,bæskɪt,bɪskæt
723,bass,4,3,booch,3,,beɪs,buːtʃ
724,bastard,7,7,bisturp,7,,bæstɚd,bɪstɜːp
725,bat,3,3,bife,3,,bæt,baɪf
726,batch,5,3,boach,3,,bætʃ,boʊtʃ
727,bath,4,3,boith,3,,bæθ,bɔɪθ
728,bathe,5,3,jathe,3,,beɪð,dʒeɪð
729,bathhouse,9,6,barehound,7,,bæθhaʊs,bɛɹhaʊnd
730,bathroom,8,6,buthreem,6,,bæθɹuːm,bʌθɹiːm
731,baths,5,4,barls,5,,bæθs,bɑːɹlz
732,bathtub,7,6,bametib,6,,bæθtʌb,bæmɪtɪb
733,batman,6,6,burmen,6,,bætmæn,bɜːmɛn
734,baton,5,5,butin,5,,bɐtɑːn,bjuːtɪn
735,batter,6,5,bapper,5,,bæɾɚ,bæpɚ
736,battery,7,6,battemy,6,,bæɾɚɹi,bæɾəmi
737,batting,7,5,bapping,5,,bæɾɪŋ,bæpɪŋ
738,battle,6,4,bannle,5,,bæɾəl,bænəl
739,bay,3,2,beom,4,,beɪ,beɪəm
740,bayonet,7,6,bayinot,6,,beɪənɛt,beɪɪnɑːt
741,bazaar,6,5,bizear,6,,bɐzɑːɹ,bɪzɪɹ
742,bazooka,7,6,bamooko,6,,bɐzuːkə,bæmʊkoʊ
743,beach,5,3,beoch,4,,biːtʃ,beɪɑːk
744,bead,4,3,zeed,3,,biːd,ziːd
745,beak,4,3,biek,4,,biːk,biːk
746,beaker,6,5,beeser,5,,biːkɚ,biːsɚ
747,beam,4,3,boam,3,,biːm,boʊm
748,bean,4,3,binth,4,,biːn,bɪnθ
749,beanie,6,4,beetie,4,,biːni,biːɾi
750,beans,5,4,beash,3,,biːnz,biːʃ
751,bear,4,3,bude,4,,bɛɹ,bjuːd
752,beard,5,4,brum,4,,bɪɹd,bɹʌm
753,bearing,7,5,boodint,6,,bɛɹɪŋ,buːdɪnt
754,bearskin,8,7,beadspin,7,,bɛɹskɪn,biːdspɪn
755,beast,5,4,boust,4,,biːst,baʊst
756,beat,4,3,bood,3,,biːt,buːd
757,beaten,6,4,bouren,5,,biːʔn̩,bɜːɹən
758,beau,4,2,beao,3,,boʊ,biːoʊ
759,beautician,10,8,beautocain,8,,bjuːtɪʃən,bjuːɾəkeɪn
760,beautiful,9,8,beautofal,8,,bjuːɾifəl,bjuːɾɑːfəl
761,beautify,8,7,beautopy,7,,bjuːɾᵻfaɪ,bjuːɾəpi
762,beauty,6,5,bealry,6,,bjuːɾi,biːlɹi
763,beaver,6,5,benvor,6,,biːvɚ,bɛnvɚ
764,because,7,5,bicaves,6,,bɪkʌz,baɪkeɪvz
765,beckon,6,5,bashon,5,,bɛkən,bæʃɑːn
766,become,6,5,bicone,5,,bɪkʌm,baɪkoʊn
767,becoming,8,7,becamive,7,,bᵻkʌmɪŋ,bᵻkæmɪv
768,bed,3,3,brom,4,,bɛd,bɹɑːm
769,bedridden,9,7,bedrippen,8,,bɛdɹɪdən,bɛdɹɪpən
770,bedroom,7,6,belroon,6,,bɛdɹuːm,bɛlɹuːn
771,bee,3,2,bui,3,,biː,bjuːi
772,beef,4,3,bros,4,,biːf,bɹoʊz
773,beehive,7,5,bethike,6,,biːhaɪv,bɛθaɪk
774,beer,4,3,boig,3,,bɪɹ,bɔɪɡ
775,beeswax,7,7,boarwad,6,,biːswɑːks,bɔːɹwɑːd
776,beetle,6,4,boeple,5,,biːɾəl,boʊpəl
777,beets,5,4,zoots,4,,biːts,zuːts
778,beforehand,10,9,befarehind,9,,bᵻfɔːɹhænd,bᵻfɛɹhaɪnd
779,befriend,8,7,bifriews,7,,bᵻfɹɛnd,bɪfrjuːz
780,beg,3,3,beb,3,,bɛɡ,biːb
781,beggar,6,5,beffar,5,,bɛɡɚ,bɛfɑːɹ
782,begin,5,5,bigun,5,,bɪɡɪn,bɪɡʌn
783,beginning,9,7,begiffing,7,,bɪɡɪnɪŋ,bᵻdʒɪfɪŋ
784,begone,6,5,bigine,5,,bᵻɡɑːn,bɪdʒɪn
785,behalf,6,5,biharp,6,,bᵻhæf,bᵻhɑːɹp
786,behave,6,5,bigave,5,,bᵻheɪv,bɪɡeɪv
787,behavior,8,8,behivion,8,,bᵻheɪvjɚ,bᵻhɪviən
788,behead,6,5,biheal,5,,bᵻhɛd,bɪhiəl
789,behold,6,6,bihord,6,,bᵻhoʊld,bɪhɔːɹd
790,beige,5,3,beize,3,,beɪʒ,biːz
791,being,5,4,buing,5,,biːɪŋ,bjuːɪŋ
792,belch,5,4,boolch,4,,bɛltʃ,buːltʃ
793,Belgian,7,6,Bergone,6,,bɛldʒən,bɜːɡɑːn
794,belief,6,5,biloof,5,,bᵻliːf,baɪluːf
795,believe,7,5,birieve,5,,bᵻliːv,bɪɹɪɛv
796,bell,4,3,bews,4,,bɛl,bᵻwz
797,bellboy,7,5,bullpoy,5,,bɛlbɔɪ,bʊlpɔɪ
798,bellhop,7,6,bullhip,6,,bɛlhɑːp,bʊlhɪp
799,bellow,6,4,beffow,4,,bɛloʊ,bɛfaʊ
800,belly,5,4,bemmy,4,,bɛli,bɛmi
801,belong,6,5,bilone,5,,bᵻlɔŋ,baɪloʊn
802,belt,4,4,beft,4,,bɛlt,bᵻft
803,bench,5,4,benth,4,,bɛntʃ,bɛnθ
804,bend,4,4,beot,4,,bɛnd,beɪɑːt
805,beneath,7,5,bineald,6,,bᵻniːθ,bɪniːld
806,benediction,11,10,benedimtive,10,,bɛnɪdɪkʃən,bɛnɪdɪmtɪv
807,benefactor,10,10,beneficnor,10,,bɛnɪfæktɚ,bɛnɪfɪknɚ
808,beneficial,10,9,benefanial,10,,bɛnɪfɪʃəl,bɛnɪfeɪnɪəl
809,benefit,7,7,benofat,7,,bɛnɪfɪt,bᵻnɑːfæt
810,benign,6,5,binait,5,,bᵻnaɪn,bɪneɪt
811,bent,4,4,bert,4,,bɛnt,bɜːt
812,benzene,7,6,banzune,6,,bɛnziːn,bænzjuːn
813,berry,5,4,bezzy,4,,bɛɹi,bɛzi
814,berserk,7,7,bensark,7,,bɚsɜːk,bɛnsɑːɹk
815,berth,5,4,belms,5,,bɜːθ,bɛlmz
816,best,4,4,bewng,4,,bɛst,bᵻwŋ
817,bet,3,3,bep,3,,bɛt,bɛp
818,better,6,5,besser,5,,bɛɾɚ,bɛsɚ
819,between,7,6,bitweep,6,,bᵻtwiːn,bɪtwiːp
820,beverage,8,7,bevorade,7,,bɛvɚɹɪdʒ,bɛvɔːɹeɪd
821,bewilder,8,8,bewalden,8,,bᵻwɪldɚ,bᵻwɔldən
822,beyond,6,5,biyand,6,,bᵻjɔnd,bɪjænd
823,biannual,8,8,bialluan,7,,baɪænjuːəl,baɪəluːən
824,bias,4,4,boan,4,,baɪəs,boʊn
825,bible,5,5,beple,5,,baɪbəl,bɛpəl
826,biblical,8,8,biblocan,8,,bɪblɪkəl,baɪblɑːkən
827,bibliography,12,11,bibliorrathy,10,,bɪblɪɑːɡɹəfi,bɪblɪɹəθi
828,biceps,6,6,becels,6,,baɪsɛps,bᵻsɛlz
829,bicker,6,5,bocker,5,,bɪkɚ,bɑːkɚ
830,bicycle,7,7,bicaclo,7,,baɪsɪkəl,baɪkækloʊ
831,bid,3,3,brud,4,,bɪd,bɹʌd
832,big,3,3,byth,3,,bɪɡ,baɪθ
833,bigot,5,5,bugod,5,,bɪɡət,bjuːɡɑːd
834,bike,4,3,boke,3,,baɪk,boʊk
835,bikini,6,6,bikonu,6,,bɪkiːni,baɪkɑːnuː
836,bilingual,9,9,bilonguan,9,,baɪlɪŋɡwəl,baɪlɔŋɡjuːən
837,bill,4,3,bint,4,,bɪl,bɪnt
838,billiards,9,8,biddiards,8,,bɪlɪɚdz,bɪdɪɚdz
839,billion,7,6,bission,5,,bɪliən,bɪʃən
840,billy,5,4,binny,4,,bɪli,bɪni
841,bin,3,3,bounth,4,,bɪn,baʊnθ
842,binary,6,6,binury,6,,baɪnɚɹi,baɪnjʊɹi
843,bind,4,4,bimp,4,,baɪnd,bɪmp
844,binge,5,4,bidge,3,,bɪndʒ,bɪdʒ
845,binocular,9,10,binosudar,9,,bᵻnɑːkjʊlɚ,baɪnɑːsuːdɑːɹ
846,binomial,8,8,bimonial,8,,baɪnoʊmɪəl,baɪmoʊnɪəl
847,biochemistry,12,11,biochimusthy,10,,baɪoʊkɛmɪstɹi,baɪoʊtʃɪmʌsθi
848,biographical,12,11,bioprophinal,11,,baɪəɡɹæfɪkəl,baɪoʊpɹɑːfɪnəl
849,biography,9,8,biotnatry,9,,baɪɑːɡɹəfi,baɪoʊtnætɹi
850,biological,10,10,biolagipal,10,,baɪəlɑːdʒɪkəl,baɪoʊlædʒɪpəl
851,biologist,9,9,bialogast,9,,baɪɑːlədʒɪst,baɪəlɑːɡæst
852,biology,7,7,bianody,7,,baɪɑːlədʒi,baɪənədi
853,birch,5,4,birls,5,,bɜːtʃ,bɜːlz
854,bird,4,4,zird,4,,bɜːd,zɜːd
855,birdie,6,5,bardin,6,,bɜːdi,bɑːɹdɪn
856,biscuit,7,6,buscuid,7,,bɪskɪt,bʌskjuːɪd
857,bisect,6,6,besack,5,,baɪsɛkt,bᵻsæk
858,bisexual,8,9,bisenoal,8,,baɪsɛkʃuːəl,baɪsɛnoʊl
859,bishop,6,5,byship,5,,bɪʃəp,baɪʃɪp
860,bison,5,5,besin,5,,baɪsən,bᵻsɪn
861,bit,3,3,zim,3,,bɪt,zɪm
862,bitch,5,3,baitch,3,,bɪtʃ,beɪtʃ
863,bite,4,3,zite,3,,baɪt,zaɪt
864,biting,6,5,biring,5,,baɪɾɪŋ,bɪɹɪŋ
865,bitten,6,4,biggen,4,,bɪʔn̩,bɪɡən
866,bitter,6,5,bizzer,5,,bɪɾɚ,bɪzɚ
867,bitters,7,7,bizzers,6,,bɪɾɚz,bɪzɚz
868,bittersweet,11,9,bittorsweep,9,,bɪɾɚswiːt,bɪɾɔːɹswiːp
869,blab,4,4,blay,3,,blæb,bleɪ
870,black,5,4,bluck,4,,blæk,blʌk
871,blackball,9,7,blickbale,7,,blækbɔːl,blɪkbeɪl
872,blackbird,9,8,blickbard,8,,blækbɜːd,blɪkbɑːɹd
873,blacken,7,6,blucker,6,,blækən,blʌkɚ
874,blackhead,9,7,blickheed,7,,blækhɛd,blɪkhiːd
875,blacklist,9,8,blicklust,8,,blæklɪst,blɪklʌst
876,bladder,7,6,blammer,6,,blædɚ,blæmɚ
877,blade,5,4,blape,4,,bleɪd,bleɪp
878,blame,5,4,bloim,4,,bleɪm,blɔɪm
879,bland,5,5,bloind,5,,blænd,blɔɪnd
880,blank,5,5,blash,4,,blæŋk,blæʃ
881,blanket,7,7,blinkat,7,,blæŋkɪt,blɪŋkæt
882,blast,5,5,blags,5,,blæst,blæɡz
883,blatant,7,6,blutine,6,,bleɪtənt,bluːtiːn
884,blaze,5,4,blark,5,,bleɪz,blɑːɹk
885,blazer,6,6,blaxer,7,,bleɪzɚ,blæksɚ
886,bleach,6,4,blouch,4,,bliːtʃ,blaʊtʃ
887,bleachers,9,7,blouchern,7,,bliːtʃɚz,blaʊtʃɚn
888,bleak,5,4,blaik,4,,bliːk,bleɪk
889,bled,4,4,blod,4,,blɛd,blɑːd
890,bleed,5,4,binst,5,,bliːd,bɪnst
891,blemish,7,6,blumise,6,,blɛmɪʃ,bluːmaɪz
892,blend,5,5,bliem,5,,blɛnd,bliːm
893,blender,7,7,blether,6,,blɛndɚ,blɛðɚ
894,bless,5,4,bloise,4,,blɛs,blɔɪs
895,blessed,7,5,blemmed,5,,blɛst,blɛmd
896,blew,4,3,blaw,3,,bluː,blɔː
897,blimp,5,5,bloomp,5,,blɪmp,bluːmp
898,blind,5,5,zind,4,,blaɪnd,zɪnd
899,blindfold,9,9,blandfail,8,,blaɪndfoʊld,blændfeɪl
900,blink,5,5,blunk,5,,blɪŋk,blʌŋk
901,blinker,7,7,blonker,7,,blɪŋkɚ,blɔŋkɚ
902,bliss,5,4,bloss,4,,blɪs,blɔs
903,blister,7,7,blusten,7,,blɪstɚ,blʌsʔn̩
904,blitz,5,5,blish,4,,blɪts,blɪʃ
905,blizzard,8,7,blimmard,7,,blɪzɚd,blɪmɚd
906,bloc,4,4,blong,4,,blɑːk,blɔŋ
907,blockade,8,6,blackase,6,,blɑːkeɪd,blækeɪs
908,blockbuster,11,10,blockbisten,10,,blɑːkbʌstɚ,blɑːkbɪsən
909,blockhead,9,7,blackheed,7,,blɑːkhɛd,blækhiːd
910,blond,5,5,bloof,4,,blɑːnd,bluːf
911,blood,5,4,bloud,4,,blʌd,blaʊd
912,blooded,7,6,bleeden,6,,blʌdᵻd,bliːdən
913,bloodshed,9,7,bleedshud,7,,blʌdʃɛd,bliːdʃʌd
914,bloom,5,4,bloam,4,,bluːm,bloʊm
915,bloomers,8,7,bleemers,6,,bluːmɚz,bliːmɚz
916,blooper,7,6,blooter,6,,bluːpɚ,bluːɾɚ
917,blossom,7,6,blottom,6,,blɔsəm,blɑːɾəm
918,blot,4,4,blut,4,,blɑːt,blʌt
919,blouse,6,4,blound,5,,blaʊz,blaʊnd
920,blow,4,3,blau,3,,bloʊ,blaʊ
921,blown,5,4,bloth,4,,bloʊn,blɑːθ
922,blowtorch,9,7,blewtolts,8,,bloʊɾɔːɹtʃ,bluːɾoʊlts
923,blueberry,9,7,bluebezzy,7,,bluːbɛɹi,bluːbɛzi
924,bluejay,7,4,blumkay,6,,bluːdʒeɪ,blʌmkeɪ
925,blues,5,4,blusk,5,,bluːz,blʌsk
926,bluff,5,4,bliff,4,,blʌf,blɪf
927,bluish,6,5,bliush,5,,bluːɪʃ,blɪʌʃ
928,blunder,7,7,blinden,7,,blʌndɚ,blaɪndən
929,blunt,5,5,blung,4,,blʌnt,blʌŋ
930,blur,4,4,blar,4,,blɜː,blɑːɹ
931,blurt,5,5,blurk,5,,blɜːt,blɜːk
932,blush,5,4,blosh,4,,blʌʃ,blɑːʃ
933,boar,4,3,biex,5,,bɔːɹ,biːks
934,board,5,4,borth,4,,bɔːɹd,bɔːɹθ
935,boast,5,4,biest,5,,boʊst,biːst
936,boat,4,3,buit,4,,boʊt,bjuːɪt
937,boathouse,9,6,boothound,7,,boʊthaʊs,buːθaʊnd
938,boatman,7,6,beetmin,6,,boʊtmən,biːtmɪn
939,bob,3,3,bub,3,,bɑːb,bʌb
940,bobsled,7,7,botshed,5,,bɑːbslɛd,bɑːtʃɛd
941,bodily,6,6,bodopy,6,,bɑːdili,bɑːdəpi
942,body,4,4,bory,4,,bɑːdi,bɔːɹi
943,Bohemian,8,8,Bohorian,8,,boʊhiːmiən,boʊhɔːɹiən
944,boil,4,3,boin,3,,bɔɪl,bɔɪn
945,boisterous,10,8,boistenious,9,,bɔɪstɚɹəs,bɔɪstɛniəs
946,bold,4,4,bork,4,,boʊld,bɔːɹk
947,bolt,4,4,boft,4,,boʊlt,bɔft
948,bolts,5,5,zolts,5,,boʊlts,zoʊlts
949,bomb,4,3,bolk,4,,bɑːm,bɑːlk
950,bombard,7,7,bumband,7,,bəmbɑːɹd,bʌmbænd
951,bombardment,11,11,bombordmint,11,,bəmbɑːɹdmənt,bɑːmbɔːɹdmɪnt
952,bomber,6,5,bember,6,,bɑːmɚ,bɛmbɚ
953,bombproof,9,7,boneprook,7,,bɑːmpɹuːf,boʊnpɹʊk
954,bombshell,9,6,bonespell,7,,bɑːmʃɛl,boʊnspɛl
955,bonanza,7,7,boninzo,7,,bənænzə,bənɪnzoʊ
956,bond,4,4,bont,4,,bɑːnd,bɔnt
957,bondage,7,6,bontase,6,,bɑːndɪdʒ,bɔnteɪs
958,bondholder,10,10,bondhalder,10,,bɑːndhoʊldɚ,bɑːndhældɚ
959,bondsman,8,8,bindsmen,8,,bɑːndzmən,baɪndzmɛn
960,bone,4,3,bong,3,,boʊn,bɑːŋ
961,bonfire,7,7,banfore,6,,bɑːnfaɪɚ,bænfɔːɹ
962,bongo,5,5,banga,5,,bɑːŋɡoʊ,bæŋɡə
963,bonnet,6,5,bozzet,5,,bɑːnɪt,bɑːzɪt
964,bonus,5,5,bimus,5,,boʊnəs,bɪməs
965,boo,3,2,bok,3,,buː,bɑːk
966,booby,5,4,beewy,4,,buːbi,biːwi
967,book,4,3,boodge,3,,bʊk,buːdʒ
968,bookcase,8,6,beekcuse,7,,bʊkkeɪs,biːkkjuːs
969,booklet,7,6,beeklen,6,,bʊklɪt,biːklən
970,boom,4,3,boip,3,,buːm,bɔɪp
971,boomerang,9,7,boomoring,7,,buːmɚɹæŋ,buːmɚɹɪŋ
972,boost,5,4,boong,4,,buːst,buːŋ
973,boot,4,3,boif,3,,buːt,bɔɪf
974,booth,5,3,bouth,3,,buːθ,baʊθ
975,booths,6,4,booled,4,,buːθs,buːld
976,bootie,6,4,boodie,4,,buːɾi,buːdi
977,bootleg,7,6,boodler,6,,buːtlɛɡ,buːdlɚ
978,bootless,8,6,boodness,6,,buːtləs,buːdnəs
979,boots,5,4,boits,4,,buːts,bɔɪts
980,border,6,6,bonmer,6,,bɔːɹdɚ,bɑːnmɚ
981,boredom,7,6,baredim,6,,bɔːɹdəm,bɛɹdɪm
982,born,4,4,zorn,4,,bɔːɹn,zɔːɹn
983,borrow,6,4,bollow,4,,bɑːɹoʊ,bɑːloʊ
984,boss,4,3,zors,4,,bɔs,zɔːɹz
985,botanical,9,9,botaridal,8,,bətænɪkəl,bɑːɾɑːɹɹɪdəl
986,bother,6,5,bether,5,,bɑːðɚ,bɛðɚ
987,bottle,6,4,boffle,5,,bɑːɾəl,bɑːfəl
988,bottom,6,5,bollom,5,,bɑːɾəm,bɑːləm
989,bought,6,3,bounge,4,,bɔːt,baʊndʒ
990,boulevard,9,8,boulomurd,8,,buːlɪvɑːɹd,buːləmɜːd
991,bounce,6,4,bourge,4,,baʊns,bɜːdʒ
992,bound,5,4,bouch,3,,baʊnd,baʊtʃ
993,boundary,8,7,boundomy,7,,baʊndɚɹi,baʊndəmi
994,bountiful,9,8,bountofal,8,,baʊntifəl,baʊntɑːfəl
995,bounty,6,5,beanry,5,,baʊnti,biːnɹi
996,bouquet,7,4,bowgret,6,,buːkeɪ,boʊɡɹɛt
997,bourbon,7,6,beerbin,6,,bɜːbən,bɪɹbɪn
998,bout,4,3,bowsh,3,,baʊt,boʊʃ
999,boutique,8,5,bowlique,5,,buːtiːk,boʊliːk
1000,bow,3,2,zow,2,,boʊ,zoʊ
1001,bowel,5,4,bowen,4,,baʊəl,boʊɪn
1002,bowl,4,3,boids,4,,boʊl,bɔɪdz
1003,bowler,6,5,bawlen,5,,boʊlɚ,bɔːlən
1004,bowstring,9,7,botstrink,9,,boʊstɹɪŋ,bɑːtstɹɪŋk
1005,box,3,4,beo,3,,bɑːks,beɪoʊ
1006,boy,3,2,bof,3,,bɔɪ,bɑːf
1007,boycott,7,5,bofcoit,6,,bɔɪkɑːt,bɑːfkɔɪt
1008,bra,3,3,blale,4,,bɹɑː,bleɪl
1009,brace,5,4,jace,3,,bɹeɪs,dʒeɪs
1010,bracelet,8,7,britelat,7,,bɹeɪslɪt,bɹaɪtlæt
1011,bracket,7,6,brocket,6,,bɹækɪt,bɹɑːkɪt
1012,brag,4,4,brang,4,,bɹæɡ,bɹæŋ
1013,braid,5,4,brosp,5,,bɹeɪd,bɹɑːsp
1014,brain,5,4,brage,4,,bɹeɪn,bɹeɪdʒ
1015,brake,5,4,brate,4,,bɹeɪk,bɹeɪt
1016,branch,6,5,bradge,4,,bɹæntʃ,bɹædʒ
1017,brand,5,5,bramp,5,,bɹænd,bɹæmp
1018,brandy,6,6,brindy,6,,bɹændi,bɹɪndi
1019,brass,5,4,brug,4,,bɹæs,bɹʌɡ
1020,brassiere,9,6,brikkieve,6,,bɹæsiɛɹ,bɹɪkiːv
1021,brat,4,4,brut,4,,bɹæt,bɹʌt
1022,brave,5,4,brank,5,,bɹeɪv,bɹæŋk
1023,bravery,7,7,bramely,7,,bɹeɪvɚɹi,bɹeɪmli
1024,bravo,5,5,brova,5,,bɹɑːvoʊ,bɹoʊvə
1025,Brazilian,9,9,Brazolian,9,,bɹæzɪliən,bɹæzoʊliən
1026,breach,6,4,breals,6,,bɹiːtʃ,bɹiːəlz
1027,bread,5,4,broodge,4,,bɹɛd,bɹuːdʒ
1028,breadth,7,5,brealth,5,,bɹɛdθ,bɹiːəlθ
1029,breadwinner,11,9,breadwitter,9,,bɹɛdwɪnɚ,bɹɛdwɪɾɚ
1030,breakage,8,6,breamase,6,,bɹeɪkɪdʒ,bɹiːmeɪs
1031,breakdown,9,7,breamdorm,8,,bɹeɪkdaʊn,bɹiːmdɔːɹm
1032,breakfast,9,8,breamfost,8,,bɹɛkfəst,bɹiːmfɑːst
1033,breakout,8,6,breamoul,6,,bɹeɪkaʊt,bɹiːmaʊl
1034,bream,5,4,brear,5,,bɹiːm,bɹɪɹ
1035,breast,6,5,brost,5,,bɹɛst,bɹɑːst
1036,breastbone,10,8,breachbine,7,,bɹɛstboʊn,bɹiːtʃbaɪn
1037,breath,6,4,brooth,4,,bɹɛθ,bɹuːθ
1038,breathe,7,4,brealms,6,,bɹiːð,bɹɛlmz
1039,breathtaking,12,9,breathtaling,9,,bɹɛθteɪkɪŋ,bɹɛθteɪlɪŋ
1040,breed,5,4,broid,4,,bɹiːd,bɹɔɪd
1041,breeze,6,4,dreeze,4,,bɹiːz,dɹiːz
1042,brew,4,3,broy,3,,bɹuː,bɹɔɪ
1043,brewing,7,5,blewind,6,,bɹuːɪŋ,bluːɪnd
1044,bribe,5,4,brobe,4,,bɹaɪb,bɹoʊb
1045,brick,5,4,brock,4,,bɹɪk,bɹɑːk
1046,bridal,6,5,brudal,6,,bɹaɪdəl,bɹuːdəl
1047,bride,5,4,brime,4,,bɹaɪd,bɹaɪm
1048,bridesmaid,10,8,bradesmail,8,,bɹaɪdsmeɪd,bɹeɪdsmeɪl
1049,bridge,6,4,brince,5,,bɹɪdʒ,bɹɪns
1050,brief,5,4,broof,4,,bɹiːf,bɹuːf
1051,briefs,6,5,broish,4,,bɹiːfs,bɹɔɪʃ
1052,bright,6,4,brimes,5,,bɹaɪt,bɹaɪmz
1053,brighten,8,5,blighten,6,,bɹaɪʔn̩,blaɪʔn̩
1054,brilliant,9,8,brippliant,9,,bɹɪliənt,bɹɪplaɪənt
1055,bring,5,4,brint,5,,bɹɪŋ,bɹɪnt
1056,brink,5,5,broonk,5,,bɹɪŋk,bɹuːŋk
1057,brisk,5,5,brosk,5,,bɹɪsk,bɹɑːsk
1058,bristle,7,6,bruskle,7,,bɹɪsəl,bɹʌskəl
1059,British,7,6,Brotise,6,,bɹɪɾɪʃ,bɹɑːɾaɪz
1060,brittle,7,5,briggle,6,,bɹɪɾəl,bɹɪɡəl
1061,broach,6,4,brouch,4,,bɹoʊtʃ,bɹaʊtʃ
1062,broad,5,4,broud,4,,bɹɔːd,bɹaʊd
1063,broaden,7,5,broanen,6,,bɹɔːdən,bɹoʊnən
1064,broccoli,8,7,brocculo,8,,bɹɑːkəli,bɹəkjʊloʊ
1065,brochure,8,6,briflure,8,,bɹoʊʃʊɹr,bɹaɪflʊɹ
1066,broke,5,4,brole,4,,bɹoʊk,bɹoʊl
1067,broken,6,6,blowen,6,,bɹoʊkən,bloʊɪn
1068,brokenhearted,13,12,brokinhearled,12,,bɹoʊkənhɑːɹɾᵻd,bɹɑːkɪnhɪɹld
1069,broker,6,6,blozer,6,,bɹoʊkɚ,bloʊzɚ
1070,bronchial,9,8,bronplial,9,,bɹɑːŋkɪəl,bɹɑːnplɪəl
1071,bronchitis,10,9,bronchotin,9,,bɹəŋkaɪɾɪs,bɹɑːŋkətɪn
1072,bronchus,8,7,brunchis,7,,bɹɑːŋkəs,bɹʌntʃaɪz
1073,bronze,6,5,bronge,5,,bɹɑːnz,bɹɔndʒ
1074,brood,5,4,broon,4,,bɹuːd,bɹuːn
1075,broom,5,4,broam,4,,bɹuːm,bɹoʊm
1076,broth,5,4,brork,5,,bɹɑːθ,bɹɔːɹk
1077,brothel,7,6,brondel,7,,bɹɑːθəl,bɹɑːndəl
1078,brother,7,6,bronder,7,,bɹʌðɚ,bɹɑːndɚ
1079,brought,7,4,brounce,5,,bɹɔːt,bɹaʊns
1080,brow,4,3,brob,4,,bɹaʊ,bɹɑːb
1081,brown,5,4,brold,5,,bɹaʊn,bɹoʊld
1082,brownie,7,5,bronbie,6,,bɹaʊni,bɹɑːnbi
1083,browse,6,4,broist,5,,bɹaʊz,bɹɔɪst
1084,bruise,6,4,broise,4,,bɹuːz,bɹɔɪs
1085,brunch,6,5,brench,5,,bɹʌntʃ,bɹɛntʃ
1086,brunette,8,6,bronelle,6,,bɹuːnɛt,bɹoʊnɛl
1087,brush,5,4,brunk,5,,bɹʌʃ,bɹʌŋk
1088,brutal,6,5,brecal,6,,bɹuːɾəl,bɹɛkəl
1089,brutality,9,9,brutonily,9,,bɹuːtælᵻɾi,bɹuːtənili
1090,brutally,8,7,brutappy,7,,bɹuːɾəli,bɹuːɾæpi
1091,bubble,6,5,bummle,5,,bʌbəl,bʌməl
1092,buck,4,3,bume,4,,bʌk,bjuːm
1093,bucket,6,5,beclet,6,,bʌkɪt,bᵻklɛt
1094,buckle,6,5,beckle,5,,bʌkəl,bɛkəl
1095,bud,3,3,bup,3,,bʌd,bʌp
1096,Buddhism,8,7,Biddhusm,7,,buːdɪzəm,bɪdʌzəm
1097,Buddhist,8,6,Boddhust,6,,buːdɪst,bɑːdʌst
1098,buddy,5,4,biddy,4,,bʌdi,bɪdi
1099,budge,5,3,bonge,4,,bʌdʒ,bɑːndʒ
1100,budget,6,5,bidgit,5,,bʌdʒɪt,bɪdʒɪt
1101,budgie,6,4,bidgin,5,,bʌdʒi,bɪdʒɪn
1102,buff,4,3,bult,4,,bʌf,bʌlt
1103,buffalo,7,6,buffula,6,,bʌfəloʊ,bʌfjʊlə
1104,buffer,6,5,budder,5,,bʌfɚ,bʌdɚ
1105,buffet,6,4,bunnet,4,,bʌfɪt,bʌnɪt
1106,bug,3,3,zug,3,,bʌɡ,zʌɡ
1107,buggy,5,4,biggo,4,,bʌɡi,bɪɡoʊ
1108,build,5,4,bealf,4,,bɪld,biːlf
1109,building,8,6,bourting,6,,bɪldɪŋ,bɜːɾɪŋ
1110,built,5,4,boipt,4,,bɪlt,bɔɪpt
1111,bulb,4,4,belb,4,,bʌlb,bɛlb
1112,bulge,5,4,buave,4,,bʌldʒ,bjuːeɪv
1113,bulk,4,4,bube,4,,bʌlk,bjuːb
1114,bull,4,3,bulsh,4,,bʊl,bʌlʃ
1115,bullet,6,5,bollet,5,,bʊlɪt,bɑːlɪt
1116,bulletin,8,7,bullotit,7,,bʊlɪtɪn,bʊlətiːt
1117,bullfight,9,6,bellnight,6,,bʊlfaɪt,bɛlnaɪt
1118,bully,5,4,bolly,4,,bʊli,bɑːli
1119,bum,3,3,wum,3,,bʌm,wʌm
1120,bumblebee,9,8,bumplemee,8,,bʌmbəlbiː,bʌmplɪmiː
1121,bump,4,4,bubs,4,,bʌmp,bʌbz
1122,bun,3,3,zun,3,,bʌn,zʌn
1123,bunch,5,4,burks,5,,bʌntʃ,bɜːks
1124,bundle,6,5,bentle,6,,bʌndəl,bɛntəl
1125,bungalow,8,7,bunfolaw,7,,bʌŋɡɐloʊ,bʌnfəlɔː
1126,bunk,4,4,baunk,4,,bʌŋk,bɔːŋk
1127,bunker,6,6,binker,6,,bʌŋkɚ,bɪŋkɚ
1128,bunny,5,4,butty,4,,bʌni,bʌɾi
1129,buoyancy,8,6,buoyinry,6,,bɔɪənsi,bɔɪɪnɹi
1130,burden,6,5,borpen,6,,bɜːdən,bɔːɹpən
1131,bureau,6,5,bereek,5,,bjʊɹɹoʊ,bɛɹiːk
1132,bureaucracy,11,10,bumountrity,11,,bjʊɹɹɑːkɹəsi,bjuːmaʊntɹᵻɾi
1133,bureaucrat,10,9,bureadcrit,10,,bjʊɹɹoʊkɹæt,bjʊɹɹiːdkɹɪt
1134,burglar,7,7,barkler,7,,bɜːɡlɚ,bɑːɹklɚ
1135,burglarize,10,9,burglomaze,9,,bɜːɡlɚɹaɪz,bɜːɡləmeɪz
1136,burglary,8,8,burglomy,8,,bɜːɡlɚɹi,bɜːɡləmi
1137,Burgundy,8,8,Burginry,8,,bɜːɡʌndi,bɜːdʒɪnɹi
1138,burial,6,6,buroat,5,,bɛɹɪəl,bjʊɹɹoʊt
1139,burn,4,4,boiv,3,,bɜːn,bɔɪv
1140,burned,6,5,burged,5,,bɜːnd,bɜːdʒd
1141,burnt,5,5,bornt,5,,bɜːnt,bɔːɹnt
1142,burp,4,4,borp,4,,bɜːp,bɔːɹp
1143,burro,5,4,berra,4,,bɜːɹoʊ,bɛɹə
1144,burst,5,5,boist,4,,bɜːst,bɔɪst
1145,bus,3,3,baist,4,,bʌs,beɪɪst
1146,bush,4,3,buke,4,,bʊʃ,bjuːk
1147,business,8,6,bernless,7,,bɪznəs,bɜːnləs
1148,bust,4,4,bupe,4,,bʌst,bjuːp
1149,bustle,6,5,besple,6,,bʌsəl,bᵻsplɛ
1150,busy,4,4,bewy,4,,bɪzi,bᵻwaɪ
1151,busybody,8,8,busyfamy,8,,bɪzɪbɑːdi,bɪzɪfæmi
1152,butcher,7,5,belcher,6,,bʊtʃɚ,bɛltʃɚ
1153,butler,6,6,bulter,6,,bʌtlɚ,bʌltɚ
1154,butter,6,5,bunner,5,,bʌɾɚ,bʌnɚ
1155,butterfingered,14,12,buttenfanpered,12,,bʌɾɚfɪŋɡɚd,bʌtənfænpɚd
1156,butterfingers,13,12,butlerfangles,12,,bʌɾɚfɪŋɚz,bʌɾələfæŋɡəlz
1157,butterfly,9,8,buttenfry,8,,bʌɾɚflaɪ,bʌtɛnfɹi
1158,buttocks,8,6,bummocks,6,,bʌɾəks,bʌməks
1159,button,6,4,buzzon,5,,bʌʔn̩,bʌzən
1160,buy,3,2,buh,3,,baɪ,bʌ
1161,buzz,4,3,broz,4,,bʌz,bɹɑːz
1162,buzzard,7,6,bullard,6,,bʌzɚd,bʊlɑːɹd
1163,bygone,6,5,bagore,5,,baɪɡɑːn,bæɡɔːɹ
1164,bypass,6,5,bapuss,5,,baɪpæs,bæpʊs
1165,cab,3,3,coosh,3,,kæb,kuːʃ
1166,cabbage,7,5,caddage,5,,kæbɪdʒ,kædɪdʒ
1167,cabin,5,5,cadim,5,,kæbɪn,kædɪm
1168,cabinet,7,7,cabonit,7,,kæbᵻnət,kæbənɪt
1169,cable,5,5,cutle,6,,keɪbəl,kʌɾəl
1170,cackle,6,5,carkly,6,,kækəl,kɑːɹkli
1171,cactus,6,6,cantis,6,,kæktəs,kæntiz
1172,cadaver,7,7,cadover,7,,kɐdævɚ,kædoʊvɚ
1173,caddy,5,4,caggy,4,,kædi,kæɡi
1174,cadet,5,5,culet,5,,kɐdɛt,kjʊlɪt
1175,cafe,4,4,cufy,5,,kæfeɪ,kʌfaɪ
1176,cafeteria,9,9,cafetalia,9,,kæfɪtɪɹiə,kæfiːteɪliə
1177,caffeine,8,5,cazzeine,5,,kæfiːn,kæzaɪn
1178,cage,4,3,coige,3,,keɪdʒ,kɔɪdʒ
1179,cake,4,3,cade,3,,keɪk,keɪd
1180,calcium,7,7,caldiun,7,,kælsiəm,kɔldɪʌn
1181,calculate,9,9,calcomake,8,,kælkjʊleɪt,kælkəmeɪk
1182,calculated,10,11,calcilapen,10,,kælkjʊleɪɾᵻd,kælsɪleɪpən
1183,calculation,11,11,calpatative,10,,kælkjʊleɪʃən,kælpɐɾətɪv
1184,calculative,11,11,calcilotave,10,,kælkjʊlətɪv,kælsɪlɑːɾeɪv
1185,calculus,8,9,calcatus,8,,kælkjʊləs,kælkæɾəs
1186,calendar,8,8,calindor,8,,kæləndɚ,keɪlɪndɔːɹ
1187,calf,4,3,cabe,3,,kæf,keɪb
1188,calibrate,9,8,calobrake,8,,kælɪbɹeɪt,kæləbɹeɪk
1189,calibrator,10,10,calobrupor,10,,kælɪbɹeɪɾɚ,kæləbɹuːpɚ
1190,calisthenics,12,11,calintherize,10,,kælɪsθɛnɪks,keɪlɪnθɚɹaɪz
1191,call,4,3,cang,3,,kɔːl,kæŋ
1192,calling,7,5,cagging,5,,kɔːlɪŋ,kæɡɪŋ
1193,calm,4,4,zum,3,,kɑːm,zʌm
1194,caloric,7,7,calirin,7,,kælɔːɹɪk,kælɪɹɪn
1195,calorie,7,6,calimie,6,,kælɚɹi,kælɪmi
1196,calves,6,4,coolves,5,,kævz,kuːlvz
1197,came,4,3,cath,3,,keɪm,kæθ
1198,camel,5,5,cadel,5,,kæməl,keɪdəl
1199,camera,6,6,camaro,6,,kæmɹə,kæmæɹoʊ
1200,camisole,8,7,camosale,7,,kæmɪsoʊl,kæməzeɪl
1201,camouflage,10,8,camioflame,9,,kæməflɑːʒ,kæmɪɑːfleɪm
1202,camp,4,4,cump,4,,kæmp,kʌmp
1203,campaign,8,6,canpoign,6,,kæmpeɪn,kænpɔɪn
1204,campus,6,6,cantus,6,,kæmpəs,kæntəs
1205,Canadian,8,8,Canorian,8,,kɐneɪdiən,kænɔːɹiən
1206,canal,5,5,cumal,6,,kənæl,kjuːməl
1207,canape,6,6,canopu,6,,kænəpeɪ,kænəpuː
1208,canary,6,6,canamy,6,,kənɛɹi,kænæmi
1209,cancel,6,6,consoon,6,,kænsəl,kənsuːn
1210,cancellation,12,10,cansistative,11,,kænsɪleɪʃən,kænsɪstətɪv
1211,cancer,6,6,conger,6,,kænsɚ,kɑːŋɡɚ
1212,cancerous,9,8,cancenius,9,,kænsɚɹəs,kænsiːnɪəs
1213,candid,6,6,camsid,6,,kændɪd,kæmzɪd
1214,candidate,9,8,candudale,8,,kændᵻdeɪt,kændʒuːdeɪl
1215,candle,6,5,carzle,6,,kændəl,kɑːɹzəl
1216,candlelight,11,8,canbleright,9,,kændəllaɪt,kænbəlɹaɪt
1217,candy,5,5,carty,5,,kændi,kɑːɹɾi
1218,cane,4,3,zane,3,,keɪn,zeɪn
1219,canine,6,5,cunone,5,,keɪnaɪn,kʌnɑːn
1220,canister,8,8,canusper,8,,kænɪstɚ,kænʌspɚ
1221,canned,6,4,canked,5,,kænd,kæŋkt
1222,cannery,7,6,caffery,6,,kænɚɹi,kæfɚɹi
1223,cannibal,8,7,cannupal,7,,kænɪbəl,kænuːpəl
1224,cannibalize,11,9,cannabilics,10,,kænɪbəlaɪz,kænɐbɪlɪks
1225,cannon,6,5,catton,5,,kænən,kæʔn̩
1226,cannonball,10,8,canninbill,8,,kænənbɔːl,kænɪnbɪl
1227,canoe,5,4,cunle,5,,kənuː,kʌnəl
1228,canopy,6,6,caniby,6,,kænəpi,kænɪbi
1229,cant,4,4,cank,4,,kænt,kæŋk
1230,cantaloupe,10,8,cannatooms,8,,kæntəloʊp,kænɐtuːmz
1231,canteen,7,6,camtone,6,,kæntiːn,kæmtoʊn
1232,canvas,6,6,camvat,6,,kænvəs,kæmvæt
1233,canyon,6,6,camyor,6,,kænɪən,kæmɪɚ
1234,cap,3,3,couk,3,,kæp,kaʊk
1235,capability,10,10,capubamoty,11,,keɪpəbɪlᵻɾi,kæpjuːbæmɑːɾi
1236,capable,7,7,capomle,7,,keɪpəbəl,kæpɑːməl
1237,capacity,8,8,caperidy,8,,kəpæsᵻɾi,kæpɚɹɪdi
1238,cape,4,3,coish,3,,keɪp,kɔɪʃ
1239,caper,5,5,cupel,6,,keɪpɚ,kjuːpɛl
1240,capillary,9,8,capeffary,8,,kæpɪlɚɹi,keɪpfɚɹi
1241,capital,7,6,capotan,7,,kæpɪɾəl,kæpɑːtən
1242,capitalism,10,10,capotarise,9,,kæpɪɾəlɪzəm,kæpəɾɚɹaɪz
1243,capitalistic,12,11,capitarustin,12,,kæpɪɾəlɪstɪk,kæpɪtɑːɹɹəstɪn
1244,capitalization,14,12,capitanozorion,14,,kæpɪɾəlᵻzeɪʃən,kæpɪtænəzɔːɹiən
1245,capitalize,10,8,capitabics,10,,kæpɪɾəlaɪz,kæpɪtæbɪks
1246,capsize,7,6,cupsafe,6,,kæpsaɪz,kʌpseɪf
1247,capsule,7,6,cupsale,6,,kæpsjuːl,kʌpseɪl
1248,captain,7,6,cuptail,6,,kæptɪn,kʌptɪl
1249,caption,7,6,cuptive,6,,kæpʃən,kʌptɪv
1250,captivate,9,8,captovale,8,,kæptᵻveɪt,kæptuːveɪl
1251,captive,7,6,cuption,7,,kæptɪv,kʌpʃən
1252,captivity,9,9,captarimy,9,,kæptɪvᵻɾi,kæptɑːɹɹɪmi
1253,capture,7,6,cuptore,6,,kæptʃɚ,kʌptɚ
1254,car,3,3,zar,3,,kɑːɹ,zɑːɹ
1255,caramel,7,6,caromil,7,,kæɹəməl,kæɹəmɪl
1256,caravan,7,7,carovin,7,,kæɹɐvæn,kæɹəvɪn
1257,carbohydrate,12,11,carbuhoflate,11,,kɑːɹboʊhaɪdɹeɪt,kɑːɹbjuːhɑːfleɪt
1258,carbon,6,6,canbin,6,,kɑːɹbən,kænbɪn
1259,carbonate,9,8,carbinale,8,,kɑːɹbəneɪt,kɑːɹbɪneɪl
1260,carbonation,11,10,carbanotive,10,,kɑːɹbəneɪʃən,kɑːɹbɐnɑːɾɪv
1261,carcass,7,6,cancase,6,,kɑːɹkəs,kæŋkeɪs
1262,card,4,4,caft,4,,kɑːɹd,kæft
1263,cardiac,7,7,carduan,7,,kɑːɹdiæk,kɑːɹduːən
1264,cardigan,8,8,cardugin,8,,kɑːɹdɪɡən,kɑːɹdʒuːdʒɪn
1265,cardiovascular,14,15,cardiaviscolan,14,,kɑːɹdɪoʊvæskjʊlɚ,kɑːɹdɪævɪskɑːlæn
1266,care,4,3,cate,3,,kɛɹ,keɪt
1267,career,6,5,curore,6,,kɚɹɪɹ,kjʊɹɹɔːɹ
1268,carefree,8,6,caseflee,6,,kɛɹfɹiː,keɪsfliː
1269,careless,8,6,caseness,6,,kɛɹləs,keɪsnəs
1270,caress,6,5,cupess,6,,kɚɹɛs,kjuːpɛs
1271,caretaker,9,8,caretiken,8,,kɛɹɾeɪkɚ,kɛɹɾaɪkən
1272,cargo,5,5,camga,5,,kɑːɹɡoʊ,kæmɡə
1273,caring,6,5,jaxing,6,,kɛɹɪŋ,dʒæksɪŋ
1274,carload,7,6,canloar,6,,kɑːɹloʊd,kænlɔːɹ
1275,carnation,9,8,carnotoon,8,,kɑːɹneɪʃən,kɑːɹnətuːn
1276,carnival,8,8,carnovil,8,,kɑːɹnɪvəl,kɑːɹnɑːvəl
1277,carol,5,5,cural,6,,kæɹəl,kjʊɹɹəl
1278,carpenter,9,9,carpintar,9,,kɑːɹpəntɚ,kɑːɹpɪntɚ
1279,carpet,6,6,canpit,6,,kɑːɹpɪt,kænpɪt
1280,carriage,8,5,candiage,6,,kæɹɪdʒ,kændɪdʒ
1281,carrier,7,6,cardien,6,,kæɹiɚ,kɑːɹdiən
1282,carrot,6,5,candot,6,,kæɹət,kændɑːt
1283,carry,5,4,curny,5,,kæɹi,kɜːni
1284,cart,4,4,ciert,4,,kɑːɹt,sɪɹt
1285,cartilage,9,7,cartolale,8,,kɑːɹɾɪlɪdʒ,kɑːɹɾəleɪl
1286,carton,6,5,canson,6,,kɑːɹtən,kænsən
1287,cartoon,7,6,cangoon,6,,kɑːɹtuːn,kæŋɡuːn
1288,cartridge,9,7,cantroids,8,,kɑːɹtɹɪdʒ,kæntɹɔɪdz
1289,cartwheel,9,8,casstreel,8,,kɑːɹtwiːl,kæstɹiːl
1290,carve,5,4,cague,3,,kɑːɹv,keɪɡ
1291,cascade,7,6,cadlade,6,,kɐskeɪd,kædleɪd
1292,case,4,3,cowth,3,,keɪs,kaʊθ
1293,cash,4,3,cags,4,,kæʃ,kæɡz
1294,cashew,6,4,candew,6,,kæʃjuː,kænduː
1295,cashier,7,5,cantier,6,,kæʃɪɹ,kæntiɚ
1296,cashmere,8,6,castmeke,7,,kæʒmɪɹ,kæstmɛk
1297,casino,6,6,casoni,6,,kɐsiːnoʊ,kæsoʊni
1298,casket,6,6,capret,6,,kæskɪt,kæpɹɪt
1299,cassette,8,5,caffette,5,,kɐsɛt,kæfɛt
1300,cast,4,4,coist,4,,kæst,kɔɪst
1301,castaway,8,7,castawop,8,,kæstəweɪ,kæstæwəp
1302,castle,6,5,costen,6,,kæsəl,kɔsʔn̩
1303,castrate,8,7,cantrite,7,,kæstɹeɪt,kæntɹaɪt
1304,castration,10,9,castrotive,9,,kæstɹeɪʃən,kæstɹətɪv
1305,casual,6,6,casoan,6,,kæʒuːəl,kæsoʊn
1306,casualty,8,8,casoarpy,8,,kæʒuːəlɾi,kæsɔːɹpi
1307,cat,3,3,coit,3,,kæt,kɔɪt
1308,catalog,7,6,catalague,7,,kæɾɐlɑːɡ,kæɾɐleɪɡ
1309,catalyst,8,8,catalast,8,,kæɾɐlɪst,kæɾɐlæst
1310,catapult,8,8,catamalt,8,,kæɾɐpʌlt,kæɾɐmɔlt
1311,catastrophe,11,10,catandrople,11,,kɐtæstɹəfi,kætɐndɹɑːpəl
1312,catastrophic,12,11,cataphrastid,11,,kæɾəstɹɑːfɪk,kæɾɐfɹæstɪd
1313,catch,5,3,cotch,3,,kætʃ,kɑːtʃ
1314,catchy,6,4,cutchy,4,,kætʃi,kʌtʃi
1315,categorical,11,11,categarican,11,,kæɾɪɡɔːɹɪkəl,kæɾɪɡæɹɪkən
1316,categorize,10,9,categimaze,9,,kæɾɪɡɚɹaɪz,kæɾɪdʒɪmeɪz
1317,cater,5,5,cutar,5,,keɪɾɚ,kjuːɾɚ
1318,caterpillar,11,10,catorpindar,11,,kæɾɚpɪlɚ,kæɾɔːɹpɪndɑːɹ
1319,catfish,7,6,canfash,6,,kætfɪʃ,kænfæʃ
1320,cathedral,9,8,cathopral,8,,kɐθiːdɹəl,kæθɑːpɹəl
1321,catholic,8,7,cathipoc,7,,kæθlɪk,kæθɪpɑːk
1322,Catholicism,11,11,Cathilocise,9,,kæθɑːlɪsɪzəm,kæθɪlɑːsaɪz
1323,cattle,6,4,cazzle,5,,kæɾəl,kæzəl
1324,Caucasian,9,7,Caucosive,7,,kɔːkeɪʒən,kɔːkoʊsɪv
1325,caught,6,3,caunts,5,,kɔːt,kɔːnts
1326,cauliflower,11,9,cauloflawen,10,,kɑːlɪflaʊɚ,kɔːləflɔːn
1327,causal,6,5,caskal,6,,kɔːzəl,kæskəl
1328,causality,9,8,caudoniry,8,,kɔːzælᵻɾi,kɔːdənaɪɚɹi
1329,causally,8,6,causasty,7,,kɔːzəli,kɔːsɐsti
1330,cause,5,3,cancs,5,,kɔːz,kæŋks
1331,caution,7,5,caplion,7,,kɔːʃən,kæpliən
1332,cautious,8,5,captrous,7,,kɔːʃəs,kæptɹəs
1333,cave,4,3,coove,3,,keɪv,kuːv
1334,cavern,6,6,camerd,6,,kævɚn,kæmɜːd
1335,cavity,6,6,cavipy,6,,kævᵻɾi,kævɪpi
1336,cease,5,3,souze,3,,siːs,suːz
1337,cedar,5,5,cimur,5,,siːdɚ,sɪmɚ
1338,ceiling,7,5,cuiling,6,,siːlɪŋ,kjuːaɪlɪŋ
1339,celebrate,9,8,celebrale,8,,sɛləbɹeɪt,sɛləbɹeɪl
1340,celebrated,10,10,celabraner,10,,sɛləbɹeɪɾᵻd,sɛlɑːbɹeɪnɚ
1341,celebration,11,10,celatrative,10,,sɛləbɹeɪʃən,sɛlɐtɹətɪv
1342,celebrity,9,9,celarnidy,9,,səlɛbɹᵻɾi,sɛlɑːɹnɪdi
1343,celery,6,6,celogy,6,,sɛlɚɹi,sɛlədʒi
1344,celestial,9,8,celeistian,9,,səlɛstjəl,sɛlɛstʃən
1345,cellar,6,5,ceffar,5,,sɛlɚ,sɛfɑːɹ
1346,cello,5,4,cullo,4,,tʃɛloʊ,kʌloʊ
1347,cellophane,10,7,celluphase,7,,sɛləfeɪn,sɛləfeɪz
1348,cellular,8,8,cellolar,7,,sɛljʊlɚ,sɛloʊlɚ
1349,celsius,7,7,celdios,7,,sɛlsɪəs,sɛldɪoʊz
1350,cement,6,6,cimert,6,,sᵻmɛnt,saɪmɜːt
1351,cemetery,8,8,cemateby,8,,sɛmɪtɛɹi,sɛmeɪtbi
1352,censorship,10,9,censarshap,9,,sɛnsɚʃɪp,sɛnsɑːɹʃæp
1353,censure,7,6,cinsore,6,,sɛnʃɚ,sɪnsɔːɹ
1354,census,6,6,cinsis,6,,sɛnsəs,sɪnsɪs
1355,cent,4,4,ceb,3,,sɛnt,sɛb
1356,centennial,10,9,centinnoal,9,,sɛntɛnɪəl,sɛntɪnoʊl
1357,center,6,6,cinler,6,,sɛntɚ,sɪnlɚ
1358,centimeter,10,10,cenpimaten,10,,sɛntɪmiːɾɚ,sɛnpɪmeɪʔn̩
1359,centipede,9,8,centopade,8,,sɛntɪpiːd,sɛntəpeɪd
1360,central,7,7,cinqual,6,,sɛntɹəl,sɪŋkwəl
1361,centralization,14,13,centralobative,13,,sɛntɹəlᵻzeɪʃən,sɛntɹɐlɑːbətɪv
1362,centralize,10,9,centrolaze,9,,sɛntɹəlaɪz,sɛntɹəleɪz
1363,century,7,7,centomy,7,,sɛntʃɚɹi,sɛntəmi
1364,ceramic,7,7,ceramin,7,,sᵻɹæmɪk,sᵻɹæmɪn
1365,cereal,6,6,ceroad,6,,siəɹɪəl,sɛɹoʊd
1366,cerebellum,10,9,cerebandum,10,,sɛɹɪbɛləm,sɛɹɪbændəm
1367,ceremonial,10,10,ceremalial,10,,sɛɹᵻmoʊnɪəl,sɛɹɪmeɪlɪəl
1368,ceremony,8,8,ceramogy,8,,sɛɹᵻməni,sᵻɹæmɑːɡi
1369,certain,7,5,centail,6,,sɜːʔn̩,sɛnteɪl
1370,certificate,11,10,certacimate,10,,sɚtɪfɪkət,sɜːtæsᵻmeɪt
1371,certification,13,12,certifobative,12,,sɜːɾɪfɪkeɪʃən,sɜːɾɪfɑːbətɪv
1372,certify,7,7,certopy,7,,sɜːɾᵻfaɪ,sɜːɾəpi
1373,chain,5,3,choin,3,,tʃeɪn,tʃɔɪn
1374,chair,5,3,chalm,4,,tʃɛɹ,tʃælm
1375,chalk,5,3,churl,4,,tʃɔːk,tʃɜːl
1376,chalkboard,10,7,chartboads,8,,tʃɔːkbɔːɹd,tʃɑːɹtboʊdz
1377,challenge,9,6,charrenge,6,,tʃælɪndʒ,tʃæɹɛndʒ
1378,chamber,7,6,chimben,6,,tʃeɪmbɚ,tʃɪmbən
1379,chameleon,9,8,chamolion,8,,kəmiːliən,tʃæmoʊliən
1380,champ,5,4,choomp,4,,tʃæmp,tʃuːmp
1381,champagne,9,6,chimponse,7,,ʃæmpeɪn,tʃɪmpɑːns
1382,champion,8,7,chambiod,7,,tʃæmpiən,tʃeɪmbɪɑːd
1383,chance,6,4,choonce,4,,tʃæns,tʃuːns
1384,chandelier,10,8,chanolien,8,,ʃændəlɪɹ,tʃænoʊliən
1385,change,6,4,chadge,3,,tʃeɪndʒ,tʃædʒ
1386,channel,7,4,chazzel,5,,tʃænəl,tʃæzəl
1387,chant,5,4,chint,4,,tʃænt,tʃɪnt
1388,chaos,5,4,chaoos,4,,keɪɑːs,keɪuːz
1389,chaotic,7,6,chaorin,6,,keɪɑːɾɪk,keɪɔːɹɪn
1390,chap,4,3,chup,3,,tʃæp,tʃʌp
1391,chapel,6,5,chipel,5,,tʃæpəl,tʃɪpɛl
1392,chaperone,9,7,chaporane,7,,ʃæpɚɹoʊn,tʃæpɔːɹeɪn
1393,chaps,5,4,chups,4,,tʃæps,tʃʌps
1394,chapter,7,6,chipten,6,,tʃæptɚ,tʃɪpʔn̩
1395,character,9,8,charocper,8,,kæɹɪktɚ,tʃæɹɑːkpɚ
1396,characteristic,14,13,charactenustin,13,,kæɹɪktɚɹɪstɪk,kæɹɪktɛnəstɪn
1397,characterization,16,14,charactenomarion,15,,kæɹɪktɚɹaɪzeɪʃən,kæɹɪktɛnəmæɹiən
1398,characterize,12,10,charastemive,10,,kæɹɪktɚɹaɪz,tʃæɹɐstɛmɪv
1399,charades,8,6,chiraves,6,,ʃɚɹeɪdz,kaɪɹeɪvz
1400,charcoal,8,6,chircool,6,,tʃɑːɹkoʊl,tʃɜːkuːl
1401,charge,6,4,chawns,4,,tʃɑːɹdʒ,tʃɔːnz
1402,charger,7,6,chirget,6,,tʃɑːɹdʒɚ,tʃɜːɡɪt
1403,chariot,7,6,charoit,5,,tʃæɹiət,tʃæɹɔɪt
1404,charisma,8,7,charosmo,7,,kɚɹɪsmə,tʃæɹɑːzmoʊ
1405,charitable,10,9,charicably,9,,tʃæɹɪɾəbəl,tʃæɹɪkəbli
1406,charity,7,6,charoby,6,,tʃæɹᵻɾi,tʃæɹoʊbi
1407,charm,5,4,chawl,3,,tʃɑːɹm,tʃɔːl
1408,chart,5,4,chape,3,,tʃɑːɹt,tʃeɪp
1409,charter,7,6,chisten,6,,tʃɑːɹɾɚ,kɪsən
1410,chase,5,3,chame,3,,tʃeɪs,tʃeɪm
1411,chaser,6,5,claser,6,,tʃeɪsɚ,kleɪsɚ
1412,chastity,8,7,chastoly,7,,tʃæstᵻɾi,tʃæstɑːli
1413,chat,4,3,crat,4,,tʃæt,kɹæt
1414,chatter,7,5,challer,5,,tʃæɾɚ,tʃɔːlɚ
1415,chatterbox,10,9,chattenbux,9,,tʃæɾɚbɑːks,tʃætənbʌks
1416,chatty,6,4,chabby,4,,tʃæɾi,tʃæbi
1417,chauffeur,9,5,chaummer,5,,ʃoʊfʊɹ,tʃɔːmɚ
1418,chauvinism,10,9,chaupinize,7,,ʃoʊvɪnɪzəm,tʃɔːpɪnaɪz
1419,chauvinistic,12,10,chauvarastid,10,,ʃoʊvɪnɪstɪk,ʃoʊvɐɹæstɪd
1420,cheap,5,3,choop,3,,tʃiːp,tʃuːp
1421,cheapen,7,5,cherpen,6,,tʃiːpən,tʃɜːpən
1422,cheapskate,10,7,cherpskate,8,,tʃiːpskeɪt,tʃɜːpskeɪt
1423,cheat,5,3,creat,4,,tʃiːt,kɹiːeɪt
1424,check,5,3,chell,3,,tʃɛk,tʃɛl
1425,checker,7,5,chelken,6,,tʃɛkɚ,tʃɛlkən
1426,checkers,8,6,chuckens,5,,tʃɛkɚz,tʃʌkənz
1427,checklist,9,7,chocklust,7,,tʃɛklɪst,tʃɑːklʌst
1428,checkmate,9,6,chuckmite,6,,tʃɛkmeɪt,tʃʌkmaɪt
1429,checkpoint,10,7,chuckporth,7,,tʃɛkpɔɪnt,tʃʌkpɔːɹθ
1430,checkroom,9,6,chuckreem,6,,tʃɛkɹuːm,tʃʌkɹiːm
1431,cheddar,7,5,cheffar,5,,tʃɛdɚ,ʃɛfɑːɹ
1432,cheek,5,3,cheesh,3,,tʃiːk,tʃiːʃ
1433,cheer,5,3,cheege,3,,tʃɪɹ,tʃiːdʒ
1434,cheerful,8,6,cheemfil,6,,tʃɪɹfəl,tʃiːmfɪl
1435,cheery,6,4,choomy,4,,tʃɪɹi,tʃuːmi
1436,cheese,6,3,choosh,3,,tʃiːz,tʃuːʃ
1437,cheetah,7,4,chootab,5,,tʃiːɾə,tʃuːɾæb
1438,chef,4,3,chom,3,,ʃɛf,tʃɑːm
1439,chemical,8,7,chemopal,7,,kɛmɪkəl,kiːmoʊpəl
1440,chemist,7,6,chimise,5,,kɛmɪst,tʃɪmaɪz
1441,chemotherapy,12,10,chemothoraby,10,,kiːmoʊθɛɹəpi,kiːmoʊθɔːɹəbi
1442,cherish,7,5,churise,5,,tʃɛɹɪʃ,tʃjʊɹɹaɪz
1443,cherry,6,4,cheffy,4,,tʃɛɹi,ʃɛfi
1444,chess,5,3,chelt,4,,tʃɛs,tʃɛlt
1445,chest,5,4,chers,4,,tʃɛst,ʃɛɹz
1446,chestnut,8,7,chustnit,7,,tʃɛstnʌt,tʃʌstnɪt
1447,chew,4,2,cheg,3,,tʃuː,tʃɛɡ
1448,chick,5,3,chidge,3,,tʃɪk,tʃɪdʒ
1449,chickadee,9,6,chickodoo,6,,tʃɪkɐdiː,tʃɪkoʊduː
1450,chicken,7,5,checkel,5,,tʃɪkɪn,tʃɛkəl
1451,chief,5,3,crief,4,,tʃiːf,kɹiːf
1452,child,5,4,chird,3,,tʃaɪld,tʃɜːd
1453,childbirth,10,8,choldbirch,8,,tʃaɪldbɜːθ,koʊldbɜːtʃ
1454,childish,8,6,choldist,7,,tʃaɪldɪʃ,koʊldɪst
1455,childless,9,7,choldness,7,,tʃaɪldləs,koʊldnəs
1456,children,8,7,choldlin,7,,tʃɪldɹən,koʊldlɪn
1457,chill,5,3,chull,3,,tʃɪl,tʃʌl
1458,chime,5,3,chipe,3,,tʃaɪm,tʃaɪp
1459,chimney,7,5,chumnet,6,,tʃɪmni,tʃʌmnɪt
1460,chimp,5,4,ching,3,,tʃɪmp,tʃɪŋ
1461,chimpanzee,10,8,chimpinzoo,8,,tʃɪmpɐnziː,tʃɪmpɪnzuː
1462,chin,4,3,chon,3,,tʃɪn,tʃɑːn
1463,China,5,4,Chuny,4,,tʃaɪnə,tʃʌni
1464,Chinese,7,5,Chunase,5,,tʃaɪniːz,tʃuːneɪs
1465,chip,4,3,chig,3,,tʃɪp,tʃɪɡ
1466,chipmunk,8,7,chupmink,7,,tʃɪpmʌŋk,tʃʌpmɪŋk
1467,chiropractic,12,11,chimoprantim,11,,kaɪɹəpɹæktɪk,tʃɪməpɹæntɪm
1468,chirp,5,4,chilm,4,,tʃɜːp,tʃɪlm
1469,chisel,6,5,chusel,5,,tʃɪzəl,tʃuːsəl
1470,chive,5,3,chove,3,,tʃaɪv,tʃoʊv
1471,chloride,8,6,chrofide,6,,klɔːɹaɪd,kɹɑːfaɪd
1472,chlorine,8,6,chrofine,6,,klɔːɹiːn,kɹɑːfaɪn
1473,chocolate,9,7,choculane,7,,tʃɑːklət,tʃɑːkjʊleɪn
1474,choice,6,3,chorne,4,,tʃɔɪs,tʃɔːɹn
1475,choir,5,5,chorb,4,,kwaɪɚ,tʃɔːɹb
1476,choke,5,3,chike,3,,tʃoʊk,tʃaɪk
1477,cholesterol,11,10,cholistanor,10,,kəlɛstɚɹɑːl,kɑːlɪstænɚ
1478,choose,6,3,choobs,4,,tʃuːz,tʃuːbz
1479,choosey,7,4,cheasen,5,,tʃuːzi,tʃɛzən
1480,chop,4,3,chod,3,,tʃɑːp,tʃɑːd
1481,choppy,6,4,choggy,4,,tʃɑːpi,tʃɑːɡi
1482,chops,5,4,chooge,3,,tʃɑːps,tʃuːdʒ
1483,chopstick,9,7,chipslick,7,,tʃɑːpstɪk,tʃɪpslɪk
1484,choral,6,5,chirat,5,,kɔːɹəl,kaɪɹæt
1485,chord,5,4,jord,4,,kɔːɹd,dʒɔːɹd
1486,chore,5,3,chone,3,,tʃɔːɹ,tʃoʊn
1487,choreography,12,10,choreoprubhy,10,,kɔːɹɪɑːɡɹəfi,kɔːɹɪɑːpɹʌbhi
1488,chorus,6,5,chiris,5,,kɔːɹəs,kaɪɹɪs
1489,chose,5,3,chong,3,,tʃoʊz,tʃɑːŋ
1490,chosen,6,5,chisin,5,,tʃoʊzən,tʃɪsɪn
1491,chow,4,2,chob,3,,tʃaʊ,tʃɑːb
1492,chowder,7,5,chewden,6,,tʃaʊdɚ,tʃuːdən
1493,Christ,6,5,chrive,4,,kɹaɪst,kɹaɪv
1494,Christian,9,7,Chrastive,7,,kɹɪstʃən,kɹæstɪv
1495,Christianity,12,11,Christionaty,11,,kɹɪstɪænᵻɾi,kɹɪstʃənəɾi
1496,Christmas,9,7,Chrastmis,8,,kɹɪsməs,kɹæstmiz
1497,chromosome,10,8,chromesame,8,,kɹoʊməsoʊm,kɹoʊmsɑːmɛ
1498,chronic,7,6,chrunid,6,,kɹɑːnɪk,kɹuːnɪd
1499,chronicle,9,8,chronodle,8,,kɹɑːnɪkəl,kɹɑːnɑːdəl
1500,chronological,13,12,chronolagican,12,,kɹɑːnəlɑːdʒɪkəl,kɹɑːnəlædʒɪkən
1501,chronology,10,9,chronatory,9,,kɹənɑːlədʒi,kɹɑːnətɔːɹi
1502,chubby,6,4,chutty,4,,tʃʌbi,tʃʌɾi
1503,chuck,5,3,churs,4,,tʃʌk,tʃɜːz
1504,chuckle,7,5,chicklo,5,,tʃʌkəl,tʃɪkloʊ
1505,chug,4,3,chus,3,,tʃʌɡ,tʃuːz
1506,chump,5,4,chume,4,,tʃʌmp,tʃuːm
1507,chunk,5,4,choonk,4,,tʃʌŋk,tʃuːŋk
1508,church,6,4,chaige,3,,tʃɜːtʃ,tʃeɪdʒ
1509,churn,5,4,churd,4,,tʃɜːn,tʃɜːd
1510,chute,5,3,chite,3,,ʃuːt,tʃaɪt
1511,cigar,5,5,cegor,5,,sᵻɡɑːɹ,sɛɡɚ
1512,cigarette,9,7,cigalette,7,,sɪɡɚɹɛt,sɪɡɐlɛt
1513,cinema,6,6,cinemu,6,,sɪnəmə,sɪnɪmuː
1514,cinnamon,8,7,cinnolin,7,,sɪnəmən,sɪnəlɪn
1515,circle,6,6,cimtle,6,,sɜːkəl,sɪmtəl
1516,circuit,7,6,cimcate,6,,sɜːkɪt,sɪmkeɪt
1517,circular,8,9,cirdurar,9,,sɜːkjʊlɚ,sɜːdʒuːɹɑːɹ
1518,circularity,11,12,circulorapy,12,,sɜːkjʊlæɹᵻɾi,sɜːkjʊlɔːɹəpi
1519,circulate,9,9,cirdulale,9,,sɜːkjʊleɪt,sɜːdʒuːleɪl
1520,circulation,11,11,cirticative,10,,sɜːkjʊleɪʃən,sɜːɾɪkətɪv
1521,circulatory,11,12,circulotaby,12,,sɜːkjʊlətɔːɹi,sɜːkjʊlɑːɾəbi
1522,circumcise,10,9,circomcase,9,,sɜːkəmsaɪz,sɜːkəmkeɪs
1523,circumcision,12,11,circanmisive,11,,sɜːkəmsɪʒən,sɜːkɐnmaɪsɪv
1524,circumference,13,12,circarforance,10,,sɜːkʌmfɹəns,sɜːkɑːɹfɔːɹəns
1525,circumstance,12,11,circomstarce,11,,sɜːkəmstæns,sɜːkəmstɑːɹs
1526,circumstantial,14,13,circapsternial,14,,sɜːkəmstænʃəl,sɜːkæpstɚnɪəl
1527,circus,6,6,cimcur,6,,sɜːkəs,sɪmkɜː
1528,citation,8,7,citotive,7,,saɪteɪʃən,sɪɾətɪv
1529,citizen,7,7,citozin,7,,sɪɾɪzən,sɪɾəzɪn
1530,citrus,6,6,cipris,6,,sɪtɹəs,sɪpɹɪs
1531,city,4,4,coty,4,,sɪɾi,koʊɾi
1532,civic,5,5,covid,5,,sɪvɪk,kɑːvɪd
1533,civil,5,5,covin,5,,sɪvəl,kɑːvɪn
1534,civilian,8,8,civolion,8,,sɪvɪliən,sɪvoʊliən
1535,civilization,12,11,civilagative,11,,sɪvɪlᵻzeɪʃən,sɪvɪlæɡətɪv
1536,civilize,8,7,civilaze,7,,sɪvəlaɪz,sɪvɪleɪz
1537,claim,5,4,clavs,5,,kleɪm,klævz
1538,clam,4,4,clar,4,,klæm,klɑːɹ
1539,clammy,6,5,claggy,5,,klæmi,klæɡi
1540,clamor,6,6,climon,6,,klæmɚ,klaɪmən
1541,clamp,5,5,clabe,4,,klæmp,kleɪb
1542,clan,4,4,cran,4,,klæn,kɹæn
1543,clank,5,5,cloonk,5,,klæŋk,kluːŋk
1544,clap,4,4,cloip,4,,klæp,klɔɪp
1545,clarification,13,12,clarifobative,12,,klæɹɪfɪkeɪʃən,klæɹɪfɑːbətɪv
1546,clarify,7,7,claropy,7,,klæɹᵻfaɪ,klæɹəpi
1547,clarinet,8,8,claronit,8,,klæɹənɛt,klæɹənɪt
1548,clarity,7,7,clarony,7,,klæɹᵻɾi,klæɹəni
1549,clash,5,4,closh,4,,klæʃ,klɑːʃ
1550,class,5,4,calse,4,,klæs,kæls
1551,classic,7,6,claddic,6,,klæsɪk,klædɪk
1552,classical,9,8,classotal,8,,klæsɪkəl,klæsɑːɾəl
1553,classification,14,12,classiforative,12,,klæsɪfɪkeɪʃən,klæsɪfɹətɪv
1554,classified,10,8,classolied,8,,klæsᵻfaɪd,klæsɑːlid
1555,classmate,9,7,crassmite,7,,klæsmeɪt,kɹæsmaɪt
1556,clatter,7,6,cladder,6,,klæɾɚ,klædɚ
1557,clause,6,4,clooves,5,,klɔːz,kluːvz
1558,claustrophobia,14,12,claustarprobio,13,,klɔːstɹəfoʊbiə,klɔːstɑːɹpɹoʊbɪoʊ
1559,claw,4,3,clag,4,,klɔː,klæɡ
1560,clay,4,3,clab,4,,kleɪ,klæb
1561,clean,5,4,cloon,4,,kliːn,kluːn
1562,cleanly,7,6,clearmy,6,,kliːnli,klɪɹmi
1563,cleanse,7,5,cleague,4,,klɛnz,kliːɡ
1564,clear,5,4,cleam,5,,klɪɹ,kliːm
1565,clearance,9,7,cleanants,8,,klɪɹəns,kliːnənts
1566,clearing,8,6,cleanive,6,,klɪɹɪŋ,kliːnaɪv
1567,cleavage,8,6,clearase,6,,kliːvɪdʒ,klɪɹeɪz
1568,clench,6,5,clunch,5,,klɛntʃ,klʌntʃ
1569,clergy,6,6,clargo,6,,klɜːdʒi,klɑːɹɡoʊ
1570,cleric,6,6,clarid,6,,klɛɹɪk,klæɹɪd
1571,clerical,8,8,clerotal,8,,klɛɹɪkəl,klɛɹoʊɾəl
1572,clerk,5,5,clern,5,,klɜːk,klɜːn
1573,clever,6,6,cliven,6,,klɛvɚ,klɪvən
1574,cliche,6,5,cluchi,5,,kliːʃeɪ,klʌtʃaɪ
1575,click,5,4,clids,5,,klɪk,klɪdz
1576,client,6,6,cloert,6,,klaɪənt,kloʊɚt
1577,cliff,5,4,clice,4,,klɪf,klaɪs
1578,climactic,9,9,climictin,9,,klaɪmæktɪk,klaɪmɪktɪn
1579,climate,7,6,clumake,6,,klaɪmət,kluːmeɪk
1580,climatic,8,8,climitin,8,,klaɪmæɾɪk,klaɪmɪtɪn
1581,climax,6,7,clumat,6,,klaɪmæks,kluːmæt
1582,climb,5,4,clibe,4,,klaɪm,klaɪb
1583,clinch,6,5,clonch,5,,klɪntʃ,klɑːntʃ
1584,cling,5,4,clong,4,,klɪŋ,klɔŋ
1585,clinic,6,6,clunid,6,,klɪnɪk,kljuːnɪd
1586,clinical,8,8,clinotal,8,,klɪnɪkəl,klɪnɑːɾəl
1587,clinker,7,7,clanken,7,,klɪŋkɚ,klæŋkən
1588,clip,4,4,clid,4,,klɪp,klɪd
1589,clipboard,9,8,clapboath,7,,klɪpbɔːɹd,klæpboʊθ
1590,clique,6,4,clinth,5,,kliːk,klɪnθ
1591,cloak,5,4,cloal,4,,kloʊk,kloʊl
1592,clock,5,4,clons,5,,klɑːk,klɑːnz
1593,clog,4,4,cloog,4,,klɑːɡ,kluːɡ
1594,close,5,4,clobe,4,,kloʊs,kloʊb
1595,closet,6,6,clisen,6,,klɑːzɪt,klaɪsən
1596,closure,7,6,clusurt,7,,kloʊʒɚ,kluːsɜːt
1597,clot,4,4,clut,4,,klɑːt,klʌt
1598,cloth,5,4,clont,5,,klɔθ,klɔnt
1599,clothe,6,4,clorge,5,,kloʊð,klɔːɹdʒ
1600,clothes,7,5,cleeds,5,,kloʊðz,kliːdz
1601,clothing,8,6,clithind,7,,kloʊðɪŋ,klɪθaɪnd
1602,cloud,5,4,cloid,4,,klaʊd,klɔɪd
1603,clove,5,4,crove,4,,kloʊv,kɹoʊv
1604,clover,6,6,cleger,6,,kloʊvɚ,klɛdʒɚ
1605,clown,5,4,clorn,5,,klaʊn,klɔːɹn
1606,club,4,4,cleb,4,,klʌb,klɛb
1607,clump,5,5,climp,5,,klʌmp,klaɪmp
1608,clumsy,6,6,climso,6,,klʌmzi,klaɪmsoʊ
1609,cluster,7,7,clasted,7,,klʌstɚ,klæstᵻd
1610,clutch,6,4,clunts,6,,klʌtʃ,klʌnts
1611,clutter,7,6,cluffer,6,,klʌɾɚ,klʌfɚ
1612,coach,5,3,coath,3,,koʊtʃ,koʊθ
1613,coal,4,3,coash,3,,koʊl,koʊʃ
1614,coalfield,9,7,coolbield,7,,koʊlfiːld,kuːlbiːld
1615,coarse,6,4,coafed,4,,kɔːɹs,koʊft
1616,coast,5,4,coost,4,,koʊst,kuːst
1617,coastline,9,7,coathlive,6,,koʊstlaɪn,koʊθlɪv
1618,coat,4,3,coldge,4,,koʊt,koʊlddʒ
1619,coauthor,8,6,coawplor,8,,koʊɔːθɚ,koʊwplɔːɹ
1620,coax,4,4,cowb,3,,koʊks,kaʊb
1621,cobbler,7,6,coppler,6,,kɑːblɚ,kɑːplɚ
1622,cobblestone,11,9,cobblustane,9,,kɑːbəlstoʊn,kɑːbləsteɪn
1623,cobra,5,5,cibro,5,,koʊbɹə,sɪbɹoʊ
1624,cobweb,6,6,cogwet,6,,kɑːbwɛb,kɑːɡwɪt
1625,cocaine,7,5,cumaine,5,,koʊkeɪn,kjuːmeɪn
1626,cock,4,3,cack,3,,kɑːk,kæk
1627,cockeye,7,4,cuckene,5,,kɑːkaɪ,kʌkiːn
1628,cockroach,9,6,coreweech,6,,kɑːkɹoʊtʃ,kɔːɹwiːtʃ
1629,cocky,5,4,cucky,4,,kɑːki,kʌki
1630,cocoa,5,4,cucia,5,,koʊkoʊ,kjuːʃə
1631,coconut,7,7,cocufit,7,,koʊkənʌt,kɑːkjuːfɪt
1632,cocoon,6,5,culeen,5,,kəkuːn,kjʊliːn
1633,cod,3,3,coong,3,,kɑːd,kuːŋ
1634,code,4,3,coang,3,,koʊd,koʊŋ
1635,codfish,7,6,cogrish,6,,kɑːdfɪʃ,kɑːɡɹɪʃ
1636,coeducation,11,10,coedunative,11,,koʊɛdʒuːkeɪʃən,koʊɛdʒuːnətɪv
1637,coefficient,11,9,coirdinient,11,,koʊɪfɪʃənt,kwɑːɹdɪniənt
1638,coexist,7,8,coelins,7,,koʊɛɡzɪst,siːlɪnz
1639,coffee,6,4,cottee,4,,kɔfi,kɑːɾiː
1640,coffin,6,5,corrin,5,,kɔfɪn,kɔɹɪn
1641,coherent,8,8,cohorert,8,,koʊhɪɹənt,koʊhɔːɹət
1642,cohesive,8,7,cohosave,7,,koʊhiːsɪv,koʊhəseɪv
1643,coil,4,3,coze,3,,kɔɪl,koʊz
1644,coin,4,3,coon,3,,kɔɪn,kuːn
1645,coincide,8,7,coincade,7,,koʊɪnsaɪd,kɔɪŋkeɪd
1646,coincidence,11,10,coitcasized,10,,koʊɪnsɪdəns,kɔɪtkɐsaɪzd
1647,coincident,10,10,coimbitent,10,,koʊɪnsɪdənt,kɔɪmbɪtənt
1648,coke,4,3,cont,4,,koʊk,kɔnt
1649,cola,4,4,culo,4,,koʊlə,kjʊloʊ
1650,cold,4,4,colf,4,,koʊld,kɑːlf
1651,coleslaw,8,6,coreslew,6,,koʊlslɔː,kɔːɹɪsluː
1652,collaborate,11,9,collaromate,9,,kəlæbɚɹeɪt,kɑːlɚɹoʊmeɪt
1653,collage,7,5,corrage,6,,kɑːlɑːʒ,kɔɹɪdʒ
1654,collapse,8,6,calloste,6,,kəlæps,kælɑːst
1655,collar,6,5,coggar,5,,kɑːlɚ,kɑːɡɚ
1656,colleague,9,5,coffeague,5,,kɑːliːɡ,kɔfiːɡ
1657,collect,7,6,callind,6,,kəlɛkt,kɔːlɪnd
1658,collected,9,8,collerten,8,,kəlɛktᵻd,kɑːlɚʔn̩
1659,collective,10,8,collertave,8,,kəlɛktɪv,kɑːlɚteɪv
1660,college,7,5,coddege,5,,kɑːlɪdʒ,kɑːdɛdʒ
1661,collegiate,10,8,collogiase,8,,kəliːdʒiət,kɑːloʊdʒɪeɪs
1662,collide,7,5,coddide,5,,kəlaɪd,kɑːdaɪd
1663,collie,6,4,coddie,4,,kɑːli,kɑːdi
1664,cologne,7,5,culodge,5,,kəloʊn,kjʊlɑːdʒ
1665,colon,5,5,culin,5,,koʊlən,kjʊlɪn
1666,colonel,7,5,corowel,6,,kɜːnəl,kɔːɹoʊəl
1667,colonial,8,8,colunoal,8,,kəloʊnɪəl,kɑːlənoʊl
1668,colonist,8,8,colonast,8,,kɑːlənɪst,kɑːlənæst
1669,colonization,12,11,colomigative,11,,kɑːlənᵻzeɪʃən,kɑːləmɪɡətɪv
1670,colony,6,6,colufy,6,,kɑːləni,kɑːləfaɪ
1671,color,5,5,culen,6,,kʌlɚ,kjʊlən
1672,coloration,10,9,colonative,9,,kʌlɚɹeɪʃən,kɑːlənətɪv
1673,colored,7,6,culened,6,,kʌlɚd,kjʊlənd
1674,colossal,8,7,colissan,7,,kəlɔsəl,kɑːlɪsən
1675,colossus,8,7,colissis,7,,kəlɔsəs,kəlɪsɪs
1676,column,6,5,culoom,5,,kɑːlʌm,kjʊluːm
1677,columnist,9,9,colimnast,9,,kɑːləmnɪst,kɑːlɪmnæst
1678,coma,4,4,cumo,5,,koʊmə,kuːmoʊ
1679,comb,4,3,zomb,3,,koʊm,zɑːm
1680,combat,6,6,codbit,6,,kɑːmbæt,kɑːdbɪt
1681,combative,9,8,combitave,8,,kəmbæɾɪv,kəmbɪɾeɪv
1682,combination,11,10,componitive,10,,kɑːmbᵻneɪʃən,kəmpɑːnᵻtɪv
1683,combine,7,6,codbock,6,,kəmbaɪn,kɑːdbɑːk
1684,combo,5,5,codba,5,,kɑːmboʊ,kɑːdbə
1685,combust,7,7,codbist,7,,kəmbʌst,kɑːdbɪst
1686,combustible,11,11,combistably,11,,kəmbʌstᵻbəl,kəmbɪstəbli
1687,come,4,3,coip,3,,kʌm,kɔɪp
1688,comeback,8,6,cothtack,6,,kʌmbæk,kɑːθtæk
1689,comedian,8,8,comorien,8,,kəmiːdiən,kəmɔːɹiən
1690,comedy,6,6,comepy,6,,kɑːmədi,kəmɛpi
1691,comet,5,5,cobet,5,,kɑːmɪt,kɑːbɪt
1692,comfort,7,7,camfall,6,,kʌmfɚt,kæmfɔːl
1693,comfortable,11,10,comfictanle,11,,kʌmftəbəl,kʌmfɪktænəl
1694,comforter,9,9,comfarten,9,,kʌmfɚɾɚ,kʌmfɑːɹʔn̩
1695,comic,5,5,camid,5,,kɑːmɪk,kæmɪd
1696,coming,6,5,caming,5,,kʌmɪŋ,keɪmɪŋ
1697,comma,5,4,camma,4,,kɑːmə,kæmə
1698,command,7,6,cammesh,5,,kəmænd,kæmɛʃ
1699,commandant,10,9,commindart,9,,kɑːmɐndɑːnt,kəmaɪndɑːɹt
1700,commandeer,10,8,commindoor,8,,kɑːmɐndɪɹ,kəmaɪndɔːɹ
1701,commander,9,8,comminden,8,,kəmændɚ,kəmaɪndən
1702,commandment,11,10,commindmint,10,,kəmændmənt,kəmaɪndmɪnt
1703,commemorate,11,9,commatodate,9,,kəmɛmɚɹeɪt,kəmæɾədeɪt
1704,commence,8,6,cammince,6,,kəmɛns,kæmɪns
1705,commend,7,6,cammind,6,,kəmɛnd,kæmaɪnd
1706,commendation,12,10,commarditive,10,,kɑːməndeɪʃən,kəmɑːɹdᵻtɪv
1707,comment,7,6,coppent,6,,kɑːmɛnt,kɑːpənt
1708,commentary,10,9,commordary,9,,kɑːməntɛɹi,kəmɔːɹdɚɹi
1709,commerce,8,6,codderce,6,,kɑːmɜːs,kɑːdɚs
1710,commercial,10,8,commorcian,9,,kəmɜːʃəl,kəmɔːɹʃiən
1711,commission,10,7,commussoon,8,,kəmɪʃən,kɑːməsuːn
1712,commit,6,5,cammut,5,,kəmɪt,kæmʌt
1713,committee,9,6,commuttoo,6,,kəmɪɾi,kəmʌɾuː
1714,common,6,5,cammin,5,,kɑːmən,kæmɪn
1715,commonplace,11,9,comminplade,9,,kɑːmənpleɪs,kəmɪnpleɪd
1716,commotion,9,7,commatoon,7,,kəmoʊʃən,kɑːmɐtuːn
1717,communal,8,8,commoral,7,,kəmjuːnəl,kəmɔːɹəl
1718,commune,7,6,cammane,5,,kɑːmjuːn,kæmeɪn
1719,communicable,12,12,communacobly,12,,kəmjuːnɪkəbəl,kəmjuːnɐkɑːbli
1720,communicate,11,10,commorilate,9,,kəmjuːnᵻkeɪt,kəmɔːɹᵻleɪt
1721,communion,9,9,comminion,8,,kəmjuːniən,kəmɪniən
1722,communism,9,10,commatics,8,,kɑːmjuːnɪzəm,kəmæɾɪks
1723,communistic,11,11,comminatric,10,,kɑːmjuːnɪstɪk,kɑːmɪnætɹɪk
1724,community,9,9,commonady,8,,kəmjuːnᵻɾi,kɑːmənædi
1725,commute,7,6,cammate,5,,kəmjuːt,kæmeɪt
1726,compact,7,7,campart,7,,kəmpækt,kæmpɑːɹt
1727,companion,9,9,compinion,9,,kəmpæniən,kəmpɪniən
1728,company,7,7,compumy,8,,kʌmpəni,kəmpʌmi
1729,comparable,10,10,comsutably,10,,kɑːmpɚɹəbəl,kəmsuːɾəbli
1730,comparative,11,10,companation,11,,kəmpæɹətɪv,kɑːmpɐneɪʃən
1731,compare,7,6,campave,6,,kəmpɛɹ,kæmpeɪv
1732,compass,7,6,campess,6,,kʌmpəs,kæmpɛs
1733,compassion,10,8,compallion,9,,kəmpæʃən,kəmpæliən
1734,compatible,10,10,compinibly,10,,kəmpæɾᵻbəl,kəmpaɪnᵻbli
1735,compel,6,6,cimfel,6,,kəmpɛl,sɪmfəl
1736,compensate,10,9,compinsale,9,,kɑːmpənseɪt,kəmpɪnseɪl
1737,compensation,12,11,compardative,11,,kɑːmpənseɪʃən,kəmpɑːɹdətɪv
1738,compete,7,6,campeve,6,,kəmpiːt,kæmpɛv
1739,competence,10,9,compotarce,9,,kɑːmpɪtəns,kəmpɑːɾɑːɹs
1740,competition,11,10,comtaritive,10,,kɑːmpətɪʃən,kəmtɑːɹɹᵻtɪv
1741,competitive,11,10,compaditism,11,,kəmpɛɾᵻtɪv,kəmpædɪtɪzəm
1742,competitor,10,10,comparigor,10,,kəmpɛɾɪɾɚ,kəmpæɹɪɡɚ
1743,compile,7,6,campail,6,,kəmpaɪl,kæmpeɪl
1744,complain,8,7,camplait,7,,kəmpleɪn,kæmpleɪt
1745,complement,10,10,complomint,10,,kɑːmplɪmənt,kəmplɑːmɪnt
1746,complementary,13,13,compleminbary,13,,kɑːmplɪmɛntɚɹi,kɑːmplɪmɪnbɚɹi
1747,complete,8,7,campleve,7,,kəmpliːt,kæmplɛv
1748,complex,7,8,camplus,7,,kɑːmplɛks,kæmpləs
1749,complexion,10,10,compluxion,10,,kəmplɛkʃən,kəmplʌkʃən
1750,complexity,10,11,complarigy,10,,kəmplɛksᵻɾi,kəmplɑːɹɹɪdʒi
1751,compliance,10,9,comtriants,10,,kəmplaɪəns,kəmtɹɪənts
1752,complicate,10,9,complucale,9,,kɑːmplᵻkeɪt,kəmpluːkeɪl
1753,complication,12,11,compracitive,11,,kɑːmplɪkeɪʃən,kəmpɹæsᵻtɪv
1754,comply,6,6,campry,6,,kəmplaɪ,kæmpɹi
1755,component,9,9,compunint,10,,kəmpoʊnənt,kəmpjuːnɪnt
1756,compose,7,6,campore,6,,kəmpoʊz,kæmpɔːɹ
1757,composite,9,8,compisive,8,,kəmpɑːzɪt,kəmpaɪsɪv
1758,composition,11,10,compuditive,11,,kɑːmpəzɪʃən,kəmpjuːdᵻtɪv
1759,composure,9,8,compusare,8,,kəmpoʊʒɚ,kəmpjuːsɛɹ
1760,compound,8,7,campouse,6,,kɑːmpaʊnd,kæmpaʊs
1761,comprehend,10,10,comprohind,10,,kɑːmpɹihɛnd,kəmpɹoʊhaɪnd
1762,compress,8,7,camprest,8,,kəmpɹɛs,kæmpɹɛst
1763,compromise,10,9,compremase,9,,kɑːmpɹəmaɪz,kəmpɹɛmeɪs
1764,compulsion,10,9,compolsoon,9,,kəmpʌlʃən,kɑːmpəlsuːn
1765,computation,11,11,comralative,10,,kɑːmpjuːteɪʃən,kɑːmɹɐlətɪv
1766,compute,7,7,campate,6,,kəmpjuːt,kæmpeɪt
1767,computer,8,9,computon,9,,kəmpjuːɾɚ,kəmpjuːtən
1768,comrade,7,6,camride,6,,kɑːmɹæd,kæmɹaɪd
1769,con,3,3,zon,3,,kɑːn,zɑːn
1770,concave,7,6,comcane,6,,kɑːŋkeɪv,kɑːmkeɪn
1771,concavity,9,9,concapidy,9,,kəŋkævᵻɾi,kəŋkæpɪdi
1772,conceal,7,6,comcear,6,,kənsiːl,kɑːmsɪɹ
1773,concede,7,6,comcode,6,,kənsiːd,kɑːmkoʊd
1774,conceit,7,6,comsoot,6,,kənsiːt,kəmsʊt
1775,conceive,8,6,comceart,7,,kənsiːv,kɑːmsɪɹt
1776,concentrate,11,10,conceltrace,10,,kɑːnsəntɹeɪt,kəŋkɛltɹeɪs
1777,concentration,13,12,concerprative,12,,kɑːnsəntɹeɪʃən,kənsɜːpɹətɪv
1778,concept,7,7,comcipt,7,,kɑːnsɛpt,kɑːmsɪpt
1779,conception,10,9,conceltive,9,,kənsɛpʃən,kəŋkɛltɪv
1780,concern,7,7,comcorn,7,,kənsɜːn,kɑːmkɔːɹn
1781,concert,7,7,comcert,7,,kɑːnsɚt,kɑːmsɚt
1782,concession,10,8,concellion,9,,kənsɛʃən,kənsɛliən
1783,conclude,8,7,comcrude,7,,kəŋkluːd,kɑːmkɹuːd
1784,conclusion,10,9,conclasive,9,,kəŋkluːʒən,kəŋkleɪsɪv
1785,concrete,8,7,comprate,7,,kɑːŋkɹiːt,kəmpɹeɪt
1786,concur,6,6,compur,6,,kəŋkɜː,kəmpɜː
1787,concussion,10,8,concullion,9,,kəŋkʌʃən,kəŋkʌliən
1788,condemn,7,6,comdame,6,,kəndɛm,kəmdeɪm
1789,condemnation,12,11,condersative,10,,kɑːndɛmneɪʃən,kəndɛəsətɪv
1790,condensation,12,11,condarsetive,11,,kɑːndɛnseɪʃən,kəndɑːɹsɪtɪv
1791,condense,8,7,comdance,7,,kəndɛns,kəmdæns
1792,condiment,9,9,condomint,9,,kɑːndɪmənt,kɑːndəmɪnt
1793,condition,9,8,condotive,8,,kəndɪʃən,kɑːndətɪv
1794,condolence,10,9,condulerce,10,,kəndoʊləns,kənduːlɚs
1795,condominium,11,11,condimatiam,11,,kɑːndəmɪniəm,kɑːndɪmeɪʃæm
1796,conduct,7,7,comdeck,6,,kɑːndʌkt,kəmdɛk
1797,conductivity,12,12,conductority,12,,kɑːndəktɪvᵻɾi,kɑːndəktɔːɹᵻɾi
1798,conductor,9,9,condictor,9,,kəndʌktɚ,kəndɪktɚ
1799,cone,4,3,cowp,3,,koʊn,kaʊp
1800,confederate,11,10,confilerant,11,,kənfɛdɚɹət,kənfaɪlɚɹənt
1801,confer,6,6,comler,6,,kənfɜː,kəmlɜː
1802,conference,10,9,conforarce,9,,kɑːnfɹəns,kənfɔːɹɑːɹs
1803,confess,7,6,comfuss,6,,kənfɛs,kʌmfʌs
1804,confessor,9,8,confeddor,8,,kənfɛsɚ,kənfɛdɔːɹ
1805,confetti,8,7,confemmi,7,,kənfɛɾi,kənfɛmi
1806,confidant,9,9,confodint,9,,kɑːnfɪdɑːnt,kənfɑːdɪnt
1807,confide,7,6,comfade,6,,kənfaɪd,kʌmfeɪd
1808,confidence,10,9,confodance,9,,kɑːnfɪdəns,kənfɑːdəns
1809,confident,9,9,confodunt,9,,kɑːnfɪdənt,kənfɑːdʌnt
1810,confidential,12,11,conrigenteur,11,,kɑːnfɪdɛnʃəl,kənɹaɪdʒəntʊɹ
1811,configuration,13,13,configonative,12,,kənfɪɡjɚɹeɪʃən,kənfɪɡənətɪv
1812,confine,7,6,comfipe,6,,kənfaɪn,kʌmfaɪp
1813,confirm,7,7,comfarm,7,,kənfɜːm,kʌmfɑːɹm
1814,confirmation,12,11,confacmitive,11,,kɑːnfɚmeɪʃən,kənfækmᵻtɪv
1815,confiscate,10,9,confuscale,10,,kɑːnfɪskeɪt,kənfʌskeɪl
1816,confiscation,12,11,confirgalive,10,,kɑːnfɪskeɪʃən,kənfɜːɡəlɪv
1817,conflict,8,8,comflave,7,,kɑːnflɪkt,kʌmfleɪv
1818,conform,7,7,comfail,6,,kənfɔːɹm,kʌmfeɪl
1819,conformity,10,10,confortidy,10,,kənfɔːɹmᵻɾi,kənfɔːɹɾɪdi
1820,confront,8,8,comflint,8,,kənfɹʌnt,kʌmflɪnt
1821,confuse,7,7,comfase,6,,kənfjuːz,kʌmfeɪs
1822,confusion,9,9,confisive,8,,kənfjuːʒən,kɑːnfaɪsɪv
1823,congenital,10,9,congeridal,10,,kəndʒɛnɪɾəl,kəndʒɛɹɪdəl
1824,congest,7,7,comgist,7,,kəndʒɛst,kəmdʒɪst
1825,conglomerate,12,11,conglameraze,11,,kəŋɡlɑːmɚɹeɪt,kəŋɡlæmɚɹeɪz
1826,congratulate,12,11,conflecunate,12,,kəŋɡɹætʃʊleɪt,kənflɛkəneɪt
1827,congregate,10,9,congrogale,9,,kɑːŋɡɹɪɡeɪt,kəŋɡɹɑːɡeɪl
1828,congregation,12,11,contlerative,11,,kɑːŋɡɹɪɡeɪʃən,kɑːntəlɹæɾɪv
1829,congress,8,7,comgrass,7,,kɑːŋɡɹəs,kəmɡɹæs
1830,congressional,13,11,congradstipal,13,,kəŋɡɹɛʃənəl,kəŋɡɹædstɪpəl
1831,congressman,11,10,congrassmin,10,,kɑːŋɡɹəsmən,kəŋɡɹæsmɪn
1832,congruence,10,9,congroenes,9,,kɑːŋɡɹuːəns,kəŋɡɹoʊnz
1833,conjecture,10,9,conjictude,10,,kəndʒɛktʃɚ,kəndʒɪktuːd
1834,conjugate,9,8,conjogale,8,,kɑːndʒuːɡeɪt,kəndʒɑːɡeɪl
1835,conjugation,11,10,conjutative,10,,kɑːndʒuːɡeɪʃən,kəndʒuːɾətɪv
1836,conjunction,11,10,conjomptive,10,,kəndʒʌŋkʃən,kəndʒɑːmptɪv
1837,connect,7,6,cossect,6,,kənɛkt,kɑːsɛkt
1838,connotation,11,9,connatutive,10,,kɑːnəteɪʃən,kənæɾuːtɪv
1839,connotative,11,9,connitutist,11,,kɑːnətæɾɪv,kənɪɾuːtɪst
1840,conquer,7,6,comgrer,7,,kɑːŋkɚ,kɑːmɡɹə
1841,conquest,8,8,comquist,8,,kɑːŋkwɛst,kəmkwɪst
1842,conscience,10,7,comshieves,7,,kɑːnʃəns,kəmʃiːvz
1843,conscious,9,6,comstrous,8,,kɑːnʃəs,kəmstɹuːz
1844,consecutive,11,11,consitutics,12,,kənsɛkjuːtɪv,kɑːnsɪtuːɾɪks
1845,consensus,9,9,consinpus,9,,kənsɛnsəs,kənsɪnpəs
1846,consent,7,7,comsate,6,,kənsɛnt,kəmseɪt
1847,consequence,11,10,consoquerce,10,,kɑːnsɪkwəns,kənsɑːkwɚs
1848,consequently,12,12,consoquintry,12,,kɑːnsɪkwəntli,kənsɑːkwɪntɹi
1849,conservation,12,11,consetnative,11,,kɑːnsɚveɪʃən,kənsɛtnətɪv
1850,conservatory,12,12,conservotomy,12,,kənsɜːvətɔːɹi,kɑːnsɚvɑːɾəmi
1851,conserve,8,7,comselve,7,,kənsɜːv,kəmsɛlv
1852,consider,8,8,consaden,8,,kənsɪdɚ,kənsædən
1853,consist,7,7,comsust,7,,kənsɪst,kəmsʌst
1854,consolation,11,10,considative,10,,kɑːnsəleɪʃən,kənsɪdətɪv
1855,console,7,6,comsale,6,,kɑːnsoʊl,kəmseɪl
1856,consolidate,11,10,concalidess,10,,kənsɑːlᵻdeɪt,kəŋkælaɪdɛs
1857,conspicuous,11,11,conspocious,10,,kənspɪkjuːəs,kənspoʊʃəs
1858,conspiracy,10,10,consparaty,10,,kənspɪɹəsi,kənspæɹəɾi
1859,conspire,8,8,comspite,7,,kənspaɪɚ,kəmspaɪt
1860,constable,9,9,constuple,9,,kɑːnstəbəl,kənstuːpəl
1861,constancy,9,9,constinpy,9,,kɑːnstənsi,kənstɪnpi
1862,constellation,13,11,constarlitive,12,,kɑːnstɪleɪʃən,kənstɑːɹlᵻtɪv
1863,constipate,10,9,constopale,9,,kɑːnstᵻpeɪt,kənstɑːpeɪl
1864,constipation,12,11,constudative,12,,kɑːnstɪpeɪʃən,kənstuːdətɪv
1865,constituency,12,12,constanuendy,13,,kənstɪtʃuːənsi,kɑːnstɐnjuːɛndi
1866,constitute,10,10,constotate,9,,kɑːnstɪtuːt,kənstoʊɾeɪt
1867,constitution,12,12,consistative,11,,kɑːnstɪtuːʃən,kənsɪstətɪv
1868,constrain,9,8,comsprain,8,,kənstɹeɪn,kəmspɹeɪn
1869,constrict,9,9,comstrave,8,,kənstɹɪkt,kəmstɹeɪv
1870,construct,9,9,comstrock,8,,kɑːnstɹʌkt,kəmstɹɑːk
1871,construction,12,11,constroctave,11,,kənstɹʌkʃən,kənstɹɑːkteɪv
1872,consult,7,7,comfult,7,,kənsʌlt,kʌmfʌlt
1873,consultation,12,11,consorcative,11,,kɑːnsəlteɪʃən,kənsɔːɹkətɪv
1874,consume,7,6,comsame,6,,kənsuːm,kəmseɪm
1875,consummation,12,10,consarmitive,11,,kɑːnsəmeɪʃən,kənsɑːɹmᵻtɪv
1876,consumption,11,10,consimptive,10,,kənsʌmpʃən,kənsɪmptɪv
1877,contact,7,7,comtart,7,,kɑːntækt,kəmtɑːɹt
1878,contain,7,6,comdain,6,,kənteɪn,kəmdeɪn
1879,contaminate,11,10,contatigate,10,,kəntæmᵻneɪt,kəntæɾᵻɡeɪt
1880,contemplate,11,10,contimplace,10,,kɑːntəmpleɪt,kəntɪmpleɪs
1881,contemplation,13,12,contendrative,12,,kɑːntəmpleɪʃən,kəntɛndɹətɪv
1882,contemporary,12,12,contempuramy,12,,kəntɛmpɚɹɛɹi,kəntɛmpjʊɹɹæmi
1883,contempt,8,8,comteres,7,,kəntɛmpt,kəmtɜːz
1884,contemptuous,12,11,contimptious,12,,kəntɛmptʃuːəs,kəntɪmpʃəs
1885,contend,7,7,comterd,7,,kəntɛnd,kəmtɜːd
1886,content,7,7,comtant,7,,kɑːntɛnt,kəmtænt
1887,contented,9,9,conpinted,9,,kəntɛntᵻd,kənpɪntᵻd
1888,contest,7,7,comtist,7,,kɑːntɛst,kəmtɪst
1889,context,7,8,comteon,7,,kɑːntɛkst,kɑːmtɪən
1890,continent,9,9,contonint,9,,kɑːntɪnənt,kəntɑːnɪnt
1891,continental,11,11,contonindal,11,,kɑːntɪnɛntəl,kəntɑːnɪndəl
1892,contingency,11,11,contargelry,10,,kəntɪndʒənsi,kəntɑːɹdʒəlɹi
1893,continual,9,10,contonuan,10,,kəntɪnjuːəl,kəntɑːnuːən
1894,continuation,12,12,continoatoon,11,,kəntɪnjuːeɪʃən,kəntɪnoʊtuːn
1895,continue,8,8,contonue,8,,kəntɪnjuː,kəntɑːnuː
1896,continuity,10,11,contanuify,11,,kɑːntɪnjuːᵻɾi,kɑːntɐnuːᵻfaɪ
1897,continuous,10,10,contopuous,10,,kəntɪnjuːəs,kəntɑːpjuːəs
1898,contour,7,6,comgoor,6,,kɑːntʊɹ,kəmɡɔːɹ
1899,contraband,10,10,controbind,10,,kɑːntɹəbænd,kɑːntɹəbaɪnd
1900,contraception,13,12,conturcintive,12,,kɑːntɹəsɛpʃən,kɑːntɚsɪntɪv
1901,contract,8,8,comtrape,7,,kɑːntɹækt,kəmtɹeɪp
1902,contraction,11,10,contrictoon,10,,kəntɹækʃən,kɑːntɹɪktuːn
1903,contractor,10,10,contrapton,10,,kəntɹæktɚ,kɑːntɹətɑːn
1904,contradict,10,10,controdirt,10,,kɑːntɹədɪkt,kɑːntɹədɜːt
1905,contrary,8,8,contrody,8,,kɑːntɹɛɹi,kɑːntɹədi
1906,contrast,8,8,cantroost,8,,kɑːntɹæst,kæntɹuːst
1907,contribute,10,10,controbate,9,,kəntɹɪbjuːt,kɑːntɹəbeɪt
1908,contribution,12,12,contronutive,12,,kɑːntɹɪbjuːʃən,kɑːntɹənuːɾɪv
1909,contributor,11,12,conterbitar,10,,kəntɹɪbjuːɾɚ,kəntɜːbɪɾɚ
1910,control,7,7,comtrel,7,,kəntɹoʊl,kəmtɹɛl
1911,controversial,13,12,contervinlial,12,,kɑːntɹəvɜːʃəl,kɑːntɚvɪnlɪəl
1912,controversy,11,11,contarvisty,11,,kɑːntɹəvɜːsi,kəntɑːɹvɪsti
1913,convenience,11,10,convanierce,9,,kənviːnɪəns,kənvænɪɹs
1914,convent,7,7,comdent,7,,kɑːnvənt,kəmdɛnt
1915,convention,10,9,convintive,9,,kənvɛnʃən,kənvɪntɪv
1916,converge,8,7,comterge,7,,kənvɜːdʒ,kəmtɜːdʒ
1917,conversation,12,11,conferbamive,11,,kɑːnvɚseɪʃən,kənfɜːbɐmɪv
1918,converse,8,7,comterse,7,,kɑːnvɜːs,kəmtɜːs
1919,conversion,10,9,convorsoon,9,,kənvɜːʒən,kɑːnvɔːɹsuːn
1920,convert,7,7,comvart,7,,kənvɜːt,kəmvɑːɹt
1921,convertible,11,11,conmechibly,10,,kənvɜːɾᵻbəl,kɑːnmɪtʃᵻbli
1922,convex,6,7,comdix,7,,kɑːnvɛks,kəmdɪks
1923,convey,6,5,comlay,5,,kənveɪ,kəmleɪ
1924,convict,7,7,comvact,7,,kɑːnvɪkt,kəmvækt
1925,conviction,10,9,convintoon,9,,kənvɪkʃən,kɑːnvɪntuːn
1926,convince,8,7,comtance,7,,kənvɪns,kəmtæns
1927,convoy,6,5,comvom,6,,kɑːnvɔɪ,kəmvɑːm
1928,convulsion,10,9,convolsoon,9,,kənvʌlʃən,kɑːnvəlsuːn
1929,cook,4,3,coik,3,,kʊk,kɔɪk
1930,cookery,7,6,cookony,6,,kʊkɚɹi,kʊkəni
1931,cool,4,3,coog,3,,kuːl,kuːɡ
1932,coop,4,3,coom,3,,kuːp,kuːm
1933,cooperate,9,8,cootemate,8,,koʊɑːpɚɹeɪt,kuːɾɪmeɪt
1934,cooperative,11,10,cooneratist,11,,koʊɑːpɚɹətɪv,kuːnɚɹətɪst
1935,coordinate,10,9,coordanize,9,,koʊɔːɹdᵻnət,koʊɔːɹdənaɪz
1936,cop,3,3,dop,3,,kɑːp,dɑːp
1937,copartner,9,9,copaltmer,9,,kɑːpɑːɹtnɚ,koʊpæltmɚ
1938,cope,4,3,zope,3,,koʊp,zoʊp
1939,coping,6,5,coxing,6,,koʊpɪŋ,kɑːksɪŋ
1940,copper,6,5,cogger,5,,kɑːpɚ,kɑːɡɚ
1941,copy,4,4,coxy,5,,kɑːpi,kɑːksi
1942,coral,5,5,cogal,5,,kɔːɹəl,kɑːɡəl
1943,cordial,7,6,curdian,7,,kɔːɹdʒəl,kɜːdiən
1944,cordiality,10,10,cordiaminy,10,,kɔːɹdɪælᵻɾi,kɔːɹdɪæmɪni
1945,cordially,9,7,cordiammy,8,,kɔːɹdʒəli,kɔːɹdɪæmi
1946,core,4,3,coge,3,,kɔːɹ,kɑːdʒ
1947,cork,4,4,curk,4,,kɔːɹk,kɜːk
1948,corkscrew,9,8,cortstrew,8,,kɔːɹkskɹuː,kɔːɹtstɹuː
1949,corn,4,4,carn,4,,kɔːɹn,kɑːɹn
1950,cornea,6,6,cordeo,6,,kɔːɹniə,kɔːɹdɪoʊ
1951,corner,6,6,cowder,5,,kɔːɹnɚ,kaʊdɚ
1952,corny,5,5,coony,4,,kɔːɹni,kuːni
1953,coronary,8,8,coronily,8,,kɔːɹənɛɹi,kɔːɹənili
1954,coronation,10,9,coronitive,9,,kɔːɹəneɪʃən,kɔːɹɑːnᵻtɪv
1955,coroner,7,7,coramer,7,,kɔːɹənɚ,kɔːɹeɪmɚ
1956,corporal,8,8,corpumal,8,,kɔːɹpɹəl,kɔːɹpjuːməl
1957,corporate,9,8,corpurake,8,,kɔːɹpɚɹət,kɔːɹpjʊɹɹeɪk
1958,corporation,11,10,corpumative,11,,kɔːɹpɚɹeɪʃən,kɔːɹpjuːmətɪv
1959,corpse,6,5,zorpse,5,,kɔːɹps,zɔːɹps
1960,corpus,6,6,compis,6,,kɔːɹpəs,kɑːmpiz
1961,correct,7,6,cobbect,6,,kɚɹɛkt,kɑːbɛkt
1962,correlate,9,7,corromale,7,,kɔɹɪleɪt,kɚɹɑːmeɪl
1963,correlation,11,9,corralitive,9,,kɔɹɪleɪʃən,kɔɹælᵻtɪv
1964,correspond,10,9,corrospand,9,,kɔːɹɪspɑːnd,kɚɹɑːspænd
1965,correspondent,13,12,corraplastend,12,,kɔːɹɪspɑːndənt,kɔɹɐplæstɛnd
1966,corridor,8,7,corropor,7,,kɔɹɪdɔːɹ,kɚɹɑːpɚ
1967,corrode,7,5,cobbode,5,,kɚɹoʊd,kɑːboʊd
1968,corrupt,7,6,curript,6,,kɚɹʌpt,kɜːɹɪpt
1969,corset,6,6,conlet,6,,kɔːɹsɛt,kənlɛt
1970,cortex,6,7,curlex,7,,kɔːɹɾɛks,kɜːlɛks
1971,cosmetic,8,8,cosmitin,8,,kɑːzmɛɾɪk,kɑːzmɪtɪn
1972,cosmetologist,13,13,cosmetalonist,13,,kɑːzmɪtɑːlədʒɪst,kɑːzmɪtælənɪst
1973,cosmic,6,6,colmix,7,,kɑːzmɪk,kɑːlmɪks
1974,cosmological,12,12,cosmolagicar,12,,kɑːzməlɑːdʒɪkəl,kɑːzməlædʒɪkɑːɹ
1975,cosmos,6,6,colmis,6,,kɑːzmoʊs,kɑːlmiz
1976,cost,4,4,corge,4,,kɔst,kɔːɹdʒ
1977,costume,7,7,coltame,6,,kɔstuːm,koʊlteɪm
1978,costumer,8,9,costimen,8,,kɔstuːmɚ,kɔstaɪmɛn
1979,cot,3,3,cov,3,,kɑːt,kɑːv
1980,cottage,7,5,cobbage,5,,kɑːɾɪdʒ,kɑːbɪdʒ
1981,cotton,6,4,corron,5,,kɑːʔn̩,kɚɹɑːn
1982,cottonseed,10,7,cottinseek,8,,kɑːʔn̩siːd,kɑːtɪnsiːk
1983,couch,5,3,cooch,3,,kaʊtʃ,kuːtʃ
1984,cougar,6,5,colgan,6,,kuːɡɚ,kɑːlɡən
1985,cough,5,3,caif,3,,kɔf,keɪf
1986,council,7,6,coulcin,6,,kaʊnsəl,kaʊlsɪn
1987,count,5,4,coond,4,,kaʊnt,kuːnd
1988,counter,7,6,cousten,6,,kaʊntɚ,kaʊsʔn̩
1989,counteract,10,9,countelart,9,,kaʊntɚɹækt,kaʊntɪlɑːɹt
1990,counterattack,13,10,countelantare,11,,kaʊntɚɹɐtæk,kaʊntɪlæntɛɹ
1991,counterbalance,14,12,countarbroades,12,,kaʊntɚbæləns,kaʊntɑːɹbɹɔːdz
1992,counterclockwise,16,13,countilclustrise,14,,kaʊntɚklɑːkwaɪz,kaʊntɪlklʌstɹaɪz
1993,counterfeit,11,9,countemfeil,9,,kaʊntɚfeɪt,kaʊntɪmfeɪl
1994,counterrevolution,17,15,counterrovularion,15,,kaʊntɚɹɛvəluːʃən,kaʊntɚɹɑːvjʊlɑːɹɹiən
1995,countersignature,16,14,countersirtanure,13,,kaʊntɚsɪɡnɪtʃɚ,kaʊntɚsɜːtɐnjʊɹ
1996,countless,9,7,couthness,6,,kaʊntləs,kuːθnəs
1997,country,7,6,coustly,6,,kʌntɹi,kaʊstli
1998,county,6,5,cousry,5,,kaʊnti,kaʊsɹi
1999,couple,6,5,coatle,5,,kʌpəl,koʊɾəl
2000,couplet,7,6,coatlit,6,,kʌplɪt,koʊtlɪt
2001,coupling,8,7,coobling,6,,kʌplɪŋ,kuːblɪŋ
2002,coupon,6,6,caepin,5,,kuːpɑːn,kiːpɪn
2003,courage,7,5,coatade,5,,kɜːɹɪdʒ,koʊɾeɪd
2004,courageous,10,7,couromeous,8,,kɜːɹeɪdʒəs,kɜːɹoʊmiəs
2005,court,5,4,coufs,4,,kɔːɹt,kuːfs
2006,courteous,9,7,courveoes,7,,kɜːɾiəs,kɜːvɪoʊz
2007,courtesy,8,7,courtory,7,,kɜːɾəsi,kɔːɹɾɚɹi
2008,courthouse,10,7,counthound,8,,kɔːɹthaʊs,kaʊnθaʊnd
2009,courtship,9,6,cournstip,8,,kɔːɹtʃɪp,kɜːnstɪp
2010,cousin,6,5,coulin,5,,kʌzən,kuːlɪn
2011,cover,5,5,coher,5,,kʌvɚ,koʊhɚ
2012,coverall,8,7,covorail,7,,kʌvɚɹɔːl,kɑːvɔːɹeɪl
2013,cow,3,2,coiz,3,,kaʊ,kɔɪz
2014,coward,6,5,corand,6,,kaʊɚd,kɔːɹænd
2015,cowboy,6,4,conbuy,5,,kaʊbɔɪ,kənbaɪ
2016,cowhide,7,5,comhade,6,,kaʊhaɪd,kəmheɪd
2017,coyote,6,5,coyeta,5,,kaɪoʊɾi,kɔɪɛɾə
2018,cozy,4,4,cazo,4,,koʊzi,kɑːzoʊ
2019,crab,4,4,crub,4,,kɹæb,kɹʌb
2020,crabby,6,5,cratty,5,,kɹæbi,kɹæɾi
2021,crack,5,4,crans,5,,kɹæk,kɹænz
2022,cracker,7,6,cricken,6,,kɹækɚ,kɹɪkən
2023,crackle,7,6,cricklo,6,,kɹækəl,kɹɪkloʊ
2024,crackpot,8,7,crickpit,7,,kɹækpɑːt,kɹɪkpɪt
2025,cradle,6,5,cruple,6,,kɹeɪdəl,kɹuːpəl
2026,craft,5,5,claft,5,,kɹæft,klæft
2027,craftsman,9,9,cracksmen,8,,kɹæftsmən,kɹæksmɛn
2028,crafty,6,6,crofty,6,,kɹæfti,kɹɔfti
2029,cram,4,4,crom,4,,kɹæm,kɹɑːm
2030,cramp,5,5,croomp,5,,kɹæmp,kɹuːmp
2031,cranberry,9,8,cranbezzy,8,,kɹænbɛɹi,kɹænbɛzi
2032,crane,5,4,clale,4,,kɹeɪn,kleɪl
2033,cranium,7,7,crasiup,7,,kɹæniəm,kɹæsɪʌp
2034,crank,5,5,crare,4,,kɹæŋk,kɹɛɹ
2035,cranky,6,6,crangy,6,,kɹæŋki,kɹæŋi
2036,crash,5,4,crale,4,,kɹæʃ,kɹeɪl
2037,crate,5,4,clate,4,,kɹeɪt,kleɪt
2038,crater,6,6,crotar,6,,kɹeɪɾɚ,kɹoʊɾɚ
2039,crave,5,4,crant,5,,kɹeɪv,kɹænt
2040,craving,7,6,crivind,7,,kɹeɪvɪŋ,kɹɪvɪnd
2041,crawfish,8,6,cravnish,7,,kɹɔːfɪʃ,kɹævnɪʃ
2042,crawl,5,4,crage,4,,kɹɔːl,kɹeɪdʒ
2043,crayon,6,5,cragen,6,,kɹeɪɑːn,kɹeɪdʒən
2044,craze,5,4,crawn,4,,kɹeɪz,kɹɔːn
2045,crazy,5,5,cruzo,5,,kɹeɪzi,kɹuːzoʊ
2046,creak,5,4,creal,5,,kɹiːk,kɹiːəl
2047,cream,5,4,croom,4,,kɹiːm,kɹuːm
2048,creamery,8,7,creameny,7,,kɹiːmɚɹi,kɹiːmɛni
2049,crease,6,4,croust,5,,kɹiːs,kɹaʊst
2050,create,6,5,cleade,5,,kɹiːeɪt,kliːd
2051,creation,8,7,creotoon,7,,kɹiːeɪʃən,kɹɪətuːn
2052,creator,7,7,creomor,7,,kɹiːeɪɾɚ,kɹɪɑːmɚ
2053,creature,8,6,cleatare,7,,kɹiːtʃɚ,kliːɾɛɹ
2054,credential,10,9,credintive,9,,kɹᵻdɛnʃəl,kɹɛdɪntɪv
2055,credibility,11,11,credibalory,11,,kɹɛdɪbɪlᵻɾi,kɹɛdɪbælɚɹi
2056,credible,8,8,credople,8,,kɹɛdɪbəl,kɹɛdɑːpəl
2057,credit,6,6,crudin,6,,kɹɛdɪt,kɹuːdɪn
2058,creditor,8,8,credomor,8,,kɹɛdɪɾɚ,kɹɛdɑːmɚ
2059,creed,5,4,creer,4,,kɹiːd,kɹɪɹ
2060,creep,5,4,croop,4,,kɹiːp,kɹuːp
2061,creepy,6,5,croopy,5,,kɹiːpi,kɹuːpi
2062,cremation,9,8,cremotive,8,,kɹᵻmeɪʃən,kɹɛmoʊtɪv
2063,crematory,9,9,cremitagy,9,,kɹᵻmætɔːɹi,kɹɛmɪtædʒi
2064,crept,5,5,crelf,5,,kɹɛpt,kɹɛlf
2065,crescent,8,7,criscint,7,,kɹɛsənt,kɹɪsɪnt
2066,crest,5,5,crist,5,,kɹɛst,kɹɪst
2067,crevice,7,6,cravide,6,,kɹɛvɪs,kɹævaɪd
2068,crew,4,3,croig,4,,kɹuː,kɹɔɪɡ
2069,crib,4,4,clib,4,,kɹɪb,klɪb
2070,cricket,7,6,crucked,6,,kɹɪkɪt,kɹʌkt
2071,crier,5,5,cloer,5,,kɹaɪɚ,kloʊɚ
2072,crime,5,4,cripe,4,,kɹaɪm,kɹaɪp
2073,criminal,8,8,crimoral,8,,kɹɪmɪnəl,kɹɪmɚɹəl
2074,criminality,11,11,criminiloty,11,,kɹɪmɪnælᵻɾi,kɹɪmɪnɪlɑːɾi
2075,criminally,10,9,criminarty,10,,kɹɪmɪnəli,kɹɪmɪnɑːɹɾi
2076,criminology,11,11,criminalopy,11,,kɹɪmɪnɑːlədʒi,kɹɪmɪnæləpi
2077,crimson,7,7,crumsin,7,,kɹɪmsən,kɹʌmzɪn
2078,cringe,6,5,crithe,4,,kɹɪndʒ,kɹaɪð
2079,cripple,7,6,criddle,6,,kɹɪpəl,kɹɪdəl
2080,crisis,6,6,crusus,6,,kɹaɪsɪs,kɹuːsəs
2081,crisp,5,5,croosp,5,,kɹɪsp,kɹuːsp
2082,crisscross,10,8,crusscriss,8,,kɹɪskɹɔs,kɹʌskɹɪs
2083,critic,6,6,crutin,6,,kɹɪɾɪk,kɹuːtɪn
2084,critical,8,8,critopal,8,,kɹɪɾɪkəl,kɹɪɾɑːpəl
2085,criticism,9,10,critiraze,8,,kɹɪɾɪsɪzəm,kɹɪɾɚɹeɪz
2086,critter,7,6,criffer,6,,kɹɪɾɚ,kɹɪfɚ
2087,croak,5,4,croaf,4,,kɹoʊk,kɹoʊf
2088,crochet,7,5,cruchit,6,,kɹoʊʃeɪ,kɹʌtʃɪt
2089,crock,5,4,crods,5,,kɹɑːk,kɹɑːdz
2090,crocodile,9,8,crocudale,8,,kɹɑːkədaɪl,kɹoʊkjuːdeɪl
2091,crook,5,4,croob,4,,kɹʊk,kɹuːb
2092,crooked,7,6,crouked,5,,kɹʊkɪd,kɹaʊkt
2093,crop,4,4,crod,4,,kɹɑːp,kɹɑːd
2094,croquette,9,6,cruquipes,8,,kɹəkɛt,kɹuːkwaɪps
2095,cross,5,4,creers,5,,kɹɔs,kɹɪɹz
2096,crossbow,8,6,crissboy,6,,kɹɔsboʊ,kɹɪsbɔɪ
2097,crossroad,9,7,crissroud,7,,kɹɔsɹoʊd,kɹɪsɹaʊd
2098,crotch,6,4,crongs,5,,kɹɑːtʃ,kɹɔŋz
2099,crotchet,8,6,critchen,6,,kɹɑːtʃɪt,kɹɪtʃən
2100,crouch,6,4,clouch,4,,kɹaʊtʃ,klaʊtʃ
2101,crow,4,3,croy,3,,kɹoʊ,kɹɔɪ
2102,crowbar,7,6,crewbur,6,,kɹoʊbɑːɹ,kɹuːbɜː
2103,crowd,5,4,crorb,5,,kɹaʊd,kɹɔːɹb
2104,crowded,7,6,crauben,6,,kɹaʊdᵻd,kɹɔːbən
2105,crown,5,4,croil,4,,kɹaʊn,kɹɔɪl
2106,crucial,7,6,cramial,7,,kɹuːʃəl,kɹæmɪəl
2107,crucible,8,8,cruriple,8,,kɹuːsᵻbəl,kɹʊɹɹɪpəl
2108,crucifix,8,9,crurifux,9,,kɹuːsɪfɪks,kɹʊɹɹɪfʌks
2109,crucifixion,11,11,crumifilize,10,,kɹuːsɪfɪkʃən,kɹuːmɪfɪlaɪz
2110,crucify,7,7,cruripy,7,,kɹuːsᵻfaɪ,kɹʊɹɹɪpi
2111,crude,5,4,crupe,4,,kɹuːd,kɹuːp
2112,cruel,5,5,cluet,5,,kɹuːəl,kluːt
2113,cruise,6,4,croise,4,,kɹuːz,kɹɔɪs
2114,cruiser,7,6,craisen,6,,kɹuːzɚ,kɹeɪzən
2115,crumb,5,4,cruct,5,,kɹʌm,kɹʌkt
2116,crumble,7,7,crambly,7,,kɹʌmbəl,kɹæmbli
2117,crumple,7,7,cramply,7,,kɹʌmpəl,kɹæmpli
2118,crunch,6,5,crudge,4,,kɹʌntʃ,kɹʌdʒ
2119,crusade,7,6,cresave,6,,kɹuːseɪd,kɹɛseɪv
2120,crush,5,4,crish,4,,kɹʌʃ,kɹɪʃ
2121,crust,5,5,clust,5,,kɹʌst,klʌst
2122,cry,3,3,croodge,4,,kɹaɪ,kɹuːdʒ
2123,crystal,7,6,crustar,7,,kɹɪstəl,kɹʌstɑːɹ
2124,crystallization,15,13,crystallazotive,13,,kɹɪstɐlᵻzeɪʃən,kɹɪstɐlæzətɪv
2125,cub,3,3,cug,3,,kʌb,kʌɡ
2126,cube,4,4,culk,4,,kjuːb,kʌlk
2127,cubic,5,6,camic,5,,kjuːbɪk,kæmɪk
2128,cubicle,7,8,curiple,8,,kjuːbɪkəl,kjʊɹɹɪpəl
2129,cuckoo,6,4,caukoe,4,,kʊkuː,kɔːkoʊ
2130,cucumber,8,9,culumper,9,,kjuːkʌmbɚ,kjʊlʌmpɚ
2131,cuddle,6,4,cuzzle,5,,kʌdəl,kʌzəl
2132,cue,3,3,cuv,4,,kjuː,kʌv
2133,cuff,4,3,cux,4,,kʌf,kʌks
2134,cuisine,7,6,caibine,5,,kwᵻziːn,keɪbaɪn
2135,culprit,7,7,calprot,7,,kʌlpɹɪt,kælpɹɑːt
2136,cult,4,4,curn,4,,kʌlt,kɜːn
2137,cultivate,9,8,culpimate,8,,kʌltᵻveɪt,kʌlpᵻmeɪt
2138,cultivation,11,10,cultudative,10,,kʌltɪveɪʃən,kʌltuːdətɪv
2139,cultivator,10,10,cultavinor,10,,kʌltᵻveɪɾɚ,kʌltɐvɪnɚ
2140,culture,7,6,caltore,6,,kʌltʃɚ,kɔltɚ
2141,cumulative,10,11,cumalotize,10,,kjuːmjʊlətɪv,kjuːmɐlɑːɾaɪz
2142,cunning,7,5,cudding,5,,kʌnɪŋ,kʌdɪŋ
2143,cunt,4,4,coont,4,,kʌnt,kuːnt
2144,cup,3,3,caip,3,,kʌp,keɪp
2145,cupboard,8,6,cutbeard,7,,kʌbəd,kʌtbɪɹd
2146,cupcake,7,6,cubcase,6,,kʌpkeɪk,kʌbkeɪs
2147,Cupid,5,6,capin,5,,kjuːpɪd,kæpɪn
2148,curb,4,4,cuzz,3,,kɜːb,kʌz
2149,curd,4,4,curch,4,,kɜːd,kɜːtʃ
2150,cure,4,4,cung,3,,kjʊɹ,kʌŋ
2151,curfew,6,6,corfet,6,,kɜːfjuː,kɔːɹfɪt
2152,curiosity,9,10,curioriby,10,,kjʊɹɹɪɔsᵻɾi,kjʊɹɹɪɹɪbi
2153,curious,7,7,cudioes,7,,kjʊɹɹiəs,kjuːdɪoʊz
2154,curiously,9,9,cumiousry,9,,kjʊɹɹiəsli,kjuːmiəsɹi
2155,curl,4,4,zurl,4,,kɜːl,zɜːl
2156,currant,7,6,cullant,6,,kɜːɹənt,kʌlənt
2157,currency,8,7,curringy,7,,kɜːɹənsi,kɜːɹɪŋi
2158,curriculum,10,10,currilumum,9,,kɜːɹɪkjʊləm,kɜːɹɪluːməm
2159,curry,5,4,cuffy,4,,kɜːɹi,kʌfi
2160,curse,5,4,curge,4,,kɜːs,kɜːdʒ
2161,cursive,7,6,corsave,6,,kɜːsɪv,kɔːɹseɪv
2162,curtail,7,6,cortain,6,,kɜːteɪl,kɔːɹteɪn
2163,curtain,7,5,cortail,6,,kɜːtən,kɔːɹɾeɪl
2164,curtains,8,6,cortails,7,,kɜːtənz,kɔːɹɾeɪlz
2165,curtsy,6,6,cortso,6,,kɜːtsi,kɔːɹtsoʊ
2166,curvature,9,8,curlapure,9,,kɜːvətʃɚ,kɜːlɐpjʊɹ
2167,curve,5,4,curgs,5,,kɜːv,kɜːɡz
2168,cushion,7,5,custine,6,,kʊʃən,kʌstiːn
2169,custard,7,7,caslard,7,,kʌstɚd,kæslɑːɹd
2170,custodian,9,9,cusporian,9,,kʌstoʊdiən,kʌspɔːɹiən
2171,custody,7,7,cusbomy,7,,kʌstədi,kʌsbəmi
2172,custom,6,6,castim,6,,kʌstəm,kæstɪm
2173,customarily,11,11,customorimy,11,,kʌstəmɛɹᵻli,kʌstəmɔːɹɪmi
2174,customary,9,9,custinaty,9,,kʌstəmɛɹi,kʌstɪnəɾi
2175,customer,8,8,cusbomer,8,,kʌstəmɚ,kʌsbəmɚ
2176,cut,3,3,cudge,3,,kʌt,kʌdʒ
2177,cutback,7,6,catbark,7,,kʌtbæk,kætbɑːɹk
2178,cute,4,4,cuke,4,,kjuːt,kjuːk
2179,cuticle,7,8,cupimle,8,,kjuːɾɪkəl,kjuːpɪməl
2180,cutlery,7,7,cutpery,7,,kʌtlɚɹi,kʌtpɚɹi
2181,cutlet,6,6,catlen,6,,kʌtlɪt,kætlən
2182,cutter,6,5,catten,5,,kʌɾɚ,kæʔn̩
2183,cutthroat,9,7,catthrove,7,,kʌtθɹoʊt,kætθɹoʊv
2184,cutting,7,5,cugging,5,,kʌɾɪŋ,kʌɡɪŋ
2185,cyanide,7,6,cyonade,6,,saɪɐnaɪd,saɪəneɪd
2186,cycle,5,5,caclo,5,,saɪkəl,kækloʊ
2187,cyclist,7,7,caclust,7,,saɪklɪst,kæklʌst
2188,cyclone,7,6,cacline,6,,saɪkloʊn,kæklaɪn
2189,cyclops,7,7,cyclips,7,,saɪkləps,saɪklɪps
2190,cylinder,8,8,cylonper,8,,sɪlɪndɚ,saɪlɑːnpɚ
2191,cylindrical,11,11,cylardintal,11,,sɪlɪndɹɪkəl,saɪlɑːɹdɪntəl
2192,dab,3,3,dob,3,,dæb,dɑːb
2193,dad,3,3,dar,3,,dæd,dɑːɹ
2194,daddy,5,4,daggy,4,,dædi,dæɡi
2195,dagger,6,5,dammer,5,,dæɡɚ,dæmɚ
2196,daily,5,4,dafle,5,,deɪli,dæfəl
2197,dainty,6,5,dointy,5,,deɪnti,dɔɪnti
2198,dairy,5,4,daify,4,,dɛɹi,deɪfaɪ
2199,daisy,5,4,dansy,5,,deɪzi,dænzi
2200,dalmatian,9,8,dalgative,8,,dælmeɪʃən,dælɡətɪv
2201,dam,3,3,dewth,4,,dæm,duːθ
2202,damage,6,5,danade,5,,dæmɪdʒ,dæneɪd
2203,dame,4,3,dape,3,,deɪm,deɪp
2204,damnation,9,8,damnotoon,8,,dæmneɪʃən,dæmnətuːn
2205,damned,6,4,darbed,5,,dæmd,dɑːɹbd
2206,damp,4,4,dimp,4,,dæmp,dɪmp
2207,dampen,6,6,dambin,6,,dæmpən,dæmbɪn
2208,damsel,6,6,danpel,6,,dæmsəl,dænpɛl
2209,dance,5,4,donce,4,,dæns,dɑːns
2210,dandelion,9,8,danpemion,9,,dændᵻlaɪən,dænpɛmiən
2211,dandruff,8,7,damdrift,8,,dændɹʌf,dæmdɹɪft
2212,dandy,5,5,damty,5,,dændi,dæmti
2213,danger,6,6,dingel,6,,deɪndʒɚ,dɪndʒəl
2214,dangerous,9,8,danberous,8,,deɪndʒɚɹəs,dænbɚɹəs
2215,dangle,6,6,dinble,6,,dæŋɡəl,dɪnbəl
2216,Danish,6,5,Dinist,6,,deɪnɪʃ,dɪnɪst
2217,dapper,6,5,daffer,5,,dæpɚ,dæfɚ
2218,dare,4,3,dags,4,,dɛɹ,dæɡz
2219,daring,6,5,daging,5,,dɛɹɪŋ,deɪdʒɪŋ
2220,dark,4,4,dage,3,,dɑːɹk,deɪdʒ
2221,darken,6,6,dirken,6,,dɑːɹkən,dɜːkən
2222,darkroom,8,7,dartroam,7,,dɑːɹkɹuːm,dɑːɹtɹoʊm
2223,darling,7,6,dirting,6,,dɑːɹlɪŋ,dɜːɾɪŋ
2224,darn,4,4,durn,4,,dɑːɹn,dɜːn
2225,dart,4,4,dort,4,,dɑːɹt,dɔːɹt
2226,dash,4,3,dush,3,,dæʃ,dʌʃ
2227,data,4,4,ditu,4,,deɪɾə,dɪɾuː
2228,date,4,3,dake,3,,deɪt,deɪk
2229,dated,5,5,duted,6,,deɪɾᵻd,duːɾᵻd
2230,dateline,8,6,darelime,6,,deɪtlaɪn,dɛɹlaɪm
2231,daughter,8,5,doughten,5,,dɔːɾɚ,daʊʔn̩
2232,dawn,4,3,zoin,3,,dɔːn,zɔɪn
2233,day,3,2,doith,3,,deɪ,dɔɪθ
2234,daybreak,8,6,doybleak,6,,deɪbɹeɪk,dɔɪbliːk
2235,daytime,7,5,doytame,5,,deɪtaɪm,dɔɪɾeɪm
2236,daze,4,3,dard,4,,deɪz,dɑːɹd
2237,dazzle,6,5,darrle,5,,dæzəl,dæəl
2238,deacon,6,5,deocom,5,,diːkən,diːɑːkɑːm
2239,deactivate,10,9,deartovale,9,,diːæktᵻveɪt,dɪɹɾuːveɪl
2240,dead,4,3,deod,4,,dɛd,diːɑːd
2241,deadline,8,6,dearlone,6,,dɛdlaɪn,dɪɹloʊn
2242,deadlock,8,6,dearlack,6,,dɛdlɑːk,dɪɹlæk
2243,deadweight,10,6,dearwearts,8,,dɛdweɪt,dɪɹwɛɹts
2244,deaf,4,3,doof,3,,dɛf,duːf
2245,deal,4,3,dien,4,,diːl,diːn
2246,dealer,6,5,dooler,5,,diːlɚ,duːlɚ
2247,dealing,7,5,dooling,5,,diːlɪŋ,duːlɪŋ
2248,dealt,5,4,doilt,4,,dɛlt,dɔɪlt
2249,dean,4,3,doon,3,,diːn,duːn
2250,dear,4,3,diare,4,,dɪɹ,daɪɚɹə
2251,death,5,3,dooth,3,,dɛθ,duːθ
2252,debit,5,5,dibet,5,,dɛbɪt,dɪbɪt
2253,debris,6,5,dibrus,6,,dəbɹiː,dɪbɹəs
2254,debt,4,3,derg,4,,dɛt,dɜːɡ
2255,debut,5,5,dibit,5,,deɪbjuː,dɪbɪt
2256,decade,6,5,dicase,5,,dɛkeɪd,dɪkeɪs
2257,decal,5,5,dican,5,,dᵻkæl,dɪkən
2258,decapitate,10,9,decaritess,9,,dᵻkæpᵻteɪt,dᵻkæɹaɪtɛs
2259,decathlon,9,8,debathlen,8,,dᵻkæθlən,dᵻbæθlən
2260,decay,5,4,dicam,5,,dᵻkeɪ,dɪkæm
2261,deceit,6,5,dysuit,5,,dᵻsiːt,daɪsuːt
2262,deceive,7,5,direive,5,,dᵻsiːv,daɪɚɹɪv
2263,decelerate,10,9,demilerase,9,,dᵻsɛlɚɹeɪt,dɛmaɪlɚɹeɪz
2264,December,8,8,Decumper,8,,dᵻsɛmbɚ,dᵻkʌmpɚ
2265,decency,7,7,debenry,7,,diːsənsi,dɛbɛnɹi
2266,decent,6,6,dicert,6,,diːsənt,daɪsɜːt
2267,deception,9,8,deleptive,8,,dᵻsɛpʃən,dᵻlɛptɪv
2268,decibel,7,7,decopal,7,,dɛsᵻbəl,dᵻkɑːpəl
2269,decide,6,5,dicade,5,,dᵻsaɪd,dɪkeɪd
2270,decimal,7,7,decoral,7,,dɛsɪməl,dɛkɚɹəl
2271,decipher,8,7,decother,7,,dᵻsaɪfɚ,dᵻkʌðɚ
2272,decision,8,7,decosive,7,,dᵻsɪʒən,dᵻkoʊsɪv
2273,deck,4,3,daip,3,,dɛk,deɪp
2274,declaration,11,10,declucative,10,,dɛklɚɹeɪʃən,dᵻkluːkətɪv
2275,declarative,11,10,declasatiod,11,,dᵻklæɹətɪv,dᵻklæsɐɾɪɑːd
2276,declare,7,6,diclade,6,,dᵻklɛɹ,dɪkleɪd
2277,declassify,10,9,declartimy,10,,dᵻklæsᵻfaɪ,dᵻklɑːɹɾɪmi
2278,declination,11,10,decrimative,10,,dᵻklᵻneɪʃən,dᵻkɹɪmətɪv
2279,decline,7,6,diclone,6,,dᵻklaɪn,dɪkloʊn
2280,decode,6,5,dicore,5,,dᵻkoʊd,dɪkɔːɹ
2281,decompose,9,8,decampore,8,,diːkəmpoʊz,dᵻkæmpɔːɹ
2282,decomposition,13,12,decompasotive,12,,diːkɑːmpəzɪʃən,diːkəmpæsətɪv
2283,decompress,10,9,decamprest,10,,diːkəmpɹɛs,dᵻkæmpɹɛst
2284,decontaminate,13,12,decontimanase,12,,diːkəntæmᵻneɪt,diːkəntɪmɐneɪs
2285,decorate,8,7,decurale,8,,dɛkɚɹeɪt,dᵻkjʊɹɹeɪl
2286,decoration,10,9,decunative,10,,dɛkɚɹeɪʃən,dᵻkʌnətɪv
2287,decorative,10,9,deconatize,9,,dɛkɹətɪv,diːkənæɾaɪz
2288,decorator,9,9,decuritar,9,,dɛkɔːɹeɪɾɚ,dᵻkjʊɹɹɪɾɚ
2289,decoy,5,4,dicos,5,,diːkɔɪ,diːkoʊz
2290,decrease,8,6,dicrouse,6,,diːkɹiːs,dɪkɹaʊs
2291,decrepit,8,8,deprepit,8,,dᵻkɹɛpɪt,dᵻpɹɛpɪt
2292,dedicate,8,7,dedomate,7,,dɛdᵻkeɪt,dɛdəmeɪt
2293,dedication,10,9,dedicotive,9,,dɛdɪkeɪʃən,dɛdɪkɑːɾɪv
2294,deduce,6,6,didace,5,,dᵻduːs,dɪdeɪs
2295,deed,4,3,dieg,4,,diːd,diːɡ
2296,deem,4,3,deum,4,,diːm,diːəm
2297,deep,4,3,diep,4,,diːp,diːp
2298,deface,6,5,difare,5,,dᵻfeɪs,dɪfɛɹ
2299,default,7,6,difowls,6,,dᵻfɔlt,dɪfaʊlz
2300,defeat,6,5,difeak,5,,dᵻfiːt,daɪfæk
2301,defect,6,6,diforn,6,,diːfɛkt,dɪfɔːɹn
2302,defective,9,8,derectave,8,,dᵻfɛktɪv,dɛɹɪkteɪv
2303,defend,6,6,difind,6,,dᵻfɛnd,dɪfaɪnd
2304,defense,7,6,difaits,6,,dᵻfɛns,dɪfeɪts
2305,deference,9,8,defemance,8,,dɛfɹəns,dᵻfɛməns
2306,deferential,11,10,deferalteer,10,,dɛfɚɹɛnʃəl,dᵻfɜːɹɐltɪɹ
2307,defiance,8,7,derianes,7,,dᵻfaɪəns,dɪɹieɪnz
2308,deficit,7,7,defopit,7,,dɛfɪsɪt,dᵻfɑːpɪt
2309,define,6,5,difane,5,,dᵻfaɪn,dɪfeɪn
2310,definite,8,7,defomite,7,,dɛfɪnət,dᵻfɑːmaɪt
2311,definition,10,9,defolarive,9,,dɛfɪnɪʃən,dᵻfoʊlɑːɹɹɪv
2312,definitive,10,9,defalitore,9,,dᵻfɪnɪtɪv,dᵻfælɪɾɚ
2313,deflate,7,6,difrate,6,,diːfleɪt,dɪfɹeɪt
2314,deform,6,6,difirm,6,,dᵻfɔːɹm,dɪfɜːm
2315,deformation,11,10,definmutive,11,,dᵻfɔːɹmeɪʃən,dᵻfɪnmjuːtɪv
2316,deformity,9,9,denormicy,9,,dᵻfɔːɹmᵻɾi,dᵻnɔːɹmɪsi
2317,defunct,7,7,difinct,7,,dᵻfʌŋkt,dɪfɪŋkt
2318,degradation,11,10,degrulative,10,,dᵻɡɹɐdeɪʃən,dᵻɡɹuːlətɪv
2319,degrade,7,6,digrale,6,,dᵻɡɹeɪd,dɪɡɹeɪl
2320,degree,6,5,digrey,5,,dᵻɡɹiː,dɪɡɹi
2321,dehumanize,10,10,detuminaze,10,,diːhjuːmənaɪz,dɪtuːmɪneɪz
2322,dehydrate,9,8,dehudrake,8,,diːhaɪdɹeɪt,diːhʌdɹeɪk
2323,dehydration,11,10,demydartive,10,,diːhaɪdɹeɪʃən,diːmaɪdɑːɹɾɪv
2324,dejected,8,8,demected,8,,dᵻdʒɛktᵻd,dɛmɛktᵻd
2325,delay,5,4,diloy,4,,dᵻleɪ,daɪlɔɪ
2326,delectable,10,10,delirtobly,9,,dᵻlɛktəbəl,dᵻlɜːɾɑːbli
2327,delegate,8,7,delomate,7,,dɛlɪɡeɪt,dᵻlɑːmeɪt
2328,delegation,10,9,delagitive,9,,dɛlɪɡeɪʃən,dᵻlædʒᵻtɪv
2329,delete,6,5,dilepe,5,,dᵻliːt,daɪlp
2330,deliberate,10,9,deliserade,9,,dᵻlɪbɚɹət,dᵻlɪsɚɹeɪd
2331,delicacy,8,8,delitany,8,,dɛlɪkəsi,dᵻlɪtəni
2332,delicious,9,7,deripious,8,,dᵻlɪʃəs,dᵻɹɪpiəs
2333,delight,7,5,dimight,5,,dᵻlaɪt,dɪmaɪt
2334,delinquency,11,11,delincharty,10,,dᵻlɪŋkwənsi,dᵻlɪntʃɑːɹɾi
2335,deliver,7,7,delavor,7,,dᵻlɪvɚ,dᵻlævɚ
2336,dell,4,3,dedge,3,,dɛl,dɛdʒ
2337,delta,5,5,derto,5,,dɛltə,dɜːɾoʊ
2338,delusion,8,7,delosive,7,,dᵻluːʒən,dᵻloʊsɪv
2339,deluxe,6,6,derump,6,,dᵻlʌks,dɛɹʌmp
2340,demagnetize,11,10,dematnorive,10,,dᵻmæɡnɪtaɪz,dᵻmætnɔːɹɪv
2341,demand,6,6,dimend,6,,dᵻmænd,daɪmənd
2342,demented,8,8,delenter,8,,dᵻmɛntᵻd,dᵻlɛntɚ
2343,demobilize,10,9,demaborize,9,,dᵻmoʊbɪlaɪz,dᵻmæbɚɹaɪz
2344,democracy,9,9,demolrity,9,,dᵻmɑːkɹəsi,dɛmɑːlɹᵻɾi
2345,democrat,8,8,demucrit,8,,dɛməkɹæt,dɛməkɹɪt
2346,democratic,10,10,democranid,10,,dɛməkɹæɾɪk,dɛməkɹænɪd
2347,demolish,8,7,defolise,7,,dᵻmɑːlɪʃ,dᵻfɑːlaɪz
2348,demolition,10,9,demolative,9,,dɛməlɪʃən,dɛmələtɪv
2349,demonstrate,11,10,deminstrale,10,,dɛmənstɹeɪt,dɛmɪnstɹeɪl
2350,demonstration,13,12,demorschative,10,,dɛmənstɹeɪʃən,dᵻmɔːɹʃətɪv
2351,demonstrative,13,12,demilstratoid,12,,dəmɑːnstɹətɪv,dɛmɪlstɹæɾɔɪd
2352,demonstrator,12,12,demotstranor,12,,dɛmənstɹeɪɾɚ,dᵻmɑːtstɹænɚ
2353,demoralize,10,9,demiratist,10,,dᵻmɔːɹəlaɪz,dɛmɚɹətɪst
2354,den,3,3,doin,3,,dɛn,duːɪn
2355,denial,6,6,deriat,6,,dᵻnaɪəl,dɪɹiæt
2356,denim,5,5,dinum,5,,dɛnɪm,dɪnəm
2357,denote,6,5,dinoke,5,,dᵻnoʊt,dɪnoʊk
2358,denounce,8,6,dinance,6,,dᵻnaʊns,dɪnəns
2359,dense,5,4,delch,4,,dɛns,dɛltʃ
2360,density,7,7,densory,7,,dɛnsᵻɾi,dɛnsɚɹi
2361,dent,4,4,dech,3,,dɛnt,dɛtʃ
2362,dental,6,5,dinmal,6,,dɛntəl,dɪnməl
2363,dentist,7,7,dintust,7,,dɛntɪst,dɪntʌst
2364,denture,7,6,dintore,6,,dɛntʃɚ,dɪntɚ
2365,deny,4,4,dano,4,,dᵻnaɪ,dɑːnoʊ
2366,deodorant,9,9,deodomaze,8,,diːoʊdɚɹənt,diːɑːdəmeɪz
2367,depart,6,6,diperm,6,,dᵻpɑːɹt,daɪpɜːm
2368,departed,8,8,demarted,8,,dᵻpɑːɹɾᵻd,dᵻmɑːɹɾᵻd
2369,departmental,12,11,depracmindal,12,,dᵻpɑːɹtmɛntəl,dᵻpɹækmaɪndəl
2370,departure,9,8,demarpure,8,,dᵻpɑːɹtʃɚ,dᵻmɑːɹpjʊɹ
2371,depend,6,6,dipund,6,,dᵻpɛnd,dɪpʌnd
2372,deplete,7,6,diplate,6,,dᵻpliːt,dɪpleɪt
2373,deport,6,6,dipork,6,,dᵻpɔːɹt,dɪpɔːɹk
2374,deportment,10,10,demortpent,10,,dᵻpɔːɹtmənt,dᵻmɔːɹtpənt
2375,depository,10,10,deposotany,10,,dᵻpɑːzɪtɔːɹi,dᵻpɑːsətəni
2376,depreciate,10,9,deprodiase,9,,dᵻpɹiːʃɪeɪt,dᵻpɹoʊdɪeɪs
2377,depress,7,6,diprass,6,,dᵻpɹɛs,dɪpɹæs
2378,deprivation,11,10,deprovitive,10,,dɛpɹɪveɪʃən,dᵻpɹɑːvᵻtɪv
2379,deprive,7,6,diplive,6,,dᵻpɹaɪv,dɪplɪv
2380,depth,5,4,delsh,4,,dɛpθ,dɛlʃ
2381,deputy,6,7,depory,6,,dɛpjuːɾi,dᵻpɔːɹi
2382,derange,7,6,dirapes,6,,dᵻɹeɪndʒ,dɜːɹeɪps
2383,derby,5,5,darmy,5,,dɜːbi,dɑːɹmi
2384,derivation,10,9,derisative,9,,dɛɹɪveɪʃən,dᵻɹɪsətɪv
2385,derive,6,5,dirave,5,,dᵻɹaɪv,dɜːɹeɪv
2386,descend,7,6,discand,7,,dᵻsɛnd,dɪskænd
2387,descent,7,6,discate,6,,dᵻsɛnt,dɪskeɪt
2388,desegregate,11,10,desimradate,10,,diːsɛɡɹɪɡeɪt,dɪzɪmɹɐdeɪt
2389,desert,6,6,delart,6,,dɛzɚt,dᵻlɑːɹt
2390,deserve,7,6,diselve,6,,dɪzɜːv,dɪsɛlv
2391,design,6,5,disank,6,,dɪzaɪn,dɪsæŋk
2392,designate,9,8,desugbate,8,,dɛzɪɡneɪt,dᵻsʌɡbeɪt
2393,designation,11,10,desitrative,10,,dɛzɪɡneɪʃən,dɪzɪtɹətɪv
2394,designing,9,7,depigning,7,,dɪzaɪnɪŋ,dᵻpaɪnɪŋ
2395,desire,6,6,disure,5,,dɪzaɪɚ,dɪsjʊɹ
2396,desirous,8,7,desurius,8,,dɪzaɪɚɹəs,dᵻsjʊɹɹɪəs
2397,desk,4,4,delk,4,,dɛsk,dɛlk
2398,despair,7,6,dispift,7,,dᵻspɛɹ,dɪspɪft
2399,desperado,9,9,despilapo,9,,dᵻspɚɹɑːdoʊ,dᵻspɪlɑːpoʊ
2400,desperate,9,8,desgerase,8,,dɛspɚɹət,dᵻsdʒɜːɹeɪz
2401,desperation,11,10,despanative,10,,dɛspɚɹeɪʃən,dᵻspænətɪv
2402,despicable,10,10,despotably,10,,dᵻspɪkəbəl,dɛspoʊɾəbli
2403,despise,7,6,dispide,6,,dᵻspaɪz,dɪspaɪd
2404,dessert,7,6,demmert,6,,dɪzɜːt,dɛmɚt
2405,destination,11,10,deslicative,10,,dɛstɪneɪʃən,dɛslɪkətɪv
2406,destiny,7,7,destoly,7,,dɛstɪni,dᵻstɑːli
2407,destitute,9,9,destotate,8,,dɛstɪtuːt,dᵻstoʊɾeɪt
2408,destroy,7,6,distram,7,,dᵻstɹɔɪ,dɪstɹæm
2409,destructible,12,12,desplentibly,12,,dᵻstɹʌktᵻbəl,dᵻsplɛntᵻbli
2410,destruction,11,10,destrictoon,10,,dᵻstɹʌkʃən,dᵻstɹɪktuːn
2411,detach,6,5,ditack,5,,dɪtætʃ,dɪɾæk
2412,detachment,10,9,depachmint,9,,dɪtætʃmənt,dᵻpætʃmɪnt
2413,detail,6,5,dipair,5,,diːteɪl,dɪpɛɹ
2414,detain,6,5,ditare,5,,dɪteɪn,dɪɾɛɹ
2415,detective,9,8,delectave,8,,dɪtɛktɪv,dᵻlɛkteɪv
2416,detention,9,8,demenpion,9,,dɪtɛnʃən,dᵻmɛnpiən
2417,determinable,12,12,determanople,12,,dɪtɜːmɪnəbəl,dɪtɜːmɐnoʊpəl
2418,determination,13,12,determanotive,12,,dɪtɜːmᵻneɪʃən,dɪtɜːmɐnɑːɾɪv
2419,determine,9,8,depermane,8,,dɪtɜːmɪn,diːpɜːmeɪn
2420,detest,6,6,ditost,6,,dɪtɛst,dɪɾɑːst
2421,detour,6,5,dipour,5,,diːtʊɹ,dɪpɚ
2422,detract,7,7,ditruct,7,,dɪtɹækt,dɪtɹʌkt
2423,detrimental,11,10,detramorcal,11,,dɛtɹɪmɛntəl,dɪtɹæmɔːɹkəl
2424,deuce,5,4,douth,3,,djuːs,daʊθ
2425,devastate,9,8,devispate,8,,dɛvᵻsteɪt,dɪvɪspeɪt
2426,devastation,11,10,devatnative,10,,dɛvᵻsteɪʃən,dɪvætnətɪv
2427,develop,7,7,debelip,7,,dɪvɛləp,dɛbɪlɪp
2428,deviant,7,7,deriate,6,,diːviənt,dɪɹieɪt
2429,deviate,7,6,deriase,6,,diːvɪeɪt,dɪɹieɪs
2430,deviation,9,8,deciative,8,,diːvɪeɪʃən,dᵻsiəɾɪv
2431,device,6,5,divace,5,,dɪvaɪs,dɪveɪs
2432,devil,5,5,divel,5,,dɛvəl,dɪvəl
2433,devious,7,6,derious,6,,diːviəs,dɪɹiəs
2434,devise,6,5,divose,5,,dɪvaɪz,dɪvoʊs
2435,devote,6,5,divoke,5,,dɪvoʊt,dɪvoʊk
2436,devotion,8,7,degotive,7,,dɪvoʊʃən,dᵻɡɑːɾɪv
2437,devour,6,6,divous,5,,dɪvaʊɚ,dɪvəs
2438,dew,3,3,zer,3,,duː,zɜː
2439,diabetes,8,8,diomepes,8,,daɪəbiːɾiːz,dɪoʊmps
2440,diagnose,8,7,diatrose,7,,daɪəɡnoʊz,daɪətɹoʊz
2441,diagnosis,9,9,diagmopis,9,,daɪəɡnoʊsɪs,daɪəɡmoʊpiz
2442,diagnostic,10,10,diagnispic,9,,daɪəɡnɑːstɪk,daɪəɡnɪspɪk
2443,diagonal,8,7,diatoric,8,,daɪæɡənəl,daɪətɔːɹɪk
2444,diagram,7,7,diogrim,7,,daɪəɡɹæm,dɪɑːɡɹɪm
2445,dial,4,4,doen,4,,daɪəl,doʊn
2446,dialect,7,7,diolert,7,,daɪəlɛkt,dɪoʊlɜːt
2447,dialog,6,6,diotog,6,,daɪəlɑːɡ,dɪɑːɾɑːɡ
2448,diameter,8,8,diateber,8,,daɪæmɪɾɚ,daɪətɛbɚ
2449,diamond,7,7,deuvond,7,,daɪəmənd,djuːvɑːnd
2450,diaper,6,6,diopet,6,,daɪpɚ,dɪɑːpɪt
2451,diary,5,5,diomy,5,,daɪɚɹi,dɪɑːmi
2452,dice,4,3,dige,3,,daɪs,daɪdʒ
2453,dictate,7,6,dirtack,6,,dɪkteɪt,dɜːɾæk
2454,dictation,9,8,dicralion,9,,dɪkteɪʃən,dɪkɹæliən
2455,dictator,8,8,dicralor,8,,dɪkteɪɾɚ,dɪkɹælɚ
2456,dictatorial,11,11,dictinolial,11,,dɪktɐtɔːɹɪəl,dɪktɪnoʊlɪəl
2457,dictatorship,12,11,dictonerside,10,,dɪkteɪɾɚʃɪp,dɪktoʊnɚsaɪd
2458,diction,7,6,dirtoon,6,,dɪkʃən,dɜːtuːn
2459,dictionary,10,9,dictherany,9,,dɪkʃənɛɹi,dɪkθɚɹəni
2460,die,3,2,dee,2,,daɪ,diː
2461,dies,4,3,dieth,4,,daɪz,daɪəθ
2462,diet,4,4,diel,4,,daɪət,diːl
2463,dietary,7,7,diomary,7,,daɪətɚɹi,dɪɑːmɛɹi
2464,differ,6,5,dizzer,5,,dɪfɚ,dɪzɚ
2465,difference,10,8,diffobence,8,,dɪfɹəns,dɪfoʊbəns
2466,different,9,8,diffobent,8,,dɪfɹənt,dɪfoʊbənt
2467,differential,12,10,diffilenrial,11,,dɪfɚɹɛnʃəl,dɪfaɪlənɹɪəl
2468,difficult,9,8,diffopult,8,,dɪfɪkəlt,dɪfəpʌlt
2469,diffuse,7,6,dirtuse,7,,dᵻfjuːz,dɜːɾuːs
2470,dig,3,3,dag,3,,dɪɡ,dæɡ
2471,digest,6,6,digese,5,,daɪdʒɛst,daɪdʒiːz
2472,digit,5,5,divit,5,,dɪdʒɪt,dɪvɪt
2473,dignified,9,8,dignolied,8,,dɪɡnᵻfaɪd,dɪɡnɑːlid
2474,dignity,7,7,dignory,7,,dɪɡnᵻɾi,dɪɡnɚɹi
2475,digress,7,6,diglass,6,,daɪɡɹɛs,dɪɡlæs
2476,dilate,6,5,delake,5,,daɪleɪt,dᵻleɪk
2477,dilemma,7,6,dileppa,6,,dᵻlɛmə,daɪlpə
2478,diligent,8,8,diloment,8,,dɪlɪdʒənt,daɪloʊmənt
2479,dillydally,10,8,dillodolli,8,,dɪlɪdəli,dɪlədɑːli
2480,dilute,6,5,deluke,6,,daɪluːt,dᵻluːk
2481,dim,3,3,doim,3,,dɪm,dɔɪm
2482,dime,4,3,dilt,4,,daɪm,dɪlt
2483,dimension,9,8,dipenlion,9,,dᵻmɛnʃən,daɪpənliən
2484,diminish,8,7,dimanase,7,,dᵻmɪnɪʃ,dɪmɐneɪs
2485,dimmer,6,5,dibber,5,,dɪmɚ,dɪbɚ
2486,dimple,6,6,dumply,6,,dɪmpəl,dʌmpli
2487,dine,4,3,dinth,4,,daɪn,dɪnθ
2488,diner,5,5,daner,5,,daɪnɚ,deɪnɚ
2489,dingy,5,5,dangy,5,,dɪndʒi,dæŋi
2490,dinner,6,5,danner,5,,dɪnɚ,dænɚ
2491,dinosaur,8,7,diromaur,7,,daɪnəsɔːɹ,dɪɹəmɔːɹ
2492,dip,3,3,dup,3,,dɪp,duːp
2493,diploma,7,7,dimlopa,7,,dɪploʊmə,dɪmloʊpə
2494,diplomat,8,8,dipmolat,8,,dɪpləmæt,dɪpməlæt
2495,diplomatic,10,10,diplamorid,10,,dɪpləmæɾɪk,dɪplɐmɔːɹɪd
2496,diplomatist,11,11,diprenative,10,,dɪpləmətɪst,dɪpɹənətɪv
2497,dipstick,8,7,dimstuck,7,,dɪpstɪk,dɪmstʌk
2498,dire,4,4,doist,4,,daɪɚ,dɔɪst
2499,direct,6,6,derict,6,,dᵻɹɛkt,dᵻɹɪkt
2500,direction,9,8,ditecrion,9,,dᵻɹɛkʃən,daɪtkɹiən
2501,dirt,4,4,dith,3,,dɜːt,dɪθ
2502,dirty,5,5,doogy,4,,dɜːɾi,duːɡi
2503,disability,10,10,disabalory,10,,dɪsɐbɪləɾi,dɪsɐbælɚɹi
2504,disable,7,7,disabro,8,,dɪseɪbəl,dɪsɐbɹoʊ
2505,disadvantage,12,11,disatvinsage,11,,dɪsɐdvæntɪdʒ,dɪsætvɪnsɪdʒ
2506,disadvantageous,15,13,disadvintoreous,13,,dɪsɐdvɐnteɪdʒəs,dɪsɐdvɪntɔːɹiəs
2507,disagree,8,7,disagroo,7,,dɪsɐɡɹiː,dɪsæɡɹuː
2508,disagreement,12,11,disopreerent,11,,dɪsɐɡɹiːmənt,dɪsəpɹɪɹənt
2509,disappointment,14,12,disappumient,11,,dɪsɐpɔɪntmənt,dɪsɐpjuːmiənt
2510,disapproval,11,10,disamprocal,11,,dɪsɐpɹuːvəl,dɪsæmpɹɑːkəl
2511,disarm,6,6,dirape,5,,dɪsɑːɹm,dɜːɹeɪp
2512,disarrange,10,8,disandange,9,,dɪsɚɹeɪndʒ,dɪsændændʒ
2513,disassemble,11,10,disatsinblu,11,,dɪsɐsɛmbəl,dɪsætsɪnbluː
2514,disaster,8,8,disisper,8,,dɪzæstɚ,dɪsɪspɚ
2515,disband,7,7,dirbund,7,,dɪsbænd,dɜːbʌnd
2516,disbelieve,10,8,disbirieve,8,,dɪsbᵻliːv,dɪsbɪɹiːv
2517,discard,7,7,dircurd,7,,dɪskɑːɹd,dɜːkɜːd
2518,discharge,9,7,dirchawns,7,,dɪstʃɑːɹdʒ,dɜːtʃɔːnz
2519,disciple,8,7,discuble,9,,dɪsaɪpəl,dɪskʌbəl
2520,disciplinarian,14,13,disciplinoriam,13,,dɪsɪplɪnɛɹiən,dɪsɪplɪnɔːɹiəm
2521,disciplinary,12,11,disciplanory,11,,dɪsɪplɪnɛɹi,dɪssɪplɐnɚɹi
2522,discipline,10,8,discubline,10,,dɪsɪplɪn,dɪskʌblaɪn
2523,disclaim,8,7,dirclait,7,,dɪskleɪm,dɜːkleɪt
2524,discomfort,10,10,discamfall,9,,dɪskʌmfɚt,dɪskæmfɔːl
2525,discontent,10,10,discomtant,10,,dɪskəntɛnt,dɪskəmtænt
2526,discontinuity,13,14,discontanoipy,12,,dɪskɑːntɪnjuːᵻɾi,dɪskəntænɔɪpi
2527,discontinuous,13,13,discirtanuous,12,,dɪskəntɪnjuːəs,dɪssɚtænjuːəs
2528,discord,7,7,dircore,6,,dɪskɔːɹd,dɜːkɔːɹ
2529,discount,8,7,dircourt,7,,dɪskaʊnt,dɜːkɔːɹt
2530,discourage,10,8,discoatade,8,,dɪskɜːɹɪdʒ,dɪskoʊɾeɪd
2531,discourse,9,7,dircoose,6,,dɪskɔːɹs,dɜːkuːs
2532,discourteous,12,10,discearpious,10,,dɪskɜːɾiəs,dɪsɪɹpiəs
2533,discover,8,8,discoher,8,,dɪskʌvɚ,dɪskoʊhɚ
2534,disease,7,5,disoze,5,,dɪziːz,dɪsoʊz
2535,disgrace,8,7,disgrake,7,,dɪsɡɹeɪs,dɪsɡɹeɪk
2536,disgust,7,7,dirgist,7,,dɪsɡʌst,dɜːdʒɪst
2537,dish,4,3,doish,3,,dɪʃ,dɔɪʃ
2538,disharmony,10,10,dishosmity,10,,dɪshɑːɹməni,dɪshɑːzmᵻɾi
2539,dishcloth,9,7,dushcloin,7,,dɪʃklɔθ,dʌʃklɔɪn
2540,dishonest,9,8,dishanert,9,,dɪsɑːnɪst,dɪshænɚt
2541,dishwasher,10,8,dishwoshen,8,,dɪʃwɑːʃɚ,dɪʃwɑːʃən
2542,disillusion,11,9,disinlosive,10,,dɪsɪluːʒən,dɪsɪnloʊsɪv
2543,disintegrate,12,11,disimtocrate,11,,dɪsɪntᵻɡɹeɪt,dɪsɪmtəkɹeɪt
2544,disinterested,13,12,disintebuster,13,,dɪsɪntɹɛstᵻd,dɪsɪntɛbʌstɚ
2545,disk,4,4,diln,4,,dɪsk,dɪln
2546,dislike,7,6,dirlipe,6,,dɪslaɪk,dɜːlaɪp
2547,dislocate,9,8,dislucale,8,,dɪsloʊkeɪt,dɪsluːkeɪl
2548,dislocation,11,10,disporative,10,,dɪsloʊkeɪʃən,dɪspɔːɹətɪv
2549,dislodge,8,6,dirlaint,7,,dɪslɑːdʒ,dɜːleɪnt
2550,dismal,6,6,dirbal,6,,dɪzməl,dɜːbəl
2551,dismantle,9,8,distanmle,9,,dɪsmæntəl,dɪstænməl
2552,disobedience,12,11,disocemieous,10,,dɪsoʊbiːdiəns,dɪsoʊsmɪəs
2553,disorder,8,8,disoldar,8,,dɪsɔːɹdɚ,dɪsoʊldɑːɹ
2554,disorganize,11,10,disorgraics,11,,dɪsɔːɹɡənaɪz,dɪsɔːɹɡɹeɪɪks
2555,disown,6,5,dirone,6,,dɪsoʊn,daɪɚn
2556,disparity,9,9,disporoly,9,,dɪspæɹᵻɾi,dɪspɔːɹɑːli
2557,dispassionate,13,10,disporstanade,12,,dɪspæʃənət,dɪspɔːɹstɐneɪd
2558,dispatch,8,6,dirponse,7,,dɪspætʃ,dɜːpɑːns
2559,dispel,6,6,dirgel,6,,dɪspɛl,dɜːdʒəl
2560,dispense,8,7,dirbelse,7,,dɪspɛns,dɜːbɛls
2561,display,7,6,dirplat,7,,dɪspleɪ,dɜːplæt
2562,displease,9,7,dirplouse,7,,dɪspliːz,dɜːplaʊs
2563,disposal,8,8,dismosal,8,,dɪspoʊzəl,dɪsmoʊzəl
2564,disposition,11,10,dispeditive,10,,dɪspəzɪʃən,dɪspɛdᵻtɪv
2565,dispossess,10,8,dispaddess,8,,dɪspəzɛs,dɪspædɛs
2566,disproportion,13,12,disperpoltive,12,,dɪspɹəpɔːɹʃən,dɪspɜːpoʊltɪv
2567,disprove,8,7,dirprobe,7,,dɪspɹuːv,dɜːpɹoʊb
2568,disputable,10,11,dispurably,10,,dɪspjuːɾəbəl,dɪspʊɹɹəbli
2569,dispute,7,7,dirpate,6,,dɪspjuːt,dɜːpeɪt
2570,disqualify,10,10,disquanity,10,,dɪskwɑːlᵻfaɪ,dɪskwɑːnᵻɾi
2571,disregard,9,9,disroyard,9,,dɪsɹɪɡɑːɹd,dɪsɹɔɪɑːɹd
2572,disreputable,12,13,disrepotiple,12,,dɪsɹɛpjuːɾəbəl,dɪsɹɪpɑːɾɪpəl
2573,disrobe,7,6,dirroke,5,,dɪsɹoʊb,dɪɹoʊk
2574,dissatisfaction,15,14,dissatusfartive,13,,dɪsæɾɪsfækʃən,dɪsæɾəsfɑːɹɾɪv
2575,dissatisfy,10,10,dissotasly,10,,dɪsæɾɪsfaɪ,dɪsɑːɾæsli
2576,disseminate,11,9,dissimanale,9,,dɪsɛmᵻneɪt,dɪsɪmɐneɪl
2577,disservice,10,9,dissorvide,9,,dɪsɜːvɪs,dɪsɔːɹvaɪd
2578,dissimilar,10,10,dissanitar,9,,dɪsɪmɪlɚ,dɪsænɪɾɚ
2579,dissipate,9,7,dissopale,7,,dɪsᵻpeɪt,dɪsɑːpeɪl
2580,dissociate,10,8,dissicoade,8,,dɪsoʊsɪeɪt,dɪsɪkoʊd
2581,dissolution,11,9,dissilative,9,,dɪsəluːʃən,dɪsɪlətɪv
2582,dissolve,8,6,dirrolve,6,,dɪsɑːlv,dɪɹɑːlv
2583,dissuade,8,6,dimmuade,6,,dɪsweɪd,dɪmjuːeɪd
2584,distance,8,7,dirtince,7,,dɪstəns,dɜːtɪns
2585,distaste,8,7,dirtarte,7,,dɪsteɪst,dɜːɾɑːɹt
2586,distinct,8,8,dirtores,7,,dɪstɪŋkt,dɜːɾɚz
2587,distort,7,7,dirtork,7,,dɪstɔːɹt,dɜːɾɔːɹk
2588,distress,8,7,dirtruss,7,,dɪstɹɛs,dɜːtɹʌs
2589,distribute,10,10,distrobite,9,,dɪstɹɪbjuːt,dɪstɹɑːbaɪt
2590,distribution,12,12,disterbative,11,,dɪstɹɪbjuːʃən,dɪstɜːbətɪv
2591,distributor,11,12,distherunor,10,,dɪstɹɪbjuːɾɚ,dɪsθɜːɹʌnɚ
2592,district,8,8,dirtruct,8,,dɪstɹɪkt,dɜːtɹʌkt
2593,distrust,8,8,dirtrost,8,,dɪstɹʌst,dɜːtɹɑːst
2594,disturb,7,7,dirtown,6,,dɪstɜːb,daɪɚtaʊn
2595,ditch,5,3,dimps,5,,dɪtʃ,dɪmps
2596,ditto,5,4,diffo,4,,dɪɾoʊ,dɪfoʊ
2597,dive,4,3,doove,3,,daɪv,duːv
2598,divers,6,6,dovert,6,,daɪvɚz,dʌvət
2599,diversify,9,9,divissamy,8,,daɪvɜːsᵻfaɪ,dᵻvɪsæmi
2600,diversity,9,9,divorsory,9,,daɪvɜːsᵻɾi,dɪvɔːɹsɚɹi
2601,divide,6,5,dutade,5,,dᵻvaɪd,duːɾeɪd
2602,dividend,8,8,divopend,8,,dɪvɪdɛnd,dɪvoʊpɛnd
2603,dividers,8,8,difidens,8,,dᵻvaɪdɚz,dɪfaɪdənz
2604,divine,6,5,duvike,5,,dᵻvaɪn,duːvaɪk
2605,divinity,8,8,divisiny,8,,dᵻvɪnᵻɾi,dᵻvɪsɪni
2606,divisible,9,9,diveribly,9,,dᵻvɪzᵻbəl,daɪvɚɹᵻbli
2607,division,8,7,divasoon,7,,dᵻvɪʒən,dɪvɐsuːn
2608,divorce,7,6,duvorge,6,,dᵻvɔːɹs,duːvɔːɹdʒ
2609,dizzy,5,4,diffy,4,,dɪzi,dɪfi
2610,docile,6,5,domine,5,,dɑːsəl,dɑːmaɪn
2611,dock,4,3,donk,4,,dɑːk,dɔŋk
2612,doctor,6,6,dacton,6,,dɑːktɚ,dæktən
2613,doctorate,9,8,doctarase,8,,dɑːktɚɹeɪt,dɑːktɐɹeɪz
2614,doctrine,8,7,dactrane,7,,dɑːktɹɪn,dæktɹeɪn
2615,document,8,9,docopent,8,,dɑːkjuːmənt,dɑːkoʊpənt
2616,documentary,11,12,documittocy,11,,dɑːkjuːmɛntɚɹi,dɑːkjuːmɪɾɑːsi
2617,documentation,13,13,documintotive,13,,dɑːkjuːmənteɪʃən,dɑːkjuːmɪntətɪv
2618,dodge,5,3,donch,4,,dɑːdʒ,dɑːntʃ
2619,dog,3,3,doy,2,,dɑːɡ,dɔɪ
2620,dogged,6,5,dobbed,4,,dɑːɡᵻd,dɑːbd
2621,doghouse,8,6,dosbouse,6,,dɑːɡhaʊs,dɑːsbaʊs
2622,dogma,5,5,domga,5,,dɑːɡmə,dɑːmɡə
2623,doing,5,4,doict,5,,duːɪŋ,doʊɪkt
2624,doings,6,5,doicts,6,,duːɪŋz,doʊɪkts
2625,doll,4,3,dods,4,,dɑːl,dɑːdz
2626,dollar,6,5,dommar,5,,dɑːlɚ,dɑːmɚ
2627,dolphin,7,6,domfrin,7,,dɑːlfɪn,dɑːmfɹɪn
2628,domain,6,5,damail,5,,dəmeɪn,dæmeɪl
2629,dome,4,3,jofe,3,,doʊm,dʒoʊf
2630,domestic,8,8,dotesmic,8,,dəmɛstɪk,doʊtsmɪk
2631,domesticate,11,10,domistulate,11,,dəmɛstᵻkeɪt,dəmɪstʃʊleɪt
2632,domesticity,11,11,domestinaly,11,,dəmɪstɪsᵻɾi,dəmɪstiːnəli
2633,dominance,9,8,domorance,8,,dɑːmɪnəns,dɑːmɔːɹəns
2634,domination,10,9,dominutive,10,,dɑːmᵻneɪʃən,dɑːmɪnuːɾɪv
2635,domineer,8,7,domopeer,7,,dɑːmɪnɪɹ,dɑːmoʊpɪɹ
2636,dominion,8,8,dopinion,8,,dəmɪniən,dəpɪniən
2637,domino,6,6,domoni,6,,dɑːmɪnoʊ,dəmoʊni
2638,donate,6,5,danabe,5,,doʊneɪt,dæneɪb
2639,donation,8,7,donotoon,7,,doʊneɪʃən,dɑːnətuːn
2640,done,4,3,doke,3,,dʌn,doʊk
2641,donkey,6,5,dorkay,5,,dɔŋki,dɔːɹkeɪ
2642,donor,5,5,damot,5,,doʊnɚ,dæmɑːt
2643,doodle,6,4,deetle,5,,duːdəl,diːɾəl
2644,doom,4,3,doob,3,,duːm,duːb
2645,doomsday,8,6,doosenay,5,,duːmsdeɪ,duːsəneɪ
2646,door,4,3,doos,3,,dɔːɹ,duːz
2647,doorknob,8,6,deerknib,6,,dɔːɹnɑːb,dɪɹknɪb
2648,dope,4,3,dode,3,,doʊp,doʊd
2649,doppelganger,12,10,doppilhanger,10,,dɑːpəlɡæŋɚ,dɑːpɪlhæŋɚ
2650,dorm,4,4,dirm,4,,dɔːɹm,dɜːm
2651,dormant,7,7,dermint,7,,dɔːɹmənt,dɜːmɪnt
2652,dormitory,9,9,dormatily,9,,dɔːɹmɪtɔːɹi,dɔːɹməɾili
2653,dosage,6,5,domade,5,,doʊsɪdʒ,dəmeɪd
2654,dose,4,3,dois,3,,doʊs,dɔɪz
2655,dot,3,3,doit,3,,dɑːt,dɔɪt
2656,double,6,5,doobly,5,,dʌbəl,duːbli
2657,doubleheader,12,10,douberheador,9,,dʌbəlhɛdɚ,dʌbɚhɛdɔːɹ
2658,doubly,6,6,doibly,5,,dʌbli,dɔɪbli
2659,doubt,5,3,dould,4,,daʊt,dʊd
2660,douche,6,3,doolth,4,,duːʃ,duːlθ
2661,dough,5,2,daish,3,,doʊ,deɪɪʃ
2662,dove,4,3,dosh,3,,dʌv,dɑːʃ
2663,down,4,3,dord,4,,daʊn,dɔːɹd
2664,downbeat,8,6,darkbate,7,,daʊnbiːt,dɑːɹkbeɪt
2665,downcast,8,7,domecate,6,,daʊŋkæst,doʊmkeɪt
2666,downstage,9,7,domestame,7,,daʊnsteɪdʒ,dəmɛsteɪm
2667,downtown,8,6,dometogs,7,,daʊntaʊn,doʊmtɑːɡz
2668,downwind,8,7,dornmind,8,,daʊnwɪnd,dɔːɹnmaɪnd
2669,doze,4,3,doft,4,,doʊz,dɔft
2670,dozen,5,5,doyim,4,,dʌzən,dɔɪɪm
2671,draft,5,5,draze,4,,dɹæft,dɹeɪz
2672,draftee,7,6,drampee,6,,dɹæftiː,dɹæmpiː
2673,drag,4,4,drog,4,,dɹæɡ,dɹɑːɡ
2674,dragon,6,6,drayon,6,,dɹæɡən,dɹeɪɑːn
2675,drain,5,4,drate,4,,dɹeɪn,dɹeɪt
2676,drama,5,5,drumo,5,,dɹɑːmə,dɹuːmoʊ
2677,dramatic,8,8,dranatin,8,,dɹəmæɾɪk,dɹænɐtɪn
2678,dramatist,9,9,dramolist,9,,dɹæmətɪst,dɹæməlɪst
2679,dramatization,13,12,dramatanative,12,,dɹæmɐɾᵻzeɪʃən,dɹæmɐtænətɪv
2680,dramatize,9,8,dramolize,8,,dɹæmɐtaɪz,dɹæməlaɪz
2681,drank,5,5,drash,4,,dɹæŋk,dɹæʃ
2682,drape,5,4,droip,4,,dɹeɪp,dɹɔɪp
2683,drapes,6,5,dropes,5,,dɹeɪps,dɹoʊps
2684,drastic,7,7,drustib,7,,dɹæstɪk,dɹʌstɪb
2685,draw,4,3,drar,4,,dɹɔː,dɹɑːɹ
2686,drawer,6,4,drewen,6,,dɹɔːɹ,dɹuːən
2687,drawn,5,4,drace,4,,dɹɔːn,dɹeɪs
2688,drawstring,10,8,drowspring,8,,dɹɔːstɹɪŋ,dɹaʊspɹɪŋ
2689,dread,5,4,drath,4,,dɹɛd,dɹæθ
2690,dream,5,4,droom,4,,dɹiːm,dɹuːm
2691,dreamed,7,5,droimed,5,,dɹiːmd,dɹɔɪmd
2692,dreamer,7,6,droimer,6,,dɹiːmɚ,dɹɔɪmɚ
2693,dreaming,8,6,drooking,6,,dɹiːmɪŋ,dɹʊkɪŋ
2694,dreamt,6,5,dreaut,5,,dɹɛmpt,drjuːt
2695,dreary,6,5,dready,6,,dɹɪɹi,dɹɛdi
2696,drench,6,5,drinch,5,,dɹɛntʃ,dɹɪntʃ
2697,dress,5,4,driss,4,,dɹɛs,dɹɪs
2698,dresser,7,6,drosser,6,,dɹɛsɚ,dɹɔsɚ
2699,drew,4,3,drer,4,,dɹuː,dɹə
2700,dribble,7,6,dripple,6,,dɹɪbəl,dɹɪpəl
2701,drift,5,5,druft,5,,dɹɪft,dɹʌft
2702,drill,5,4,drell,4,,dɹɪl,dɹɛl
2703,drink,5,5,drine,4,,dɹɪŋk,dɹaɪn
2704,drip,4,4,drid,4,,dɹɪp,dɹɪd
2705,drive,5,4,drint,5,,dɹaɪv,dɹɪnt
2706,driven,6,6,druden,5,,dɹɪvən,dɹuːdən
2707,driver,6,6,druder,6,,dɹaɪvɚ,dɹuːdɚ
2708,driveway,8,6,druneway,6,,dɹaɪvweɪ,dɹuːnweɪ
2709,driving,7,6,droding,6,,dɹaɪvɪŋ,dɹoʊdɪŋ
2710,drizzle,7,6,driffle,6,,dɹɪzəl,dɹɪfəl
2711,drone,5,4,dronk,5,,dɹoʊn,dɹɔŋk
2712,drool,5,4,droil,4,,dɹuːl,dɹɔɪl
2713,droop,5,4,droon,4,,dɹuːp,dɹuːn
2714,drop,4,4,drof,4,,dɹɑːp,dɹɑːf
2715,dropkick,8,7,drapkink,8,,dɹɑːpkɪk,dɹæpkɪŋk
2716,drove,5,4,drost,5,,dɹoʊv,dɹɑːst
2717,drown,5,4,drold,5,,dɹaʊn,dɹoʊld
2718,drowsy,6,5,drewsy,5,,dɹaʊsi,dɹuːsi
2719,drug,4,4,droog,4,,dɹʌɡ,dɹuːɡ
2720,drum,4,4,droim,4,,dɹʌm,dɹɔɪm
2721,drumbeat,8,7,drambean,7,,dɹʌmbiːt,dɹæmbiːn
2722,drumstick,9,8,dramstock,8,,dɹʌmstɪk,dɹæmstɑːk
2723,drunk,5,5,drung,4,,dɹʌŋk,dɹʌŋ
2724,dry,3,3,dro,3,,dɹaɪ,dɹoʊ
2725,dryer,5,5,draen,5,,dɹaɪɚ,dɹiːn
2726,dual,4,5,duan,5,,duːəl,duːən
2727,duality,7,8,duaminy,7,,duːælᵻɾi,duːɐmɪni
2728,dub,3,3,doib,3,,dʌb,dɔɪb
2729,duchess,7,5,durtess,6,,dʌtʃɛs,dɜːɾɛs
2730,duck,4,3,diebs,5,,dʌk,diːbz
2731,dude,4,3,dure,4,,duːd,dʊɹ
2732,duet,4,5,dyen,4,,djuːɛt,daɪn
2733,dug,3,3,doodge,3,,dʌɡ,duːdʒ
2734,dugout,6,5,dogoul,5,,dʌɡaʊt,dɑːɡaʊl
2735,duke,4,4,dute,4,,duːk,duːt
2736,dull,4,3,dunt,4,,dʌl,dʌnt
2737,dumb,4,3,zumb,3,,dʌm,zʌm
2738,dumbbell,8,6,drumblee,7,,dʌmbɛl,dɹʌmbliː
2739,dumbfound,9,7,dambfouse,6,,dʌmfaʊnd,dæmbfaʊs
2740,dummy,5,4,dommy,4,,dʌmi,dɑːmi
2741,dump,4,4,duth,3,,dʌmp,dʌθ
2742,dumps,5,5,dumes,5,,dʌmps,duːmz
2743,dumpy,5,5,dompy,5,,dʌmpi,dɑːmpi
2744,dunebuggy,9,8,dunebiggo,8,,dʌnɪbʌɡi,dʌnɪbɪɡoʊ
2745,dung,4,3,doyng,3,,dʌŋ,dɔɪŋ
2746,dungeon,7,6,donglon,7,,dʌndʒən,dɑːŋɡlɑːn
2747,dunk,4,4,durs,4,,dʌŋk,djʊɹz
2748,duo,3,4,fuo,3,,duːoʊ,fjuːoʊ
2749,dupe,4,4,doip,3,,duːp,dɔɪp
2750,duplicate,9,9,duplocase,8,,duːplᵻkeɪt,duːpləkeɪs
2751,duplication,11,11,duplocitive,11,,duːplɪkeɪʃən,duːplɑːsᵻtɪv
2752,duplicator,10,11,duprecinor,11,,duːplᵻkeɪɾɚ,duːpɹɪsɪnɚ
2753,durability,10,11,durabalory,11,,dʊɹɹəbɪlᵻɾi,dʊɹɹɐbælɚɹi
2754,durable,7,8,dupagra,8,,dʊɹɹəbəl,duːpæɡɹə
2755,duration,8,8,durotoon,8,,dʊɹɹeɪʃən,dʊɹɹoʊtuːn
2756,during,6,6,dering,5,,dʊɹɹɪŋ,dɛɹɪŋ
2757,dusk,4,4,dulf,4,,dʌsk,dʌlf
2758,dust,4,4,dest,4,,dʌst,dɛst
2759,dutch,5,3,doitch,3,,dʌtʃ,dɔɪtʃ
2760,duty,4,5,davy,4,,duːɾi,deɪvi
2761,dwarf,5,5,dwarp,5,,dwɔːɹf,dwɔːɹp
2762,dwell,5,4,dwall,4,,dwɛl,dwɔːl
2763,dwelled,7,5,dwegged,5,,dwɛld,dwɛɡd
2764,dwindle,7,6,dwangle,7,,dwɪndəl,dwæŋɡəl
2765,dynamic,7,7,dynumid,8,,daɪnæmɪk,daɪnuːmɪd
2766,dynamite,8,7,dynomate,7,,daɪnɐmaɪt,daɪnəmeɪt
2767,dynamo,6,6,dycadi,6,,daɪnɐmoʊ,daɪkædi
2768,dynasty,7,7,dynispy,7,,daɪnɐsti,daɪnɪspi
2769,each,4,2,eaks,3,,iːtʃ,iːks
2770,eager,5,4,euber,5,,iːɡɚ,juːbɚ
2771,eagle,5,4,eutle,5,,iːɡəl,juːɾəl
2772,ear,3,2,eak,2,,ɪɹ,iːk
2773,earlier,7,6,eartior,6,,ɜːlɪɚ,ɪɹtjɚ
2774,earliest,8,7,eartiert,6,,ɜːlɪɪst,ɪɹɾɪɹt
2775,earlobe,7,5,easrope,5,,ɪɹloʊb,iːsɹoʊp
2776,early,5,4,einly,4,,ɜːli,aɪnli
2777,earmuffs,8,6,earmiffs,6,,ɪɹmʌfs,ɪɹmɪfs
2778,earn,4,3,zoong,3,,ɜːn,zuːŋ
2779,earnest,7,6,earmest,6,,ɜːnɪst,ɪɹmɪst
2780,earnings,8,6,earmints,7,,ɜːnɪŋz,ɪɹmɪnts
2781,earphone,8,5,earphane,5,,ɪɹfoʊn,ɪɹfeɪn
2782,earring,7,5,earrong,4,,ɪɹɪŋ,ɪɹɔŋ
2783,earth,5,3,eague,2,,ɜːθ,iːɡ
2784,earthen,7,5,eighten,4,,ɜːðən,eɪʔn̩
2785,earthquake,10,7,eavesdrake,7,,ɜːθkweɪk,iːvɪzdɹeɪk
2786,earthworm,9,7,eaveswork,7,,ɜːθwɜːm,iːvzwɜːk
2787,earthy,6,4,earchy,4,,ɜːθi,ɪɹtʃi
2788,ease,4,2,oise,2,,iːz,ɔɪs
2789,east,4,3,eash,2,,iːst,iːʃ
2790,Easter,6,5,Eistan,5,,iːstɚ,aɪstən
2791,eastern,7,6,eatherd,5,,iːstɚn,iːðɜːd
2792,easy,4,3,easo,3,,iːzi,iːsoʊ
2793,easygoing,9,7,easynoics,8,,iːzɪɡoʊɪŋ,iːzɪnoʊɪks
2794,eat,3,2,utt,2,,iːt,ʌt
2795,eaten,5,4,eatan,4,,iːʔn̩,iːtən
2796,eccentric,9,9,ecconpric,9,,ɛksɛntɹɪk,ɛkɑːnpɹɪk
2797,eccentricity,12,12,eccentracipy,11,,ɛksəntɹɪsᵻɾi,ɛksəntɹæsɪpi
2798,echo,4,3,ecto,4,,ɛkoʊ,ɛktoʊ
2799,eclipse,7,6,eclerce,6,,ɪklɪps,ɪklɜːs
2800,ecologist,9,9,ecalogize,8,,ɛkɑːlədʒɪst,ɛkɐlɑːdʒaɪz
2801,ecology,7,7,eciropy,7,,ɛkɑːlədʒi,ɛsɪɹəpi
2802,economic,8,8,ecanimid,8,,iːkənɑːmɪk,ɛkɐnɪmɪd
2803,economist,9,9,ecalonist,9,,ɪkɑːnəmɪst,ɛkælənɪst
2804,economize,9,8,ecenorics,9,,ɪkɑːnəmaɪz,ɛsənɔːɹɪks
2805,economy,7,7,ecarody,7,,ɪkɑːnəmi,ɛkɐɹədi
2806,ecstasy,7,7,ecstony,7,,ɛkstəsi,ɛkstəni
2807,edge,4,2,ench,3,,ɛdʒ,ɛntʃ
2808,edible,6,6,edople,6,,ɛdᵻbəl,ɛdɑːpəl
2809,edit,4,4,egin,4,,ɛdɪt,ɛdʒɪn
2810,edition,7,6,ecitoed,6,,ᵻdɪʃən,ɛsɪtoʊd
2811,editorial,9,9,editudial,9,,ɛdɪtɔːɹɪəl,ɛdɪtuːdɪəl
2812,educate,7,6,etudant,8,,ɛdʒuːkeɪt,ɛɾuːdənt
2813,education,9,8,edurative,9,,ɛdʒuːkeɪʃən,ɛdʒuːɹətɪv
2814,eel,3,2,eep,2,,iːl,iːp
2815,eerie,5,3,edrid,5,,ɪɹi,ɛdɹɪd
2816,effect,6,5,eppect,5,,ɪfɛkt,ɛpɛkt
2817,effective,9,7,effestave,7,,ɪfɛktɪv,ɛfɪsteɪv
2818,egg,3,2,aug,2,,ɛɡ,ɔːɡ
2819,eggplant,8,7,ergplint,8,,ɛɡplənt,ɜːɡplɪnt
2820,ego,3,3,egu,3,,iːɡoʊ,ɛɡuː
2821,egoistic,8,8,egaistal,8,,iːɡoʊɪstɪk,ɛɡeɪstəl
2822,egotism,7,8,enolasm,8,,ɛɡətɪzəm,ɪnɑːlæzəm
2823,egotistic,9,9,ebodistal,9,,ɛɡətɪstɪk,ɛbədɪstəl
2824,Egyptian,8,7,Egaplian,8,,ɪdʒɪpʃən,ɛɡæpliən
2825,eighteen,8,4,eartheen,5,,eɪtiːn,ɜːθiːn
2826,eighth,6,3,oighth,3,,eɪtθ,ɔɪt
2827,eighty,6,3,ealthy,4,,eɪɾi,iːlθi
2828,ejaculate,9,9,efacunate,9,,ɪdʒækjʊleɪt,ɛfɐkʌneɪt
2829,eject,5,5,ejict,5,,ɪdʒɛkt,ɪdʒɪkt
2830,elaborate,9,8,etabomate,8,,ᵻlæbɚɹeɪt,ɛɾɐbɑːmeɪt
2831,elapse,6,5,elarse,5,,ᵻlæps,ᵻlɑːɹs
2832,elastic,7,7,elostin,7,,ᵻlæstɪk,ᵻlɑːstɪn
2833,elate,5,4,elake,4,,ᵻleɪt,ᵻleɪk
2834,elbow,5,4,enbew,5,,ɛlboʊ,ɛnbjuː
2835,elder,5,5,elrer,5,,ɛldɚ,ɛlɹə
2836,elderly,7,7,eldormy,7,,ɛldɚli,ɛldɔːɹmi
2837,eldest,6,6,elpate,5,,ɛldɪst,ɛlpeɪt
2838,elect,5,5,emect,5,,ᵻlɛkt,ɪmɛkt
2839,election,8,7,emection,7,,ᵻlɛkʃən,ɪmɛkʃən
2840,electioneer,11,9,elartiveial,9,,ᵻlɛkʃənɪɹ,ᵻlɑːɹɾɪveɪəl
2841,elective,8,7,emectave,7,,ᵻlɛktɪv,ɪmɛkteɪv
2842,electric,8,8,emectric,8,,ᵻlɛktɹɪk,ɪmɛktɹɪk
2843,electrician,11,10,elartrocive,10,,ᵻlɛktɹɪʃən,ᵻlɑːɹtɹəsɪv
2844,electricity,11,11,electracopy,11,,ᵻlɛktɹɪsᵻɾi,ᵻlɛktɹɐkəpi
2845,electrify,9,9,elestroly,9,,ᵻlɛktɹᵻfaɪ,ᵻlɛstɹɑːli
2846,electrocute,11,11,elesdrocate,10,,ᵻlɛktɹəkjuːt,ᵻlɛzdɹəkeɪt
2847,electrode,9,8,emectrade,8,,ᵻlɛktɹoʊd,ɪmɛktɹeɪd
2848,electromagnet,13,13,electramogner,13,,ɪlɛktɹoʊmæɡnɪt,ᵻlɛktɹɐmɑːnɚ
2849,electron,8,8,emectrin,8,,ᵻlɛktɹɑːn,ɪmɛktɹɪn
2850,electronic,10,10,elestrinal,10,,ᵻlɛktɹɑːnɪk,ᵻlɛstɹɪnəl
2851,elegance,8,7,elopance,7,,ɛlɪɡəns,ᵻlɑːpəns
2852,element,7,7,elomint,7,,ɛlɪmənt,ᵻlɑːmɪnt
2853,elementary,10,10,elemilnady,10,,ɛlɪmɛntɚɹi,ɛlɪmɪlnædi
2854,elephant,8,7,elophint,7,,ɛlɪfənt,ᵻlɑːfɪnt
2855,elevate,7,6,elepate,6,,ɛlɪveɪt,ɛlɪpeɪt
2856,elevation,9,8,elemative,8,,ɛlɪveɪʃən,ɛlɪmətɪv
2857,elevator,8,8,elevinor,8,,ɛlɪveɪɾɚ,ᵻlɛvɪnɚ
2858,eleven,6,6,etaken,6,,ᵻlɛvən,ɛɾeɪkən
2859,elf,3,3,erb,3,,ɛlf,ɜːb
2860,eligibility,11,11,eligobalory,11,,ɛlɪdʒəbɪlᵻɾi,ᵻlɪɡəbælɚɹi
2861,eligible,8,8,eligobly,8,,ɛlɪdʒəbəl,ᵻlɪɡɑːbli
2862,eliminate,9,8,esimicate,8,,ᵻlɪmᵻneɪt,ɛsɪmᵻkeɪt
2863,elite,5,4,elote,4,,ɪliːt,ᵻloʊt
2864,elk,3,3,zelk,4,,ɛlk,zɛlk
2865,ellipse,7,5,erripse,5,,ɪlɪps,ɛɹɪps
2866,elongate,8,7,elungaze,7,,iːlɑːŋɡeɪt,ᵻlʌŋɡeɪz
2867,elope,5,4,elome,4,,ᵻloʊp,ᵻloʊm
2868,eloquent,8,8,eliquint,8,,ɛləkwənt,ᵻlɪkwɪnt
2869,else,4,3,elsh,3,,ɛls,ɛlʃ
2870,elusive,7,6,ecudize,6,,ᵻluːsɪv,ɛkjuːdaɪz
2871,emancipate,10,9,emercudate,10,,ɪmænsᵻpeɪt,ɪmɜːkjuːdeɪt
2872,emancipation,12,11,emancupotive,12,,ɪmænsɪpeɪʃən,ɪmæŋkjuːpɑːɾɪv
2873,embankment,10,10,embunkmint,10,,ɛmbæŋkmənt,ɛmbʌŋkmɪnt
2874,embargo,7,7,emburmo,7,,ɛmbɑːɹɡoʊ,ɛmbɜːmoʊ
2875,embark,6,6,edbork,6,,ɛmbɑːɹk,ɛdbɔːɹk
2876,embarrass,9,7,embaffass,7,,ɛmbæɹəs,ɛmbæfæs
2877,embassy,7,6,embindy,7,,ɛmbəsi,ɛmbaɪndi
2878,embellish,9,7,embeggish,7,,ɛmbɛlɪʃ,ɛmbɛɡɪʃ
2879,embezzle,8,7,emmeggle,6,,ɛmbɛzəl,ɛmɛɡəl
2880,emblem,6,6,edblum,6,,ɛmbləm,ɛdbləm
2881,embody,6,6,emromy,6,,ɛmbɑːdi,ɛmɹɑːmi
2882,embroider,9,8,emdroiner,8,,ɛmbɹɔɪdɚ,ɛmdɹɔɪnɚ
2883,embryo,6,6,emfryu,6,,ɛmbɹɪoʊ,ɛmfɹɪuː
2884,emerald,7,7,emoraid,6,,ɛmɚɹəld,ɪmɔːɹeɪd
2885,emerge,6,5,emarge,5,,ɪmɜːdʒ,ɪmɑːɹdʒ
2886,emergency,9,9,edergarty,9,,ɪmɜːdʒənsi,ɛdɚɡɑːɹɾi
2887,emerging,8,7,emargang,7,,ɪmɜːdʒɪŋ,ɪmɑːɹɡæŋ
2888,emigrate,8,7,emograle,7,,ɛmɪɡɹeɪt,ɪmɑːɡɹeɪl
2889,emigration,10,9,emidrative,9,,ɛmɪɡɹeɪʃən,ɛmɪdɹətɪv
2890,eminence,8,7,emodence,7,,ɛmɪnəns,ɪmoʊdəns
2891,emit,4,4,emut,4,,ɪmɪt,ɛmʌt
2892,emotion,7,6,ematoon,6,,ɪmoʊʃən,ɪmɐtuːn
2893,emperor,7,7,emferor,7,,ɛmpɚɹɚ,ɛmfɜːɹɚ
2894,emphasis,8,7,emphomis,7,,ɛmfəsɪs,ɛmfɑːmɪs
2895,empire,6,6,enfure,6,,ɛmpaɪɚ,ɛnfjʊɹ
2896,employ,6,5,enplot,6,,ɛmplɔɪ,ɛnplɑːt
2897,employee,8,6,empreyia,7,,ɛmplɔɪiː,ɛmpɹaɪiə
2898,employer,8,7,emprixia,9,,ɛmplɔɪɚ,ɛmpɹɪksiə
2899,employment,10,9,emfloymint,9,,ɛmplɔɪmənt,ɛmflɔɪmɪnt
2900,empty,5,5,elfry,5,,ɛmpti,ɛlfɹi
2901,emu,3,4,ebu,3,,iːmjuː,ɛbuː
2902,enable,6,6,enabro,6,,ɛneɪbəl,ɛnæbɹoʊ
2903,enamel,6,6,enomen,6,,ɪnæməl,ɪnoʊmɛn
2904,enchilada,9,8,enchodala,8,,ɛntʃɪlɑːdə,ɛntʃədɑːlə
2905,encircle,8,8,encimtle,8,,ɛnsɜːkəl,ɛnsɪmtəl
2906,enclose,7,6,emgrote,6,,ɛŋkloʊz,ɛmɡɹoʊt
2907,encompass,9,8,encampess,8,,ɛŋkʌmpəs,ɛŋkæmpɛs
2908,encore,6,5,emcure,6,,ɑːŋkɔːɹ,ɛmkjʊɹ
2909,encounter,9,8,encourten,8,,ɛŋkaʊntɚ,ɛŋkɜːʔn̩
2910,encourage,9,7,encoatade,7,,ɛŋkɜːɹɪdʒ,ɛŋkoʊɾeɪd
2911,encyclopedia,12,12,encyclopadio,12,,ɛnsaɪkloʊpiːdiə,ɛnsaɪkləpeɪdɪoʊ
2912,end,3,3,elt,3,,ɛnd,ɛlt
2913,endanger,8,8,endingel,8,,ɛndeɪndʒɚ,ɛndɪndʒəl
2914,endeavor,8,7,enbeaver,7,,ɛndɛvɚ,ɛnbiːvɚ
2915,endless,7,6,elftess,6,,ɛndləs,ɛlftɛs
2916,endmost,7,7,elfmist,7,,ɛndmoʊst,ɛlfmɪst
2917,endorse,7,6,emdolce,6,,ɛndɔːɹs,ɛmdɑːls
2918,enemy,5,5,enony,5,,ɛnəmi,ɪnɑːni
2919,energetic,9,9,enerbetim,9,,ɛnɚdʒɛɾɪk,ɛnɚbɛɾɪm
2920,energize,8,7,enorgaze,7,,ɛnɚdʒaɪz,ɪnɔːɹɡeɪz
2921,engine,6,5,emgane,5,,ɛndʒɪn,ɛmɡeɪn
2922,engineer,8,7,engoreen,7,,ɛndʒɪnɪɹ,ɛŋɡɔːɹiːn
2923,English,7,6,erttish,5,,ɪŋɡlɪʃ,ɜːɾɪʃ
2924,engross,7,6,emgloss,6,,ɛŋɡɹoʊs,ɛmɡlɔs
2925,enhance,7,6,emhence,6,,ɛnhæns,ɛmhɛns
2926,enigma,6,6,enagmo,6,,ɛnɪɡmə,ɛnæɡmoʊ
2927,enjoy,5,4,emjay,4,,ɛndʒɔɪ,ɛmdʒeɪ
2928,enrage,6,5,emrabe,5,,ɛnɹeɪdʒ,ɛmɹeɪb
2929,ensemble,8,8,enbemsle,8,,ɑːnsɑːmbəl,ɛnbɛmsəl
2930,ensign,6,5,emsait,5,,ɛnsaɪn,ɛmseɪt
2931,enslave,7,6,emslive,6,,ɛnsleɪv,ɛmslɪv
2932,ensuing,7,6,enbuing,7,,ɛnsuːɪŋ,ɛnbjuːɪŋ
2933,ensure,6,5,emsore,5,,ɛnʃʊɹ,ɛmsɔːɹ
2934,enter,5,5,emtor,5,,ɛntɚ,ɛmtɔːɹ
2935,enterprise,10,9,enpertrise,8,,ɛntɚpɹaɪz,ɛnpɜːtɹaɪz
2936,entertain,9,8,enpermain,7,,ɛntɚteɪn,ɛnpɜːmeɪn
2937,enthusiasm,10,11,enthoriasm,10,,ɛnθuːziæzəm,ɛnθɔːɹɪæzəm
2938,entity,6,6,enbiny,6,,ɛntᵻɾi,ɛnbɪni
2939,entrance,8,7,emtrince,7,,ɛntɹəns,ɛmtɹɪns
2940,entrap,6,6,emtrop,6,,ɛntɹæp,ɛmtɹɑːp
2941,entree,6,5,empree,5,,ɑːntɹeɪ,ɛmpɹiː
2942,entrepreneur,12,11,enterprucial,11,,ɑːntɹɪpɹənʊɹ,ɛntɚpɹuːʃəl
2943,entrust,7,7,emprust,7,,ɛntɹʌst,ɛmpɹʌst
2944,entry,5,5,empro,5,,ɛntɹi,ɛmpɹoʊ
2945,enunciate,9,8,enerdiase,8,,ɪnʌnsɪeɪt,ɛnɚdɪeɪs
2946,envelop,7,7,enmelon,7,,ɛnvɛləp,ɛnmɛlən
2947,envelope,8,7,enmelape,7,,ɑːnvəloʊp,ɛnmɪleɪp
2948,envious,7,6,enpioos,6,,ɛnviəs,ɛnpɪuːz
2949,environment,11,11,enbirustent,11,,ɛnvaɪɹənmənt,ɛnbɜːɹʌstənt
2950,envy,4,4,edny,4,,ɛnvi,ɛdni
2951,enzyme,6,5,edzyne,5,,ɛnzaɪm,ɛdzaɪn
2952,epic,4,4,edip,4,,ɛpɪk,ɛdɪp
2953,epidemic,8,8,epitemid,8,,ɛpɪdɛmɪk,ɛpɪtɛmɪd
2954,epilepsy,8,8,epilindy,8,,ɛpɪlɛpsi,ɛpɪlɪndi
2955,epileptic,9,9,epilistor,9,,ɛpɪlɛptɪk,ɛpɪlɪstɚ
2956,epilogue,8,6,epilives,7,,ɛpɪlɑːɡ,ɛpɪlɪvz
2957,episode,7,6,episade,6,,ɛpɪsoʊd,ɛpɪseɪd
2958,epitome,7,7,emitomo,7,,ᵻpɪɾəmi,ɪmɪtoʊmoʊ
2959,equal,5,5,edual,6,,iːkwəl,ɛdʒuːəl
2960,equality,8,8,equaniry,8,,iːkwɔlᵻɾi,iːkwɐnaɪɚɹi
2961,equalization,12,11,equalomarion,12,,iːkwəlᵻzeɪʃən,iːkwɔləmæɹiən
2962,equalize,8,7,equilaze,7,,iːkwəlaɪz,iːkwɪleɪz
2963,equalizer,9,9,equilazen,9,,iːkwəlaɪzɚ,iːkwɪleɪzən
2964,equally,7,6,equarry,6,,iːkwəli,iːkwɔːɹi
2965,equate,6,5,equite,5,,ɪkweɪt,ɛkwaɪt
2966,equation,8,7,eguative,7,,ᵻkweɪʒən,ɛɡjuːətɪv
2967,equator,7,7,eguaton,7,,ɪkweɪɾɚ,ɛɡjuːætən
2968,equip,5,5,equif,5,,ɪkwɪp,ɛkwɪf
2969,equipment,9,9,equilrent,9,,ɪkwɪpmənt,iːkwɪlɹɛnt
2970,equitable,9,9,equinably,9,,ɛkwɪɾəbəl,ɛkwaɪnəbli
2971,equity,6,6,eqoiry,6,,ɛkwᵻɾi,ɛkwɑːɹɹi
2972,equivalent,10,10,equanalist,10,,ɪkwɪvələnt,iːkwɐnəlɪst
2973,era,3,3,ero,3,,iəɹə,ɪɹoʊ
2974,erase,5,4,erise,4,,ᵻɹeɪs,ɛɹaɪz
2975,eraser,6,6,eroger,6,,ᵻɹeɪsɚ,ɪɹɑːdʒɚ
2976,erect,5,5,erest,5,,ɪɹɛkt,ɪɹɛst
2977,erode,5,4,eride,4,,ɪɹoʊd,ɛɹaɪd
2978,erotic,6,6,enotin,6,,ɪɹɑːɾɪk,ɪnɑːtɪn
2979,errand,6,5,elland,5,,ɛɹənd,ɛlənd
2980,erratic,7,6,errotin,6,,ɛɹæɾɪk,ɛɹətɪn
2981,erroneous,9,7,erripeous,7,,ɛɹoʊniəs,ɛɹaɪpiəs
2982,error,5,4,ellor,4,,ɛɹɚ,ɛlɚ
2983,erupt,5,5,eript,5,,ɪɹʌpt,ɛɹɪpt
2984,escalator,9,9,escilotar,8,,ɛskɐleɪɾɚ,ɛsɪlɑːɾɚ
2985,escapade,8,7,escopale,7,,ɛskɐpeɪd,ɛskəpeɪl
2986,escape,6,5,ertape,5,,ɛskeɪp,ɜːɾeɪp
2987,escapee,7,6,escopee,6,,ɛskæpiː,ɛskoʊpiː
2988,escort,6,6,edsort,6,,ɛskɔːɹt,ɛdsɔːɹt
2989,Eskimo,6,6,Eskomi,6,,ɛskɪmoʊ,ɛskoʊmi
2990,esophagus,9,7,oesignamos,9,,ɪsɑːfəɡəs,iːsɪɡnəmoʊz
2991,espresso,8,7,esprissa,7,,ɛspɹɛsoʊ,ɛspɹɪsə
2992,esprit,6,5,eprint,6,,ɛspɹɪt,ɛpɹɪnt
2993,essay,5,3,edday,3,,ɛseɪ,ɛdeɪ
2994,essence,7,5,effence,5,,ɛsəns,ɛfɛns
2995,essential,9,7,essuntian,8,,ᵻsɛnʃəl,ɛsʌnʃən
2996,establish,9,8,estiblush,8,,ɪstæblɪʃ,ɛstɪblʌʃ
2997,estate,6,5,eplate,5,,ᵻsteɪt,ɛpleɪt
2998,esteem,6,5,epleem,5,,ɛstiːm,ɛpliːm
2999,estimate,8,7,esmitate,7,,ɛstᵻmət,ɛsmᵻteɪt
3000,estimation,10,9,esmidative,9,,ɛstᵻmeɪʃən,ɛsmɪdətɪv
3001,etch,4,2,ertz,4,,ɛtʃ,ɜːts
3002,eternal,7,7,enertal,7,,ɪtɜːnəl,ɛnɚɾəl
3003,eternity,8,8,etrinady,8,,ɪtɜːnᵻɾi,ɪtɹɪnædi
3004,ethic,5,4,elfib,5,,ɛθɪk,ɛlfɪb
3005,ethical,7,6,ethomal,6,,ɛθɪkəl,iːθɑːməl
3006,Ethiopian,9,8,ethioriat,8,,iːθɪoʊpiən,iːθɪɹɪæt
3007,ethnic,6,5,elfmic,6,,ɛθnɪk,ɛlfmɪk
3008,ethyl,5,4,encal,5,,ɛθəl,ɛŋkæl
3009,eulogy,6,6,eugoly,6,,juːlədʒi,juːɡɑːli
3010,euphemism,9,9,euplemize,8,,juːfəmɪzəm,juːplɪmaɪz
3011,euphoria,8,7,euphumia,7,,juːfɔːɹiə,juːfjuːmiə
3012,European,8,8,Euporean,7,,jʊɹɹəpiən,juːpɔːɹiən
3013,evacuate,8,9,evicuade,8,,ɪvækjuːeɪt,ɛvɪkjuːeɪd
3014,evade,5,4,evode,4,,ɪveɪd,ɪvoʊd
3015,evaluate,8,9,emaluant,9,,ɪvæljuːeɪt,ɪmæluːənt
3016,evangelical,11,11,evangolaral,11,,iːvɐndʒɛlɪkəl,ɪvɐndʒoʊlæɹəl
3017,evangelism,10,11,evingorism,11,,ɪvændʒɪlɪzəm,ɛvɪŋɡɚɹɪzəm
3018,evangelist,10,10,evolgamist,10,,ɪvændʒɪlɪst,ɪvɑːlɡɐmɪst
3019,evaporate,9,8,evacomate,8,,ɪvæpɚɹeɪt,ɪvækəmeɪt
3020,evasion,7,6,evolion,7,,ɪveɪʒən,ɪvoʊliən
3021,eve,3,2,jeve,3,,iːv,dʒiːv
3022,even,4,4,egen,4,,iːvən,ɛdʒən
3023,evening,7,5,eyeping,4,,iːvnɪŋ,aɪpɪŋ
3024,event,5,5,evint,5,,ᵻvɛnt,ɛvɪnt
3025,eventual,8,8,evintoal,8,,ᵻvɛntʃuːəl,ɛvɪntoʊl
3026,eventually,10,9,evinpuanny,9,,ᵻvɛntʃuːəli,ɛvɪnpjuːæni
3027,everlasting,11,10,everlistics,11,,ɛvɚlæstɪŋ,ɛvɚlɪstɪks
3028,every,5,4,elery,5,,ɛvɹi,ɛlɚɹi
3029,everybody,9,8,evemycody,8,,ɛvɹɪbɑːdi,iːvmɪkədi
3030,everyday,8,6,evelymay,6,,ɛvɹɪdeɪ,iːvlɪmeɪ
3031,evict,5,5,evart,5,,ᵻvɪkt,ɪvɑːɹt
3032,evidence,8,7,evodance,7,,ɛvɪdəns,ɪvɑːdəns
3033,evident,7,7,evobent,7,,ɛvɪdənt,ɪvoʊbənt
3034,evil,4,4,evaul,4,,iːvəl,ɪvɔːl
3035,evoke,5,4,evale,4,,ɪvoʊk,ɪveɪl
3036,evolution,9,8,evolative,8,,ɛvəluːʃən,ɪvɑːlətɪv
3037,ewe,3,2,zew,3,,juː,zjuː
3038,exact,5,6,emace,4,,ɛɡzækt,iːmeɪs
3039,exaggerate,10,9,exanberaze,10,,ɛɡzædʒɚɹeɪt,ɛɡzænbɚɹeɪz
3040,exalt,5,6,emaid,4,,ɛɡzɑːlt,ɪmeɪd
3041,exaltation,10,10,exetlative,10,,ɛɡzɐlteɪʃən,ɛɡzɛtlətɪv
3042,exam,4,5,eman,4,,ɛɡzæm,ɪmæn
3043,examine,7,7,eximane,7,,ɛɡzæmɪn,ɛɡzɪmeɪn
3044,example,7,8,exastle,8,,ɛɡzæmpəl,ɛɡzæsəl
3045,exasperate,10,10,exanporase,10,,ɛɡzæspɚɹeɪt,ɛɡzænpɔːɹeɪz
3046,excavate,8,8,excovale,8,,ɛkskəveɪt,ɛkskuːveɪl
3047,excavation,10,10,excubative,10,,ɛkskəveɪʃən,ɛkskjuːbətɪv
3048,exceed,6,5,esmeed,5,,ɛksiːd,ɛsmiːd
3049,excel,5,5,elfal,5,,ɛksɛl,ɛlfəl
3050,excellence,10,8,exceffence,8,,ɛksələns,ɛksɛfɛns
3051,exception,9,8,excoptive,9,,ɛksɛpʃən,ɛkskɑːptɪv
3052,excerpt,7,7,elcurps,7,,ɛksɜːpt,ɛlkɜːps
3053,excess,6,5,elciss,5,,ɛksɛs,ɛlsɪs
3054,excessive,9,7,excerrive,7,,ɛksɛsɪv,ɛksɛɹɪv
3055,exchange,8,7,elcharge,6,,ɛkstʃeɪndʒ,ɛltʃɑːɹdʒ
3056,excite,6,5,elcibe,5,,ɛksaɪt,ɛlsaɪb
3057,excitement,10,9,excatemint,10,,ɛksaɪtmənt,ɛkskæɾɪmɪnt
3058,exclaim,7,7,elclait,6,,ɛkskleɪm,ɛlkleɪt
3059,exclamation,11,11,excomdative,11,,ɛksklɐmeɪʃən,ɛkskɑːmdətɪv
3060,exclamatory,11,12,exclamoloty,12,,ɛksklæmətɔːɹi,ɛksklæməlɑːɾi
3061,exclude,7,7,elcrude,6,,ɛkskluːd,ɛlkɹuːd
3062,exclusive,9,9,exclosave,9,,ɛkskluːsɪv,ɛksklɑːseɪv
3063,excommunicate,13,13,excomminocale,12,,ɛkskəmjuːnᵻkeɪt,ɛkskɑːmɪnɑːkeɪl
3064,excrete,7,7,elcrate,6,,ɛkskɹiːt,ɛlkɹeɪt
3065,excruciating,12,12,excrucoaling,12,,ɛkskɹuːʃɪeɪɾɪŋ,ɛkskɹuːkoʊlɪŋ
3066,excuse,6,7,elcase,5,,ɛkskjuːs,ɛlkeɪs
3067,execute,7,8,exocate,7,,ɛksᵻkjuːt,ɛɡzɑːkeɪt
3068,execution,9,10,execative,9,,ɛksɪkjuːʃən,ɛɡzɛkətɪv
3069,executive,9,10,exetulive,9,,ɛɡzɛkjuːtɪv,ɛɡzɛtʃəlɪv
3070,executor,8,10,exetunor,10,,ɛɡzɛkjuːɾɚ,ɛɡzɛtuːnɚ
3071,exempt,6,7,emente,5,,ɛɡzɛmpt,ɪmɛnt
3072,exercise,8,8,exorcase,8,,ɛksɚsaɪz,ɛksɚkeɪs
3073,exert,5,6,emept,5,,ɛɡzɜːt,ɪmɛpt
3074,exhalation,10,10,expalotive,10,,ɛkshɐleɪʃən,ɛkspælətɪv
3075,exhale,6,6,elhave,5,,ɛksheɪl,ɛlheɪv
3076,exhaust,7,6,elhawks,6,,ɛɡzɔːst,ɛlhɔːks
3077,exhaustion,10,8,exhaispion,10,,ɛɡzɔːstʃən,ɛɡzeɪspiən
3078,exhibit,7,7,exhobin,7,,ɛɡzɪbɪt,ɛɡzɑːbɪn
3079,exhibition,10,9,expihitive,10,,ɛksɪbɪʃən,ɛkspɪhᵻtɪv
3080,exhibitionism,13,13,exhiborionasm,14,,ɛksɪbɪʃənɪzəm,ɛɡzɪbɔːɹɪɑːnæzəm
3081,exhibitor,9,9,exhisinor,9,,ɛɡzɪbɪɾɚ,ɛɡzɪsɪnɚ
3082,exhilarate,10,9,exfilamate,10,,ɛɡzɪlæɹət,ɛksfɪlɐmeɪt
3083,exile,5,5,exoid,5,,ɛɡzaɪl,ɛɡzɔɪd
3084,exist,5,6,elins,5,,ɛɡzɪst,ᵻlɪnz
3085,existence,9,9,exosterce,9,,ɛɡzɪstəns,ɛksoʊstɜːs
3086,exit,4,5,enid,4,,ɛɡzɪt,iːnɪd
3087,exotic,6,7,exorid,7,,ɛɡzɑːɾɪk,ɛɡzɔːɹɪd
3088,expand,6,7,elrand,6,,ɛkspænd,ɛlɹænd
3089,expect,6,7,elpert,6,,ɛkspɛkt,ɛlpɚt
3090,expectation,11,11,expostutive,12,,ɛkspɪkteɪʃən,ɛkspɔstuːtɪv
3091,expedite,8,8,expodate,8,,ɛkspədaɪt,ɛkspɑːdeɪt
3092,expedition,10,10,expanitive,10,,ɛkspədɪʃən,ɛkspænᵻtɪv
3093,expel,5,6,esdel,5,,ɛkspɛl,ɛzdəl
3094,experience,10,10,expotierce,9,,ɛkspiəɹɪəns,ɛkspoʊɾɪɹs
3095,experiment,10,11,exmeridant,11,,ɛkspɛɹɪmənt,ɛksmɛɹɪdənt
3096,expert,6,7,elpegs,6,,ɛkspɜːt,ɛlpɛɡz
3097,expertise,9,9,exportase,9,,ɛkspɚtiːz,ɛkspɔːɹɾeɪs
3098,expiration,10,10,exticative,10,,ɛkspɚɹeɪʃən,ɛkstɪkətɪv
3099,expire,6,7,elpick,5,,ɛkspaɪɚ,ɛlpɪk
3100,explain,7,7,elprain,6,,ɛkspleɪn,ɛlpɹeɪn
3101,explanation,11,11,explirative,11,,ɛksplɐneɪʃən,ɛksplɜːɹətɪv
3102,explanatory,11,12,explanomory,12,,ɛksplænətɔːɹi,ɛksplænəmɚɹi
3103,explicit,8,9,explucin,9,,ɛksplɪsɪt,ɛkspluːsɪn
3104,explode,7,7,elplade,6,,ɛksploʊd,ɛlpleɪd
3105,exploit,7,7,elplait,6,,ɛksplɔɪt,ɛlpleɪt
3106,exploitation,12,11,explantotive,12,,ɛksplɔɪteɪʃən,ɛksplæntətɪv
3107,exploration,11,11,explezalive,11,,ɛksplɔːɹeɪʃən,ɛksplɛzəlɪv
3108,explore,7,7,elplare,6,,ɛksplɔːɹ,ɛlplɛɹ
3109,explorer,8,9,expleren,9,,ɛksplɔːɹɚ,ɛksplɜːɹən
3110,explosion,9,9,explurion,10,,ɛksploʊʒən,ɛksplʊɹɹiən
3111,exponent,8,9,expunint,9,,ɛkspoʊnənt,ɛkspjuːnɪnt
3112,exponential,11,11,extonindial,12,,ɛkspənɛnʃəl,ɛkstənɪndɪəl
3113,export,6,7,elpart,6,,ɛkspɔːɹt,ɛlpɑːɹt
3114,exportation,11,11,expoltutive,11,,ɛkspɔːɹteɪʃən,ɛkspoʊltuːtɪv
3115,exporter,8,9,exmorter,9,,ɛkspɔːɹɾɚ,ɛksmɔːɹɾɚ
3116,expose,6,6,elpore,5,,ɛkspoʊz,ɛlpɔːɹ
3117,exposition,10,10,expaditive,10,,ɛkspəzɪʃən,ɛkspædᵻtɪv
3118,exposure,8,8,exsopure,7,,ɛkspoʊʒɚ,ɛkssɑːpjʊɹ
3119,express,7,7,elprass,6,,ɛkspɹɛs,ɛlpɹæs
3120,expression,10,9,exprellion,10,,ɛkspɹɛʃən,ɛkspɹɛliən
3121,expressway,10,9,exprissmay,9,,ɛkspɹɛsweɪ,ɛkspɹɪsmeɪ
3122,expulsion,9,9,exmulrion,10,,ɛkspʌlʃən,ɛksmʌlɹiən
3123,exquisite,9,9,exqoisate,8,,ɛkskwɪsɪt,ɛkskɔɪseɪt
3124,extend,6,7,eltind,6,,ɛkstɛnd,ɛltɪnd
3125,extent,6,7,eltint,6,,ɛkstɛnt,ɛltɪnt
3126,extenuate,9,11,expenuant,11,,ɛkstɛnjuːeɪt,ɛkspɛnuːənt
3127,exterior,8,9,extolier,8,,ɛkstɪɹiɚ,ɛkstoʊliɚ
3128,exterminate,11,11,extelmadate,11,,ɛkstɜːmᵻneɪt,ɛkstɛlmɐdeɪt
3129,external,8,8,extormal,9,,ɛkstɜːnəl,ɛkstɔːɹməl
3130,extinct,7,8,eltique,5,,ɛkstɪŋkt,ɛltiːk
3131,extinction,10,10,extunctive,10,,ɛkstɪŋkʃən,ɛkstʌŋktɪv
3132,extinguish,10,10,extongaise,9,,ɛkstɪŋɡwɪʃ,ɛkstəŋɡeɪz
3133,extra,5,6,espla,5,,ɛkstɹə,ɛsplə
3134,extract,7,8,eltrict,7,,ɛkstɹækt,ɛltɹɪkt
3135,extracurricular,15,16,extracorrinomar,15,,ɛkstɹəkɚɹɪkjʊlɚ,ɛkstɹəkɔɹɪnɑːmɚ
3136,extradite,9,9,extrodate,9,,ɛkstɹədaɪt,ɛkstɹədeɪt
3137,extraordinarily,15,14,extraordomarony,16,,ɛkstɹɔːɹdɪnɛɹᵻli,ɛkstɹɔːɹdəmæɹəni
3138,extraordinary,13,13,extraorfimary,14,,ɛkstɹɔːɹdɪnɛɹi,ɛkstɹɔːɹfɪmɛɹi
3139,extrasensory,12,13,extrasinlopy,13,,ɛkstɹəzɛnsɚɹi,ɛkstɹəsɪnləpi
3140,extravagant,11,12,expregadant,12,,ɛkstɹævəɡənt,ɛkspɹɛɡædənt
3141,extravaganza,12,13,extravoginma,13,,ɛkstɹævəɡænzə,ɛkstɹəvɑːdʒɪnmə
3142,extreme,7,7,eltrame,6,,ɛkstɹiːm,ɛltɹeɪm
3143,extricate,9,9,extrocale,9,,ɛkstɹᵻkeɪt,ɛkstɹəkeɪl
3144,exuberant,9,10,exugerast,10,,ɛɡzjuːbɚɹənt,ɛɡzjuːdʒɚɹæst
3145,eye,3,1,ine,2,,aɪ,ɪniː
3146,eyestrain,9,6,euestrave,7,,aɪstɹeɪn,juːɪstɹeɪv
3147,fable,5,5,fomle,5,,feɪbəl,fɑːməl
3148,fabric,6,6,farbic,6,,fæbɹɪk,fɑːɹbɪk
3149,fabrication,11,10,fabrolative,10,,fæbɹɪkeɪʃən,fæbɹələtɪv
3150,fabulous,8,8,fabolace,7,,fæbjʊləs,fæbəleɪs
3151,face,4,3,foose,3,,feɪs,fuːs
3152,facedown,8,6,fanedorm,7,,feɪsdaʊn,feɪndɔːɹm
3153,facial,6,5,fodial,6,,feɪʃəl,foʊdɪəl
3154,facing,6,5,faming,5,,feɪsɪŋ,feɪmɪŋ
3155,fact,4,4,farf,4,,fækt,fɑːɹf
3156,factor,6,6,fartom,6,,fæktɚ,fɑːɹɾəm
3157,factual,7,7,factias,7,,fæktʃuːəl,fækʃəz
3158,faculty,7,7,facilmy,7,,fækəlti,fæsɪlmi
3159,fade,4,3,fide,3,,feɪd,faɪd
3160,fag,3,3,fidge,3,,fæɡ,fɪdʒ
3161,faggot,6,5,fallot,5,,fæɡət,fɔːlɑːt
3162,Fahrenheit,10,8,Fahronhait,8,,fæɹənhaɪt,fɑːɹənheɪt
3163,fail,4,3,faidge,3,,feɪl,feɪdʒ
3164,failure,7,6,fainurd,6,,feɪlɪɹ,feɪnɜːd
3165,faint,5,4,falve,4,,feɪnt,fælv
3166,fair,4,3,falm,4,,fɛɹ,fælm
3167,fairy,5,4,faidy,4,,fɛɹi,feɪdi
3168,faith,5,3,feich,3,,feɪθ,faɪk
3169,fake,4,3,fike,3,,feɪk,faɪk
3170,falcon,6,6,faslon,6,,fælkən,fæslɑːn
3171,fall,4,3,zall,3,,fɔːl,zɔːl
3172,fallacy,7,6,falloty,6,,fæləsi,fɔːlɑːɾi
3173,fallen,6,5,fillen,5,,fɔːlən,fɪlən
3174,fallible,8,7,fallople,7,,fæləbəl,fɔːlɑːpəl
3175,fallout,7,5,filloat,5,,fɔːlaʊt,fɪloʊt
3176,false,5,4,faish,3,,fɔls,feɪɪʃ
3177,falsehood,9,7,faithlood,6,,fɔlshʊd,feɪθluːd
3178,falsification,13,12,falsiforalion,13,,fɔlsɪfɪkeɪʃən,fɔlsɪfɔːɹæliən
3179,falsify,7,7,falsopy,7,,fɔlsᵻfaɪ,fɔːlsoʊpi
3180,falsity,7,7,falsory,7,,fɔlsᵻɾi,fɔːlsoʊɹi
3181,fame,4,3,flum,4,,feɪm,flʌm
3182,famed,5,4,foomed,4,,feɪmd,fuːmd
3183,familiar,8,8,famalian,8,,fəmɪlɪɹ,fæmeɪliən
3184,familiarity,11,11,familoanury,11,,fəmɪliæɹᵻɾi,fæmɪloʊnjʊɹi
3185,familiarize,11,10,famaleerive,9,,fəmɪlɪɹaɪz,fæmɐlɪɹɪv
3186,family,6,6,famory,6,,fæmɪli,fæmɚɹi
3187,famine,6,5,fomise,5,,fæmɪn,fɑːmaɪz
3188,famish,6,5,fimise,5,,fæmɪʃ,fɪmaɪz
3189,famous,6,5,folous,5,,feɪməs,fɑːləs
3190,fan,3,3,foosh,3,,fæn,fuːʃ
3191,fanatic,7,7,fanitid,7,,fɐnæɾɪk,fænɪtɪd
3192,fancier,7,7,fanpier,6,,fænsiɚ,fænpiɚ
3193,fancy,5,5,findy,5,,fænsi,faɪndi
3194,fanfare,7,6,farfane,6,,fænfɛɹ,fɑːɹfeɪn
3195,fang,4,3,fing,3,,fæŋ,fɪŋ
3196,fantastic,9,9,fantistac,9,,fæntæstɪk,fæntɪstæk
3197,fantasy,7,7,fantory,7,,fæntəsi,fæntɚɹi
3198,far,3,3,fak,3,,fɑːɹ,fæk
3199,farewell,8,6,fantwert,8,,fɛɹwɛl,fæntwɚt
3200,farfetched,10,6,furfitched,6,,fɑːɹfɛtʃt,fɜːfɪtʃt
3201,farm,4,4,fage,3,,fɑːɹm,feɪdʒ
3202,farmhand,8,8,farehack,6,,fɑːɹmhænd,fɛɹhæk
3203,farmland,8,8,farelack,6,,fɑːɹmlənd,fɛɹlæk
3204,farsighted,10,8,farsauthed,8,,fɑːɹsaɪɾᵻd,fɑːɹsɔːθt
3205,fascinate,9,7,fasconale,7,,fæsᵻneɪt,fæskəneɪl
3206,fascination,11,9,fasconitive,9,,fæsᵻneɪʃən,fæskɑːnᵻtɪv
3207,fashion,7,5,fusheen,6,,fæʃən,fʌʃiːn
3208,fashionable,11,9,fashoonomle,9,,fæʃənəbəl,fæʃuːnɑːməl
3209,fast,4,4,fash,3,,fæst,fæʃ
3210,fasten,6,5,fantin,6,,fæsən,fæntɪn
3211,fastener,8,7,fastiner,8,,fæsənɚ,fæstɪnɚ
3212,fastening,9,7,fastonive,8,,fæsənɪŋ,fæstənaɪv
3213,fastness,8,7,fostless,7,,fæstnəs,fɑːstləs
3214,fat,3,3,zup,3,,fæt,zʌp
3215,fatal,5,4,futar,5,,feɪɾəl,fjuːɾɚ
3216,fatality,8,8,fatanidy,8,,feɪtælᵻɾi,fætɐnɪdi
3217,fate,4,3,fant,4,,feɪt,fænt
3218,fated,5,5,foten,5,,feɪɾᵻd,foʊʔn̩
3219,fateful,7,6,futefil,7,,feɪtfəl,fjuːɾɪfɪl
3220,father,6,5,fithor,5,,fɑːðɚ,fɪθɚ
3221,fathom,6,5,fithoy,4,,fæðəm,fɪθɔɪ
3222,fatigue,7,5,futique,5,,fɐtiːɡ,fjuːtiːk
3223,fatten,6,4,fappen,5,,fæʔn̩,fæpən
3224,fatty,5,4,fazzy,4,,fæɾi,fæzi
3225,faucet,6,5,farcer,6,,fɔːsɪt,fɑːɹsɚ
3226,fault,5,4,fong,3,,fɔlt,fɑːŋ
3227,favor,5,5,fuvid,5,,feɪvɚ,fjuːvɪd
3228,favorable,9,9,faparably,9,,feɪvɚɹəbəl,fæpɑːɹɹəbli
3229,fawn,4,3,farl,4,,fɔːn,fɑːɹl
3230,fear,4,3,famb,3,,fɪɹ,fæm
3231,feasibility,11,10,feasibolamy,10,,fiːzᵻbɪlᵻɾi,fiːzᵻbɑːlæmi
3232,feasible,8,7,feasomle,7,,fiːzᵻbəl,fiːsɑːməl
3233,feasibly,8,7,feasomly,7,,fiːzᵻbli,fiːsəmli
3234,feast,5,4,foast,4,,fiːst,foʊst
3235,feat,4,3,fooge,3,,fiːt,fuːdʒ
3236,feather,7,5,foather,5,,fɛðɚ,foʊðɚ
3237,feature,7,5,foatore,5,,fiːtʃɚ,foʊɾɚ
3238,February,8,8,febroaty,8,,fɛbɹuːɛɹi,fɛbɹoʊɾi
3239,federal,7,7,fedogan,7,,fɛdɚɹəl,fɛdoʊɡən
3240,federalism,10,11,fedinalism,10,,fɛdɚɹəlɪzəm,fɛdɪnəlɪzəm
3241,federalize,10,9,fedelatics,10,,fɛdɚɹəlaɪz,fɛdɪlæɾɪks
3242,federation,10,9,fedelative,9,,fɛdɚɹeɪʃən,fɛdɪlətɪv
3243,fee,3,2,jee,2,,fiː,dʒiː
3244,feeble,6,5,foudle,5,,fiːbəl,faʊdəl
3245,feed,4,3,feem,3,,fiːd,fiːm
3246,feedback,8,6,feelband,7,,fiːdbæk,fiːlbænd
3247,feel,4,3,feek,3,,fiːl,fiːk
3248,feeling,7,5,feasing,5,,fiːlɪŋ,fiːsɪŋ
3249,fell,4,3,voose,3,,fɛl,vuːs
3250,fellow,6,4,femmow,4,,fɛloʊ,fɛmoʊ
3251,fellowship,10,7,fellawshop,7,,fɛloʊʃɪp,fɛləʃɑːp
3252,felon,5,5,feron,5,,fɛlən,fɛɹɑːn
3253,felony,6,6,felimy,6,,fɛləni,fɛlɪmi
3254,felt,4,4,ferk,3,,fɛlt,fɜːk
3255,female,6,5,famane,5,,fiːmeɪl,fæmeɪn
3256,feminine,8,7,femonane,7,,fɛmᵻnɪn,fɛməneɪn
3257,femininity,10,10,feminariny,10,,fɛmɪnɪnᵻɾi,fɛmɪnɑːɹɹɪni
3258,feminism,8,9,feminics,8,,fɛmɪnɪzəm,fɛmɪnɪks
3259,fence,5,4,ferts,5,,fɛns,fɜːts
3260,fend,4,4,fench,4,,fɛnd,fɛntʃ
3261,ferment,7,7,fespent,7,,fɜːmɛnt,fɛspənt
3262,fermentation,12,11,fermontutive,12,,fɜːmənteɪʃən,fɜːmɔntuːɾɪv
3263,fern,4,4,foon,3,,fɜːn,fuːn
3264,ferocious,9,7,ferupious,8,,fəɹoʊʃəs,fəɹuːpiəs
3265,fertile,7,5,festale,6,,fɜːɾəl,fɛsteɪl
3266,fertility,9,9,fertaliny,9,,fɜːtɪlᵻɾi,fɜːɾɐlɪni
3267,fertilization,13,11,fertilomarion,13,,fɜːɾɪlᵻzeɪʃən,fɜːɾɪləmæɹiən
3268,fertilizer,10,9,fertanizer,10,,fɜːɾəlaɪzɚ,fɜːtənaɪzɚ
3269,festival,8,8,festomal,8,,fɛstɪvəl,fɛstɑːməl
3270,festivity,9,9,festemily,9,,fɛstɪvᵻɾi,fɛstəmili
3271,fetch,5,3,femps,5,,fɛtʃ,fɛmps
3272,fetus,5,5,fatis,5,,fiːɾəs,fæɾiz
3273,feud,4,4,feuth,4,,fjuːd,fjuːθ
3274,feudal,6,5,foyzal,5,,fjuːdəl,fɔɪzəl
3275,fever,5,5,famer,5,,fiːvɚ,feɪmɚ
3276,few,3,3,foit,3,,fjuː,fɔɪt
3277,fiance,6,6,fienco,6,,fiɑːnseɪ,fiːŋkoʊ
3278,fiasco,6,6,fiosca,6,,fiːæskoʊ,fɪɑːskə
3279,fickle,6,5,fackly,5,,fɪkəl,fækli
3280,fiction,7,6,firtoon,6,,fɪkʃən,fɜːtuːn
3281,fictional,9,8,ficbional,9,,fɪkʃənəl,fɪkbɪɑːnəl
3282,fictitious,10,8,fictopious,9,,fɪktɪʃəs,fɪktoʊpiəs
3283,fiddle,6,4,fimmle,5,,fɪdəl,fɪməl
3284,fidelity,8,8,fidaniry,8,,fᵻdɛlᵻɾi,fɪdɐnaɪɚɹi
3285,fidget,6,5,fudgen,5,,fɪdʒɪt,fʌdʒən
3286,field,5,4,fiege,4,,fiːld,fiːdʒ
3287,fiend,5,4,fieve,3,,fiːnd,fiːv
3288,fierce,6,4,fieved,5,,fɪɹs,fiːvd
3289,fiesta,6,6,fiosti,6,,fiːɛstə,fɪɑːsti
3290,fifteen,7,6,faftoon,6,,fɪftiːn,fæftuːn
3291,fifth,5,4,filst,5,,fɪfθ,fɪlst
3292,fifty,5,5,foofty,5,,fɪfti,fuːfti
3293,fight,5,3,fieds,5,,faɪt,faɪdz
3294,figment,7,7,fildent,7,,fɪɡmənt,fɪldənt
3295,figurative,10,10,figoratics,10,,fɪɡjɚɹətɪv,fɪɡɔːɹæɾɪks
3296,figure,6,6,fibute,6,,fɪɡjɚ,fɪbjuːt
3297,figurine,8,8,figumane,7,,fɪɡjʊɹɹiːn,fɪɡjuːmeɪn
3298,filament,8,8,filorent,8,,fɪləmənt,faɪlɔːɹənt
3299,file,4,3,faig,3,,faɪl,feɪɡ
3300,filet,5,4,fulet,5,,fɪleɪ,fjʊlɪt
3301,filial,6,6,filoat,5,,fɪlɪəl,faɪloʊt
3302,filing,6,5,fiming,5,,faɪlɪŋ,faɪmɪŋ
3303,Filipino,8,8,filipaco,8,,fɪlɪpiːnoʊ,fɪlɪpɑːkoʊ
3304,fill,4,3,fick,3,,fɪl,fɪk
3305,filling,7,5,folling,5,,fɪlɪŋ,fɑːlɪŋ
3306,film,4,4,fulm,4,,fɪlm,fʊlm
3307,filter,6,6,folten,6,,fɪltɚ,foʊltən
3308,filth,5,4,finth,4,,fɪlθ,fɪnθ
3309,filtration,10,9,filtrorion,10,,fɪltɹeɪʃən,fɪltɹɔːɹiən
3310,fin,3,3,fim,3,,fɪn,fɪm
3311,final,5,4,funar,5,,faɪnəl,fʌnɑːɹ
3312,finale,6,6,finela,7,,fɪnɑːli,faɪnlə
3313,finalist,8,8,fimalion,8,,faɪnəlɪst,fɪmæliən
3314,finality,8,8,fimalidy,8,,faɪnælᵻɾi,fɪmɐlɪdi
3315,finally,7,6,fimarry,6,,faɪnəli,fɪmæɹi
3316,finance,7,6,funarce,6,,faɪnæns,fʌnɑːɹs
3317,financial,9,8,finincian,9,,faɪnænʃəl,fɪnɪnʃiən
3318,finch,5,4,funch,4,,fɪntʃ,fʌntʃ
3319,find,4,4,fonch,4,,faɪnd,fɑːntʃ
3320,finding,7,6,fanging,6,,faɪndɪŋ,fæŋɪŋ
3321,fine,4,3,zime,3,,faɪn,zaɪm
3322,finesse,7,5,funelle,5,,fɪnɛs,fʌnɛl
3323,finger,6,6,fanker,6,,fɪŋɡɚ,fæŋkɚ
3324,fingering,9,8,fintering,8,,fɪŋɡɚɹɪŋ,fɪntɚɹɪŋ
3325,fingernail,10,9,fintermail,9,,fɪŋɡɚneɪl,fɪntɚmeɪl
3326,finicky,7,6,finucky,6,,fɪnɪki,fɪnʌki
3327,finish,6,5,fanise,5,,fɪnɪʃ,fænaɪz
3328,finite,6,5,funate,5,,faɪnaɪt,fʌneɪt
3329,fir,3,3,ferng,4,,fɜː,fɜːŋ
3330,fire,4,4,fosh,3,,faɪɚ,fɑːʃ
3331,firecracker,11,10,firecricken,10,,faɪɚkɹækɚ,faɪɚkɹɪkən
3332,fireman,7,7,finemin,6,,faɪɚmən,faɪnmɪn
3333,firm,4,4,fisk,4,,fɜːm,fɪsk
3334,first,5,5,firps,5,,fɜːst,fɜːps
3335,firstborn,9,9,firthbern,8,,fɜːstbɔːɹn,fɜːθbɚn
3336,fiscal,6,6,faspal,6,,fɪskəl,fæspəl
3337,fish,4,3,fimp,4,,fɪʃ,fɪmp
3338,fisherman,9,8,fishornen,8,,fɪʃɚmən,fɪʃɔːɹnən
3339,fishhook,8,6,finemook,6,,fɪʃhʊk,faɪnmʊk
3340,fission,7,5,fussive,5,,fɪʃən,fʌsɪv
3341,fist,4,4,foost,4,,fɪst,fuːst
3342,fit,3,3,fip,3,,fɪt,fɪp
3343,five,4,3,fove,3,,faɪv,foʊv
3344,fix,3,4,fiv,3,,fɪks,fɪv
3345,fixation,8,8,fixotive,8,,fɪkseɪʃən,fɪksətɪv
3346,fixed,5,5,filks,5,,fɪkst,fɪlks
3347,fixture,7,7,fitsure,5,,fɪkstʃɚ,fɪtʒɚ
3348,fizz,4,3,fazz,3,,fɪz,fæz
3349,fizzle,6,5,fuggle,5,,fɪzəl,fʌɡəl
3350,flabbergast,11,10,flabborgist,10,,flæbɚɡæst,flæbɔːɹdʒɪst
3351,flabby,6,5,flarry,5,,flæbi,flæɹi
3352,flag,4,4,flig,4,,flæɡ,flɪɡ
3353,flagpole,8,7,flapgole,7,,flæɡpoʊl,flæpɡoʊl
3354,flagship,8,7,flapshop,7,,flæɡʃɪp,flæpʃɑːp
3355,flair,5,4,flarp,5,,flɛɹ,flɑːɹp
3356,flake,5,4,floik,4,,fleɪk,flɔɪk
3357,flamboyant,10,10,flambuyane,9,,flæmbɔɪənt,flæmbaɪeɪn
3358,flame,5,4,flamp,5,,fleɪm,flæmp
3359,flamethrower,12,9,flamethrewen,9,,fleɪmθɹoʊɚ,fleɪmθɹuːən
3360,flamingo,8,8,flamunga,8,,flɐmɪŋɡoʊ,flæmʌŋɡə
3361,flammable,9,8,flammuple,8,,flæməbəl,flæmuːpəl
3362,flap,4,4,floip,4,,flæp,flɔɪp
3363,flash,5,4,fland,5,,flæʃ,flænd
3364,flashback,9,7,flandbick,8,,flæʃbæk,flændbɪk
3365,flask,5,5,flawl,4,,flæsk,flɔːl
3366,flat,4,4,flot,4,,flæt,flɑːt
3367,flats,5,5,fluts,5,,flæts,flʌts
3368,flatten,7,5,flabben,6,,flæʔn̩,flæbən
3369,flaunt,6,5,flaint,5,,flɔːnt,fleɪnt
3370,flavor,6,6,flumor,6,,fleɪvɚ,fluːmɚ
3371,flavoring,9,8,flavoning,8,,fleɪvɚɹɪŋ,fleɪvɑːnɪŋ
3372,flaw,4,3,flas,4,,flɔː,flɑːz
3373,flea,4,3,fleo,4,,fliː,fliːoʊ
3374,fled,4,4,floid,4,,flɛd,flɔɪd
3375,fleet,5,4,fleeg,4,,fliːt,fliːɡ
3376,flesh,5,4,floosh,4,,flɛʃ,fluːʃ
3377,flew,4,3,flen,4,,fluː,flɛn
3378,flex,4,5,flauks,5,,flɛks,flɔːks
3379,flexibility,11,12,flexibolamy,12,,flɛksəbɪlᵻɾi,flɛksɪbɑːlæmi
3380,flexible,8,9,flexople,9,,flɛksɪbəl,flɛksɑːpəl
3381,flick,5,4,flids,5,,flɪk,flɪdz
3382,flicker,7,6,flocken,6,,flɪkɚ,flɑːkən
3383,flier,5,5,froer,5,,flaɪɚ,fɹoʊɚ
3384,flight,6,4,floif,4,,flaɪt,flɔɪf
3385,flimsy,6,6,flumry,6,,flɪmzi,flʌmɹi
3386,flinch,6,5,flunch,5,,flɪntʃ,flʌntʃ
3387,fling,5,4,flive,4,,flɪŋ,flaɪv
3388,flint,5,5,flunt,5,,flɪnt,flʌnt
3389,flip,4,4,flin,4,,flɪp,flɪn
3390,flipper,7,6,flibber,6,,flɪpɚ,flɪbɚ
3391,flirt,5,5,flith,4,,flɜːt,flɪθ
3392,flirtation,10,9,flirtotive,9,,flɜːteɪʃən,flɜːɾətɪv
3393,float,5,4,floap,4,,floʊt,floʊp
3394,flock,5,4,fluck,4,,flɑːk,flʌk
3395,flood,5,4,floud,4,,flʌd,flaʊd
3396,floor,5,4,floom,4,,flɔːɹ,fluːm
3397,floozy,6,5,fleezo,5,,fluːzi,fliːzoʊ
3398,flop,4,4,flodge,4,,flɑːp,flɑːdʒ
3399,florist,7,7,flurise,6,,flɔːɹɪst,flʊɹɹaɪz
3400,floss,5,4,flole,4,,flɔs,floʊl
3401,flour,5,5,floung,4,,flaʊɚ,flaʊŋ
3402,flourish,8,6,floonish,6,,flɜːɹɪʃ,fluːnɪʃ
3403,flower,6,5,flumer,6,,flaʊɚ,fluːmɚ
3404,flown,5,4,fline,4,,floʊn,flaɪn
3405,fluctuate,9,9,fluctoase,8,,flʌktʃuːeɪt,flʌktoʊs
3406,fluctuation,11,11,fluctiative,10,,flʌktʃuːeɪʃən,flʌkʃiətɪv
3407,fluent,6,6,fluert,5,,fluːənt,flwɛɹt
3408,fluff,5,4,fluce,4,,flʌf,fluːs
3409,fluid,5,5,fluin,5,,fluːɪd,fljuːɪn
3410,fluke,5,4,flike,4,,fluːk,flaɪk
3411,flunk,5,5,flonk,5,,flʌŋk,flɔŋk
3412,fluorescence,12,10,fluoriscerce,9,,flʊɹɹɛsəns,flʊɹɹɪsɚs
3413,flurry,6,5,fluppy,5,,flɜːɹi,flʌpi
3414,flush,5,4,flugs,5,,flʌʃ,flʌɡz
3415,fluster,7,7,frested,7,,flʌstɚ,fɹɛstᵻd
3416,flute,5,4,flude,4,,fluːt,fluːd
3417,flutist,7,7,flatust,7,,fluːɾɪst,flæɾʌst
3418,flutter,7,6,fludder,6,,flʌɾɚ,flʌdɚ
3419,fly,3,3,flur,4,,flaɪ,flɜː
3420,flycatcher,10,8,flybatcher,8,,flaɪkætʃɚ,flaɪbætʃɚ
3421,foam,4,3,foom,3,,foʊm,fuːm
3422,focus,5,5,facas,5,,foʊkəs,fɑːkəz
3423,foe,3,2,fai,2,,foʊ,faɪ
3424,fog,3,3,foog,3,,fɑːɡ,fuːɡ
3425,fold,4,4,jold,4,,foʊld,dʒoʊld
3426,foliage,7,6,fomiade,6,,foʊlɪɪdʒ,foʊmɪeɪd
3427,folk,4,3,felve,4,,foʊk,fɛlv
3428,follow,6,4,fonnow,4,,fɑːloʊ,fɑːnoʊ
3429,following,9,6,follawing,5,,fɑːloʊɪŋ,fɑːlɔːɪŋ
3430,fond,4,4,foond,4,,fɑːnd,fuːnd
3431,fondue,6,6,fundur,6,,fɑːnduː,fʌndjʊɹ
3432,font,4,4,foont,4,,fɔnt,fuːnt
3433,food,4,3,jood,3,,fuːd,dʒuːd
3434,fool,4,3,zoof,3,,fuːl,zuːf
3435,foolproof,9,7,foulproot,7,,fuːlpɹuːf,faʊlpɹuːt
3436,foot,4,3,foop,3,,fʊt,fuːp
3437,footage,7,5,foolade,5,,fʊɾɪdʒ,fuːleɪd
3438,football,8,6,foolbill,6,,fʊtbɔːl,fuːlbɪl
3439,footing,7,5,fooring,5,,fʊɾɪŋ,fɔːɹɪŋ
3440,forbid,6,6,furbin,6,,fɚbɪd,fɜːbɪn
3441,force,5,4,foits,4,,fɔːɹs,fɔɪts
3442,forceps,7,7,furcips,7,,fɔːɹsɛps,fɜːsɪps
3443,ford,4,4,foin,3,,fɔːɹd,fɔɪn
3444,forearm,7,6,farearn,5,,fɔːɹɑːɹm,fɛɹiəən
3445,forecast,8,7,farecase,6,,fɔːɹkæst,fɛɹkeɪs
3446,forefather,10,8,forefithor,8,,fɔːɹfɑːðɚ,fɔːɹfɪθɚ
3447,forego,6,4,farega,5,,fɔːɹɡoʊ,fɛɹɡə
3448,foreground,10,8,faregrind,8,,fɔːɹɡɹaʊnd,fɛɹɡɹaɪnd
3449,forehead,8,6,farebead,6,,fɔːɹhɛd,fɛɹbiːd
3450,foreign,7,5,furaind,6,,fɔːɹən,fjʊɹɹeɪnd
3451,foreman,7,6,furemin,7,,fɔːɹmən,fjʊɹɹɪmɪn
3452,foresee,7,5,faresen,6,,fɔːɹsiː,fɛɹzən
3453,foresight,9,6,fossmight,6,,fɔːɹsaɪt,fɑːsmaɪt
3454,forest,6,6,fipest,6,,fɔːɹɪst,faɪpɪst
3455,forestry,8,8,foristro,8,,fɔːɹɪstɹi,fɔːɹɪstɹoʊ
3456,foretell,8,6,forttegs,7,,fɔːɹtɛl,fɔːɹɾɛɡz
3457,forever,7,7,foroven,7,,fɚɹɛvɚ,fɔːɹoʊvən
3458,forewarn,8,7,farewarm,7,,fɔːɹwɔːɹn,fɛɹwɔːɹm
3459,forfeit,7,6,fonkeet,6,,fɔːɹfɪt,fɔŋkiːt
3460,forge,5,4,fobes,4,,fɔːɹdʒ,foʊbz
3461,forget,6,6,fonbet,6,,fɚɡɛt,fɑːnbɪt
3462,forging,7,6,fimbing,6,,fɔːɹdʒɪŋ,fɪmɪŋ
3463,forgive,7,6,fondike,6,,fɚɡɪv,fɑːndaɪk
3464,fork,4,4,furk,4,,fɔːɹk,fɜːk
3465,forked,6,5,foined,4,,fɔːɹkt,fɔɪnd
3466,forklift,8,8,fornlirt,8,,fɔːɹklɪft,fɔːɹnlɜːt
3467,form,4,4,forb,4,,fɔːɹm,fɔːɹb
3468,formal,6,6,furlan,6,,fɔːɹməl,fɜːlən
3469,formality,9,9,forpaliry,9,,fɔːɹmælᵻɾi,fɔːɹpɐlaɪɚɹi
3470,formalize,9,8,fornalaze,8,,fɔːɹməlaɪz,fɔːɹnɐleɪz
3471,format,6,6,fonmit,6,,fɔːɹmæt,fɑːnmɪt
3472,formation,9,8,fornalion,9,,fɔːɹmeɪʃən,fɔːɹnæliən
3473,formative,9,8,formotave,8,,fɔːɹmətɪv,fɔːɹməteɪv
3474,former,6,6,furmar,6,,fɔːɹmɚ,fɜːmɚ
3475,formfitting,11,9,formfipping,9,,fɔːɹmfɪɾɪŋ,fɔːɹmfɪpɪŋ
3476,formidable,10,10,formudibly,11,,fɔːɹmɪdəbəl,fɔːɹmjuːdᵻbli
3477,formless,8,7,firmtess,7,,fɔːɹmləs,fɜːmtɛs
3478,formula,7,8,formolu,7,,fɔːɹmjʊlə,fɔːɹməluː
3479,formulation,11,11,forputative,11,,fɔːɹmjʊleɪʃən,fɔːɹpjuːɾətɪv
3480,fort,4,4,fert,4,,fɔːɹt,fɜːt
3481,forth,5,4,forps,5,,fɔːɹθ,fɔːɹps
3482,forthcoming,11,9,forthcaming,9,,fɔːɹθkʌmɪŋ,fɔːɹθkeɪmɪŋ
3483,fortification,13,12,fortiforalion,13,,fɔːɹɾɪfɪkeɪʃən,fɔːɹɾɪfɔːɹæliən
3484,fortress,8,7,furtross,7,,fɔːɹtɹəs,fɜːtɹɔs
3485,fortunate,9,8,fortonale,8,,fɔːɹtʃənət,fɔːɹtəneɪl
3486,fortune,7,6,fontane,6,,fɔːɹtʃʊn,fɔnteɪn
3487,forty,5,5,furty,5,,fɔːɹɾi,fɜːɾi
3488,forum,5,5,furim,5,,fɔːɹəm,fjʊɹɹɪm
3489,forward,7,7,fonwarp,7,,fɔːɹwɚd,fɑːnwɔːɹp
3490,fossil,6,5,foddil,5,,fɑːsəl,fɑːdɪl
3491,foster,6,6,fopler,6,,fɑːstɚ,fɑːplɚ
3492,fought,6,3,founce,4,,fɔːt,faʊns
3493,foul,4,3,fouf,3,,faʊl,fuːf
3494,foulmouthed,11,7,foolmoothed,7,,faʊlmaʊðd,fuːlmuːθt
3495,found,5,4,fouse,3,,faʊnd,faʊs
3496,foundation,10,8,foundotive,8,,faʊndeɪʃən,faʊndətɪv
3497,founder,7,6,founter,6,,faʊndɚ,faʊntɚ
3498,fountain,8,6,feentail,6,,faʊntɪn,fiːnteɪl
3499,four,4,3,fyth,3,,fɔːɹ,fɪθ
3500,fourteen,8,6,feertoon,6,,fɔːɹtiːn,fɪɹtuːn
3501,fox,3,4,fooks,4,,fɑːks,fʊks
3502,fraction,8,7,frictive,7,,fɹækʃən,fɹɪktɪv
3503,fracture,8,7,flactute,8,,fɹæktʃɚ,flæktuːt
3504,fragile,7,6,frenile,6,,fɹædʒəl,fɹɛnaɪl
3505,fragility,9,9,frasinidy,9,,fɹædʒɪlᵻɾi,fɹæsɪnɪdi
3506,fragment,8,8,fresmint,8,,fɹæɡmənt,fɹɛsmɪnt
3507,fragrant,8,8,frogrand,8,,fɹeɪɡɹənt,fɹɑːɡɹænd
3508,frail,5,5,froil,4,,fɹeɪl,fɹɔɪl
3509,frailty,7,7,freckty,6,,fɹeɪlti,fɹɛkti
3510,frame,5,4,froom,4,,fɹeɪm,fɹuːm
3511,franchise,9,7,frinchase,7,,fɹæntʃaɪz,fɹɪntʃeɪs
3512,frantic,7,7,frindic,7,,fɹæntɪk,fɹɪndɪk
3513,fraternization,14,13,fraternomarion,13,,fɹɐtɜːnᵻzeɪʃən,fɹɐtɜːnəmæɹiən
3514,fraternize,10,9,fratarnaze,9,,fɹɐtɜːnaɪz,fɹætɑːɹneɪz
3515,fraud,5,4,fraul,4,,fɹɔːd,fɹɔːl
3516,fraudulent,10,9,fraudolint,9,,fɹɔːdʒuːlənt,fɹɔːdəlɪnt
3517,freak,5,4,freash,4,,fɹiːk,fɹiːʃ
3518,freckle,7,6,fruckly,6,,fɹɛkəl,fɹʌkli
3519,free,4,3,froy,3,,fɹiː,fɹɔɪ
3520,freedom,7,6,froedam,6,,fɹiːdəm,fɹoʊdəm
3521,freehand,8,7,froehane,6,,fɹiːhænd,fɹoʊheɪn
3522,freeway,7,5,froewat,6,,fɹiːweɪ,fɹoʊwɑːt
3523,freewill,8,6,freawive,7,,fɹiːwɪl,fɹiːwaɪv
3524,freeze,6,4,freeth,4,,fɹiːz,fɹiːθ
3525,freezer,7,6,froozer,6,,fɹiːzɚ,fɹuːzɚ
3526,freight,7,4,freints,6,,fɹeɪt,fɹeɪnts
3527,french,6,5,frunch,5,,fɹɛntʃ,fɹʌntʃ
3528,frenzy,6,6,frunzo,6,,fɹɛnzi,fɹʌnzoʊ
3529,frequency,9,9,frequinry,9,,fɹiːkwənsi,fɹiːkwɪnɹi
3530,frequent,8,8,fraquine,7,,fɹiːkwənt,fɹækwaɪn
3531,fresh,5,4,frebs,5,,fɹɛʃ,fɹɛbz
3532,friction,8,7,fraclive,7,,fɹɪkʃən,fɹæklɪv
3533,Friday,6,5,Frodoy,5,,fɹaɪdeɪ,fɹɑːdɔɪ
3534,fridge,6,4,frodge,4,,fɹɪdʒ,fɹɑːdʒ
3535,fried,5,4,fring,4,,fɹaɪd,fɹɪŋ
3536,friend,6,5,friews,5,,fɹɛnd,frjuːz
3537,friendly,8,7,frondry,7,,fɹɛndli,fɹɑːndɹi
3538,fright,6,4,frooms,5,,fɹaɪt,fɹuːmz
3539,frigidity,9,9,frigiliny,9,,fɹɪdʒɪdᵻɾi,fɹɪdʒɪlɪni
3540,fringe,6,5,frilks,6,,fɹɪndʒ,fɹɪlks
3541,frisk,5,5,frask,5,,fɹɪsk,fɹæsk
3542,frivolous,9,8,frivulius,9,,fɹɪvələs,fɹɪvjuːlɪəs
3543,frog,4,4,frong,4,,fɹɑːɡ,fɹɔŋ
3544,frolic,6,6,fresic,6,,fɹɑːlɪk,fɹɛzɪk
3545,front,5,5,fronk,5,,fɹʌnt,fɹɔŋk
3546,frontal,7,6,flundel,7,,fɹʌntəl,flʌndəl
3547,frontier,8,7,fruntive,7,,fɹʌntɪɹ,fɹʌntɪv
3548,frost,5,5,frosh,4,,fɹɔst,fɹɑːʃ
3549,frostbite,9,8,frustbate,8,,fɹɔstbaɪt,fɹʌstbeɪt
3550,frosting,8,7,frusting,7,,fɹɔstɪŋ,fɹʌstɪŋ
3551,frown,5,4,frold,5,,fɹaʊn,fɹoʊld
3552,froze,5,4,frowl,4,,fɹoʊz,fɹaʊl
3553,frozen,6,6,fruzan,6,,fɹoʊzən,fɹuːzən
3554,fruit,5,4,freat,4,,fɹuːt,fɹiːt
3555,frustrate,9,8,fristrite,8,,fɹʌstɹeɪt,fɹɪstɹaɪt
3556,frustration,11,10,frustrotive,10,,fɹʌstɹeɪʃən,fɹʌstɹətɪv
3557,fry,3,3,fru,3,,fɹaɪ,fɹuː
3558,fudge,5,3,funge,4,,fʌdʒ,fʌndʒ
3559,fuel,4,5,fuet,5,,fjuːəl,fjuːət
3560,fugitive,8,8,fugotave,7,,fjuːdʒᵻtɪv,fjuːɡəteɪv
3561,full,4,3,fums,4,,fʊl,fʌmz
3562,fully,5,4,fuffy,4,,fʊli,fʌfi
3563,fumble,6,6,fample,6,,fʌmbəl,fæmpəl
3564,fumigate,8,8,fumagite,8,,fjuːmᵻɡeɪt,fjuːmɐdʒaɪt
3565,fumigation,10,10,furidative,10,,fjuːmɪɡeɪʃən,fjʊɹɹɪdətɪv
3566,fun,3,3,jun,3,,fʌn,dʒʌn
3567,function,8,7,fanctive,7,,fʌŋkʃən,fæŋktɪv
3568,functionary,11,10,functronaty,11,,fʌŋkʃənɛɹi,fʌŋktɹənəɾi
3569,fund,4,4,fuke,4,,fʌnd,fjuːk
3570,fundamental,11,11,fundadencal,11,,fʌndəmɛntəl,fʌndɐdɛŋkəl
3571,funeral,7,8,fugeren,8,,fjuːnɚɹəl,fjuːdʒɚɹən
3572,fungi,5,5,fango,5,,fʌŋɡi,fæŋɡoʊ
3573,fungus,6,6,fanlus,6,,fʌŋɡəs,fænləs
3574,funk,4,4,funt,4,,fʌŋk,fʌnt
3575,funnel,6,4,fummel,5,,fʌnəl,fʌməl
3576,funny,5,4,fuddy,4,,fʌni,fʌdi
3577,furious,7,7,fumioes,7,,fjʊɹɹiəs,fjuːmɪoʊz
3578,furnace,7,6,farmace,6,,fɜːnɪs,fɑːɹmeɪs
3579,furnish,7,6,farmish,6,,fɜːnɪʃ,fɑːɹmɪʃ
3580,furniture,9,8,furnotare,8,,fɜːnɪtʃɚ,fɜːnətɛɹ
3581,furry,5,4,fippy,4,,fɜːɹi,fɪpi
3582,further,7,6,farthor,6,,fɜːðɚ,fɑːɹθɚ
3583,furthest,8,7,fumprest,8,,fɜːðɪst,fʌmpɹɛst
3584,fury,4,5,fory,4,,fjʊɹɹi,fɔːɹi
3585,fuse,4,4,jute,4,,fjuːz,dʒuːt
3586,fusion,6,6,fisive,5,,fjuːʒən,faɪsɪv
3587,fuss,4,3,fois,3,,fʌs,fɔɪz
3588,futile,6,6,fitole,5,,fjuːɾəl,fɪɾoʊl
3589,future,6,6,fitore,5,,fjuːtʃɚ,fɪɾɚ
3590,futuristic,10,11,futerindic,11,,fjuːtʃɚɹɪstɪk,fjuːɾɚɹɪndɪk
3591,fuzz,4,3,furf,4,,fʌz,fɜːf
3592,gadget,6,5,gidget,5,,ɡædʒɪt,ɡɪdʒɪt
3593,gag,3,3,gar,3,,ɡæɡ,ɡɑːɹ
3594,gain,4,3,gaith,3,,ɡeɪn,ɡeɪθ
3595,galaxy,6,7,galofy,6,,ɡælɐksi,ɡæləfaɪ
3596,gale,4,3,gake,3,,ɡeɪl,ɡeɪk
3597,gall,4,3,garl,4,,ɡɔːl,ɡɑːɹl
3598,gallant,7,6,gattant,6,,ɡælənt,ɡætənt
3599,gallbladder,11,9,gallblammer,9,,ɡælblædɚ,ɡælblæmɚ
3600,gallery,7,6,gallemy,6,,ɡælɚɹi,ɡæləmi
3601,gallon,6,5,gatton,5,,ɡælən,ɡæʔn̩
3602,gallop,6,5,gattop,5,,ɡæləp,ɡættɑːp
3603,gallstone,9,7,gailstane,7,,ɡælstoʊn,ɡeɪlsteɪn
3604,galore,6,5,gulare,5,,ɡɐlɔːɹ,ɡjʊlɛɹ
3605,gamble,6,6,gimple,6,,ɡæmbəl,ɡɪmpəl
3606,game,4,3,gath,3,,ɡeɪm,ɡæθ
3607,gang,4,3,gand,4,,ɡæŋ,ɡænd
3608,gangrene,8,7,gingrane,7,,ɡæŋɡɹɛn,dʒɪŋɡɹeɪn
3609,gangster,8,7,ganspler,8,,ɡæŋstɚ,ɡænsplɚ
3610,gap,3,3,gan,3,,ɡæp,ɡæn
3611,garage,6,5,gyrase,5,,ɡɚɹɑːʒ,dʒaɪɹeɪz
3612,garbage,7,6,ganbays,6,,ɡɑːɹbɪdʒ,ɡænbeɪz
3613,garden,6,6,gampen,6,,ɡɑːɹdən,ɡæmpən
3614,gargle,6,6,gurble,6,,ɡɑːɹɡəl,ɡɜːbəl
3615,garlic,6,6,ganlip,6,,ɡɑːɹlɪk,ɡænlɪp
3616,garment,7,7,gurmint,7,,ɡɑːɹmənt,ɡɜːmɪnt
3617,garnish,7,6,ganwish,6,,ɡɑːɹnɪʃ,ɡænwɪʃ
3618,gas,3,3,gaish,3,,ɡæs,ɡeɪɪʃ
3619,gash,4,3,gaip,3,,ɡæʃ,ɡeɪp
3620,gasp,4,4,garf,4,,ɡæsp,ɡɑːɹf
3621,gate,4,3,goit,3,,ɡeɪt,ɡɔɪt
3622,gather,6,5,guthen,5,,ɡæðɚ,ɡʌðən
3623,gauze,5,3,gadze,4,,ɡɔːz,ɡædz
3624,gave,4,3,gams,4,,ɡeɪv,ɡæmz
3625,gawk,4,3,gaif,3,,ɡɔːk,ɡeɪf
3626,gawky,5,4,garky,5,,ɡɔːki,ɡɑːɹki
3627,gay,3,2,gax,4,,ɡeɪ,ɡæks
3628,gaze,4,3,gark,4,,ɡeɪz,ɡɑːɹk
3629,gear,4,3,geap,4,,ɡɪɹ,dʒiːp
3630,geese,5,3,gouse,3,,ɡiːs,ɡaʊs
3631,gelatine,8,7,gelotane,7,,dʒɛlɐtiːn,dʒɛləteɪn
3632,gem,3,3,ger,3,,dʒɛm,dʒɜː
3633,gemstone,8,7,gumstane,7,,dʒɛmstoʊn,ɡʌmsteɪn
3634,gender,6,6,gerter,6,,dʒɛndɚ,ɡɜːɾɚ
3635,gene,4,3,jone,3,,dʒiːn,dʒoʊn
3636,general,7,7,genorad,7,,dʒɛnɚɹəl,dʒɛnɔːɹæd
3637,generality,10,10,generolafy,10,,dʒɛnɚɹælᵻɾi,dʒɛnɚɹɑːlɐfaɪ
3638,generalization,14,13,generolatalion,14,,dʒɛnɚɹəlᵻzeɪʃən,dʒɛnɚɹɑːlɐtæliən
3639,generalize,10,9,genoramaze,9,,dʒɛnɚɹəlaɪz,dʒɛnɔːɹɐmeɪz
3640,generate,8,7,genorase,7,,dʒɛnɚɹeɪt,dʒɛnɔːɹeɪz
3641,generation,10,9,genorotase,9,,dʒɛnɚɹeɪʃən,dʒɛnɔːɹoʊɾeɪs
3642,generator,9,9,genetabor,9,,dʒɛnɚɹeɪɾɚ,dʒɛnɪtæbɚ
3643,generic,7,7,genorin,7,,dʒənɛɹɪk,dʒɛnɔːɹɪn
3644,generosity,10,10,generisopy,10,,dʒɛnɚɹɔsᵻɾi,dʒənɛɹɪsəpi
3645,generous,8,7,genorius,8,,dʒɛnɚɹəs,dʒɛnɔːɹɪəs
3646,generously,10,9,genetousry,9,,dʒɛnɚɹəsli,dʒɛnɪtaʊsɹi
3647,genesis,7,7,genogis,7,,dʒɛnᵻsɪs,dʒɛnoʊɡɪz
3648,genetic,7,7,genotin,7,,dʒɪnɛɾɪk,dʒɛnətɪn
3649,genial,6,6,geriad,6,,dʒiːnɪəl,dʒɪɹiæd
3650,genially,8,7,geniappy,7,,dʒiːnɪəli,dʒiːnɪæpi
3651,genital,7,6,genopal,7,,dʒɛnɪɾəl,dʒɛnɑːpəl
3652,genius,6,6,gerism,6,,dʒiːnɪəs,dʒɜːɹɪzəm
3653,gentle,6,5,gerdle,6,,dʒɛntəl,dʒɜːdəl
3654,gentlefolk,10,8,genfletolk,9,,dʒɛntəlfoʊk,dʒɛnflɪtɑːlk
3655,gently,6,6,gerply,6,,dʒɛntli,dʒɜːpli
3656,genuine,7,7,genoane,6,,dʒɛnjuːɪn,dʒɛnoʊn
3657,genus,5,5,ganus,5,,dʒɛnəs,ɡænəs
3658,geographic,10,7,geogrophin,9,,dʒɪəɡɹæfɪk,dʒɪəɡɹɑːfɪn
3659,geography,9,8,geomnathy,8,,dʒɪɑːɡɹəfi,dʒiːoʊmnæθi
3660,geologist,9,9,georomist,9,,dʒɪɑːlədʒɪst,dʒiːoʊɹəmɪst
3661,geology,7,7,geomocy,7,,dʒɪɑːlədʒi,dʒiːoʊmɑːsi
3662,geometric,9,9,geomephic,8,,dʒiːoʊmɛtɹɪk,dʒiːoʊmɛfɪk
3663,geometry,8,8,geolopry,8,,dʒiɑːmətɹi,dʒiːoʊlɑːpɹi
3664,germ,4,4,gelk,4,,dʒɜːm,dʒɛlk
3665,german,6,6,genmin,6,,dʒɜːmən,dʒɛnmɪn
3666,germicide,9,8,germocade,8,,dʒɜːmɪsaɪd,dʒɜːməkeɪd
3667,germination,11,10,gerdirative,10,,dʒɜːmᵻneɪʃən,dʒɜːdɚɹətɪv
3668,gesture,7,6,gentore,6,,dʒɛstʃɚ,dʒɛntɚ
3669,getaway,7,6,getawop,7,,ɡɛɾəweɪ,ɡɛɾæwəp
3670,ghastly,7,6,ghendly,6,,ɡæstli,ɡɛndli
3671,ghetto,6,4,gheppo,4,,ɡɛɾoʊ,ɡɛpoʊ
3672,ghost,5,4,ghoms,4,,ɡoʊst,ɡɑːmz
3673,ghoul,5,3,goong,3,,ɡuːl,ɡuːŋ
3674,giant,5,5,giyle,4,,dʒaɪənt,dʒɪaɪl
3675,gift,4,4,girk,4,,ɡɪft,ɡɜːk
3676,gifted,6,6,gufted,6,,ɡɪftᵻd,ɡʌftᵻd
3677,gigantic,8,8,giguntin,8,,dʒaɪɡæntɪk,dʒɪɡəntɪn
3678,giggle,6,5,giffle,5,,ɡɪɡəl,dʒɪfəl
3679,gigolo,6,6,gigulu,6,,dʒɪɡəloʊ,dʒɪɡuːluː
3680,gimmick,7,5,gibbick,5,,ɡɪmɪk,ɡɪbɪk
3681,gin,3,3,zin,3,,dʒɪn,zɪn
3682,ginger,6,6,gangor,6,,dʒɪndʒɚ,ɡæŋɡɚ
3683,giraffe,7,5,gariffe,5,,dʒᵻɹæf,ɡɑːɹɹɪf
3684,girdle,6,5,gortle,6,,ɡɜːdəl,ɡɔːɹɾəl
3685,girl,4,4,gisk,4,,ɡɜːl,dʒɪsk
3686,gist,4,4,gish,3,,dʒɪst,dʒɪʃ
3687,give,4,3,gove,3,,ɡɪv,ɡoʊv
3688,giveaway,8,6,giveawop,7,,ɡɪvɐweɪ,ɡɪviːwəp
3689,given,5,5,gover,5,,ɡɪvən,ɡoʊvɚ
3690,gizzard,7,6,guzzard,6,,ɡɪzɚd,ɡʌzɚd
3691,glacier,7,6,gracien,7,,ɡleɪʃɚ,ɡɹeɪʃən
3692,glad,4,4,glod,4,,ɡlæd,ɡlɑːd
3693,gladiator,9,9,gladianor,9,,ɡlædɪeɪɾɚ,ɡlædiənɚ
3694,glamorize,9,8,glamioraze,9,,ɡlæmɚɹaɪz,ɡlæmɪɹeɪz
3695,glamour,7,6,gramon,6,,ɡlæmɚ,ɡɹæmən
3696,glance,6,5,glarks,6,,ɡlæns,ɡlɑːɹks
3697,gland,5,5,glond,5,,ɡlænd,ɡlɑːnd
3698,glare,5,4,glore,4,,ɡlɛɹ,ɡlɔːɹ
3699,glaring,7,6,glaning,6,,ɡlɛɹɪŋ,ɡleɪnɪŋ
3700,glass,5,4,glale,4,,ɡlæs,ɡleɪl
3701,glaze,5,4,glard,5,,ɡleɪz,ɡlɑːɹd
3702,gleam,5,4,glear,4,,ɡliːm,ɡlɪɹ
3703,glee,4,3,glai,3,,ɡliː,ɡlaɪ
3704,glide,5,4,glime,4,,ɡlaɪd,ɡlaɪm
3705,glimmer,7,6,glipper,6,,ɡlɪmɚ,ɡlɪpɚ
3706,glimpse,7,6,glompse,6,,ɡlɪmps,ɡlɑːmps
3707,glisten,7,6,glaster,7,,ɡlɪsən,ɡlæstɚ
3708,glitter,7,6,glizzer,6,,ɡlɪɾɚ,ɡlɪzɚ
3709,global,6,6,glaban,6,,ɡloʊbəl,ɡlæbən
3710,globe,5,4,glomb,4,,ɡloʊb,ɡlɑːm
3711,gloom,5,4,glaum,4,,ɡluːm,ɡlaʊm
3712,glorification,13,12,gloriforalion,13,,ɡlɔːɹɪfɪkeɪʃən,ɡlɔːɹɪfɔːɹæliən
3713,glorify,7,7,gloroly,7,,ɡlɔːɹᵻfaɪ,ɡlɔːɹɑːli
3714,glorious,8,7,glotioes,7,,ɡlɔːɹiəs,ɡloʊɾɪoʊz
3715,glory,5,5,gluty,5,,ɡlɔːɹi,ɡljuːɾi
3716,gloss,5,4,gloff,4,,ɡlɔs,ɡlɑːf
3717,glossary,8,7,glossomy,7,,ɡlɔsɚɹi,ɡlɔsəmi
3718,glove,5,4,glerge,5,,ɡlʌv,ɡlɜːdʒ
3719,gloves,6,5,glives,5,,ɡlʌvz,ɡlaɪvz
3720,glow,4,3,glog,4,,ɡloʊ,ɡlɑːɡ
3721,glucose,7,6,grucote,6,,ɡluːkoʊs,ɡɹuːkoʊt
3722,glue,4,3,gluh,4,,ɡluː,ɡlʌ
3723,glum,4,4,glung,4,,ɡlʌm,ɡlʌŋ
3724,glutton,7,5,glubbon,6,,ɡlʌʔn̩,ɡlʌbən
3725,glycerol,8,8,glycoral,8,,ɡlɪsɚɹɑːl,ɡlaɪkɚɹəl
3726,go,2,2,gow,2,,ɡoʊ,ɡaʊ
3727,goal,4,3,goak,3,,ɡoʊl,ɡoʊk
3728,goalkeeper,10,8,goalmeepen,8,,ɡoʊlkiːpɚ,ɡoʊlmiːpən
3729,goalpost,8,7,goolbost,7,,ɡoʊlpoʊst,ɡuːlbɑːst
3730,goat,4,3,goax,4,,ɡoʊt,ɡoʊks
3731,goatskin,8,7,goalskan,7,,ɡoʊtskɪn,ɡoʊlskən
3732,gobbler,7,7,gibblar,6,,ɡɑːblɚ,ɡɪblɚ
3733,goblin,6,6,goltin,6,,ɡɑːblɪn,ɡoʊltɪn
3734,god,3,3,gop,3,,ɡɑːd,ɡɑːp
3735,goggle,6,5,gottle,5,,ɡɑːɡəl,ɡɑːɾəl
3736,going,5,4,guing,4,,ɡoʊɪŋ,ɡɪŋ
3737,gold,4,4,goil,3,,ɡoʊld,ɡɔɪl
3738,golden,6,6,giffen,5,,ɡoʊldən,dʒɪfən
3739,goldfish,8,7,gortmish,7,,ɡoʊldfɪʃ,ɡɔːɹtmɪʃ
3740,golf,4,4,gorb,4,,ɡɑːlf,ɡɔːɹb
3741,gone,4,3,gern,4,,ɡɔn,dʒɜːn
3742,gonorrhea,9,7,gonerphea,7,,ɡɑːnɔɹiə,ɡɑːnɚfiə
3743,good,4,3,goom,3,,ɡʊd,ɡuːm
3744,goodly,6,5,geedly,5,,ɡʊdli,dʒiːdli
3745,goodness,8,6,geedless,6,,ɡʊdnəs,dʒiːdləs
3746,goody,5,4,goady,4,,ɡʊdi,ɡoʊdi
3747,goose,5,3,gooks,4,,ɡuːs,ɡʊks
3748,gooseberry,10,7,goosebezzy,7,,ɡuːsbɛɹi,ɡuːsbɛzi
3749,gorgeous,8,6,gerbench,7,,ɡɔːɹdʒəs,dʒɜːbɛntʃ
3750,gorilla,7,6,gorimma,6,,ɡɚɹɪlə,ɡɔːɹɪmə
3751,gory,4,4,gury,4,,ɡɔːɹi,ɡʌɹi
3752,gospel,6,6,gormel,6,,ɡɑːspəl,ɡɔːɹməl
3753,gossip,6,5,gollip,5,,ɡɑːsɪp,ɡɑːlɪp
3754,gothic,6,5,guthid,5,,ɡɑːθɪk,ɡʌθɪd
3755,gotten,6,4,gollen,5,,ɡɑːʔn̩,ɡɑːlən
3756,gouge,5,3,googe,3,,ɡaʊdʒ,ɡuːdʒ
3757,gourmet,7,5,goulmit,6,,ɡʊɹmeɪ,ɡaʊlmɪt
3758,govern,6,6,gomert,6,,ɡʌvɚn,ɡoʊmɜːt
3759,government,10,10,govarnrent,10,,ɡʌvɚnmənt,ɡɑːvɑːɹnɹənt
3760,governmental,12,12,govertrencal,12,,ɡʌvɚnmɛntəl,ɡoʊvɚtɹɛŋkəl
3761,governor,8,7,govarlor,8,,ɡʌvɚnɚ,ɡɑːvɑːɹlɚ
3762,gown,4,3,golt,4,,ɡaʊn,ɡoʊlt
3763,grab,4,4,grob,4,,ɡɹæb,ɡɹɑːb
3764,grace,5,4,grart,5,,ɡɹeɪs,ɡɹɑːɹt
3765,gracious,8,6,grepious,7,,ɡɹeɪʃəs,ɡɹɛpiəs
3766,gradation,9,8,gratadion,9,,ɡɹeɪdeɪʃən,ɡɹæteɪdiən
3767,grade,5,4,grame,4,,ɡɹeɪd,ɡɹeɪm
3768,gradual,7,7,graduam,7,,ɡɹædʒuːəl,ɡɹæduːæm
3769,graduate,8,8,graduase,8,,ɡɹædʒuːət,ɡɹæduːeɪs
3770,graduation,10,10,graduapive,10,,ɡɹædʒuːeɪʃən,ɡɹæduːæpɪv
3771,grain,5,4,grath,4,,ɡɹeɪn,ɡɹæθ
3772,grammar,7,6,grimman,6,,ɡɹæmɚ,ɡɹɪmən
3773,grand,5,5,groond,5,,ɡɹænd,ɡɹuːnd
3774,grandchild,10,9,grindchold,9,,ɡɹændtʃaɪld,ɡɹaɪndkoʊld
3775,granddaughter,13,9,granddoughten,9,,ɡɹændɔːɾɚ,ɡɹændaʊʔn̩
3776,grandeur,8,7,glandoor,7,,ɡɹændʊɹ,ɡlændɔːɹ
3777,grandfather,11,10,grandfithor,10,,ɡɹændfɑːðɚ,ɡɹændfɪθɚ
3778,grandmother,11,10,grandmither,10,,ɡɹændmʌðɚ,ɡɹændmɪðɚ
3779,grandson,8,8,grindsin,8,,ɡɹændsʌn,ɡɹaɪndsɪn
3780,granite,7,6,glanick,6,,ɡɹænɪt,ɡlænɪk
3781,grant,5,5,gront,5,,ɡɹænt,ɡɹɔnt
3782,grape,5,4,graup,4,,ɡɹeɪp,ɡɹɔːp
3783,grapefruit,10,8,gripefroid,8,,ɡɹeɪpfɹuːt,ɡɹaɪpfɹɔɪd
3784,grapes,6,5,grangs,5,,ɡɹeɪps,ɡɹæŋz
3785,graph,5,4,groiph,4,,ɡɹæf,ɡɹɔɪf
3786,graphic,7,6,glaspid,7,,ɡɹæfɪk,ɡlæspɪd
3787,graphite,8,6,gralfise,7,,ɡɹæfaɪt,ɡɹælfaɪz
3788,grapple,7,6,grupple,6,,ɡɹæpəl,ɡɹʌpəl
3789,grasp,5,5,gracs,5,,ɡɹæsp,ɡɹæks
3790,grass,5,4,groos,4,,ɡɹæs,ɡɹuːz
3791,grasshopper,11,9,grasshidder,9,,ɡɹæshɑːpɚ,ɡɹæshɪdɚ
3792,grateful,8,7,graletul,7,,ɡɹeɪtfəl,ɡɹælɪtʌl
3793,grater,6,6,groter,6,,ɡɹeɪɾɚ,ɡɹoʊɾɚ
3794,gratification,13,12,gratiforalion,13,,ɡɹæɾɪfɪkeɪʃən,ɡɹæɾɪfɔːɹæliən
3795,gratitude,9,9,gratotade,8,,ɡɹæɾɪtuːd,ɡɹæɾoʊteɪd
3796,grave,5,4,grank,5,,ɡɹeɪv,ɡɹæŋk
3797,gravel,6,6,griven,6,,ɡɹævəl,ɡɹɪvən
3798,gravestone,10,8,grivestane,8,,ɡɹeɪvstoʊn,ɡɹaɪvsteɪn
3799,graveyard,9,8,griveyarb,8,,ɡɹeɪvjɑːɹd,ɡɹaɪvjɑːɹb
3800,gravitation,11,10,gravilative,10,,ɡɹævɪteɪʃən,ɡɹævɪlətɪv
3801,gravity,7,7,gravony,7,,ɡɹævᵻɾi,ɡɹævəni
3802,gravy,5,5,griby,5,,ɡɹeɪvi,ɡɹaɪbi
3803,gray,4,3,grag,4,,ɡɹeɪ,ɡɹæɡ
3804,graze,5,4,grage,4,,ɡɹeɪz,ɡɹeɪdʒ
3805,grease,6,4,groose,4,,ɡɹiːs,ɡɹuːs
3806,greasy,6,5,greafy,5,,ɡɹiːzi,ɡɹiːfaɪ
3807,great,5,4,grare,4,,ɡɹeɪt,ɡɹɛɹ
3808,grecian,7,6,graciat,7,,ɡɹiːʃən,ɡɹeɪʃət
3809,greed,5,4,grook,4,,ɡɹiːd,ɡɹʊk
3810,greek,5,4,groak,4,,ɡɹiːk,ɡɹoʊk
3811,green,5,4,groon,4,,ɡɹiːn,ɡɹuːn
3812,greet,5,4,groot,4,,ɡɹiːt,ɡɹuːt
3813,gremlin,7,7,grimlen,7,,ɡɹɛmlɪn,ɡɹɪmlən
3814,grenade,7,6,granase,6,,ɡɹəneɪd,ɡɹæneɪs
3815,grew,4,3,grel,4,,ɡɹuː,ɡɹɛl
3816,greyhound,9,7,groyhouse,6,,ɡɹeɪhaʊnd,ɡɹɔɪhaʊs
3817,grid,4,4,grod,4,,ɡɹɪd,ɡɹɑːd
3818,grief,5,4,grife,4,,ɡɹiːf,ɡɹaɪf
3819,grievance,9,7,groovades,7,,ɡɹiːvəns,ɡɹuːveɪdz
3820,grieve,6,4,groive,4,,ɡɹiːv,ɡɹɔɪv
3821,grill,5,4,groll,4,,ɡɹɪl,ɡɹoʊl
3822,grim,4,4,grig,4,,ɡɹɪm,ɡɹɪɡ
3823,grimace,7,6,gramake,6,,ɡɹɪmɪs,ɡɹæmeɪk
3824,grime,5,4,grome,4,,ɡɹaɪm,ɡɹoʊm
3825,grin,4,4,gron,4,,ɡɹɪn,ɡɹɑːn
3826,grind,5,5,grond,5,,ɡɹaɪnd,ɡɹɑːnd
3827,grinder,7,7,gronger,7,,ɡɹaɪndɚ,ɡɹɔŋɡɚ
3828,grindstone,10,9,gringstane,8,,ɡɹaɪndstoʊn,ɡɹɪŋsteɪn
3829,grip,4,4,grop,4,,ɡɹɪp,ɡɹɑːp
3830,gripe,5,4,grich,4,,ɡɹaɪp,ɡɹɪtʃ
3831,grisly,6,6,gramly,6,,ɡɹɪsli,ɡɹæmli
3832,groan,5,4,groat,4,,ɡɹoʊn,ɡɹoʊt
3833,grocer,6,6,glocet,6,,ɡɹoʊsɚ,ɡlɑːsɪt
3834,grocery,7,7,grobery,7,,ɡɹoʊsɚɹi,ɡɹoʊbɚɹi
3835,groggy,6,5,grobby,5,,ɡɹɑːɡi,ɡɹɑːbi
3836,groom,5,4,grouf,4,,ɡɹuːm,ɡɹuːf
3837,groomsman,9,8,greasemen,7,,ɡɹuːmzmən,ɡɹiːsmɛn
3838,groove,6,4,groost,5,,ɡɹuːv,ɡɹuːst
3839,gross,5,4,groidge,4,,ɡɹoʊs,ɡɹɔɪdʒ
3840,grotesque,9,7,grutedged,7,,ɡɹoʊtɛsk,ɡɹuːɾɛdʒd
3841,ground,6,5,grount,5,,ɡɹaʊnd,ɡɹaʊnt
3842,groundhog,9,8,groughcog,6,,ɡɹaʊndhɑːɡ,ɡɹʌfkɑːɡ
3843,group,5,4,groodge,4,,ɡɹuːp,ɡɹuːdʒ
3844,grove,5,4,grobs,5,,ɡɹoʊv,ɡɹɑːbz
3845,grow,4,3,groy,3,,ɡɹoʊ,ɡɹɔɪ
3846,growl,5,4,grofs,5,,ɡɹaʊl,ɡɹɑːfs
3847,growth,6,4,groice,4,,ɡɹoʊθ,ɡɹɔɪs
3848,grubby,6,5,griffy,5,,ɡɹʌbi,ɡɹɪfi
3849,grudge,6,4,gredge,4,,ɡɹʌdʒ,ɡɹɛdʒ
3850,gruesome,8,6,grumsort,8,,ɡɹuːsʌm,ɡɹʌmsɔːɹt
3851,grumble,7,7,gruttle,6,,ɡɹʌmbəl,ɡɹʌɾəl
3852,grumpy,6,6,grifty,6,,ɡɹʌmpi,ɡɹɪfti
3853,grunt,5,5,groont,5,,ɡɹʌnt,ɡɹuːnt
3854,guarantee,9,7,guarinlee,7,,ɡæɹəntiː,ɡæɹɪnliː
3855,guard,5,4,guave,4,,ɡɑːɹd,ɡwɑːv
3856,guardian,8,7,guarduad,7,,ɡɑːɹdiən,ɡɑːɹduːæd
3857,guardroom,9,7,godgeboom,6,,ɡɑːɹdɹuːm,ɡɑːdʒbuːm
3858,guardsman,9,8,gusquelan,7,,ɡɑːɹdzmən,ɡʌskwɪlæn
3859,guess,5,3,gurze,4,,ɡɛs,ɡɜːz
3860,guest,5,4,gurnt,5,,ɡɛst,ɡɜːnt
3861,guidance,8,6,geavades,6,,ɡaɪdəns,dʒiːveɪdz
3862,guide,5,3,guite,3,,ɡaɪd,ɡaɪt
3863,guilt,5,4,goult,4,,ɡɪlt,ɡoʊlt
3864,guilty,6,5,gidry,5,,ɡɪlti,ɡɪdɹi
3865,guise,5,3,goise,3,,ɡaɪz,ɡɔɪz
3866,guitar,6,5,guftor,6,,ɡɪtɑːɹ,ɡʌftɚ
3867,gull,4,3,guck,3,,ɡʌl,ɡʌk
3868,gullible,8,7,gullople,7,,ɡʌlᵻbəl,ɡʌlɑːpəl
3869,gulp,4,4,gurp,4,,ɡʌlp,ɡɜːp
3870,gum,3,3,gug,3,,ɡʌm,ɡʌɡ
3871,gun,3,3,gup,3,,ɡʌn,ɡʌp
3872,gunpoint,8,7,ganpaint,7,,ɡʌnpɔɪnt,ɡænpeɪnt
3873,gunpowder,9,8,gunpawmer,8,,ɡʌnpaʊdɚ,ɡʌnpɔːmɚ
3874,guppy,5,4,gutty,4,,ɡʌpi,ɡʌɾi
3875,gust,4,4,gure,4,,ɡʌst,ɡjɚ
3876,gusto,5,5,gistu,5,,ɡʌstoʊ,dʒɪstuː
3877,gut,3,3,gub,3,,ɡʌt,ɡʌb
3878,gutter,6,5,gudder,5,,ɡʌɾɚ,ɡʌdɚ
3879,guy,3,2,goy,2,,ɡaɪ,ɡɔɪ
3880,guzzle,6,5,guffle,5,,ɡʌzəl,ɡʌfəl
3881,gym,3,3,gam,3,,dʒɪm,ɡæm
3882,gymnast,7,7,gamnist,7,,dʒɪmnæst,ɡæmnɪst
3883,gymnastics,10,10,gymnistacs,10,,dʒɪmnæstɪks,dʒɪmnɪstæks
3884,gynecology,10,10,gynecalamy,10,,ɡaɪnɪkɑːlədʒi,ɡaɪnɪkælæmi
3885,gypsy,5,5,gapso,5,,dʒɪpsi,ɡæpsoʊ
3886,habit,5,5,hibot,5,,hæbɪt,hɪbɑːt
3887,habitable,9,9,habimably,9,,hæbɪɾəbəl,hæbaɪməbli
3888,habitant,8,8,habirent,8,,hæbɪtənt,hæbɪɹənt
3889,habitat,7,7,habotit,7,,hæbɪtæt,hæbətiːt
3890,habitation,10,9,habicative,9,,hæbɪteɪʃən,hæbɪkətɪv
3891,habitual,8,8,habotial,8,,hɐbɪtʃuːəl,hæboʊʃəl
3892,habituate,9,9,hamituase,9,,hæbɪtʃuːeɪt,hæmɪtuːeɪs
3893,hack,4,3,hars,4,,hæk,hɑːɹz
3894,hag,3,3,har,3,,hæɡ,hɑːɹ
3895,hail,4,3,hain,3,,heɪl,heɪn
3896,hair,4,3,zair,3,,hɛɹ,zɛɹ
3897,hairline,8,6,hartlive,7,,hɛɹlaɪn,hɑːɹtlɪv
3898,hairpin,7,6,hainpun,6,,hɛɹpɪn,heɪnpʌn
3899,hairy,5,4,hainy,4,,hɛɹi,heɪni
3900,half,4,3,harz,4,,hæf,hɑːɹz
3901,halfhearted,11,9,halfhearlen,10,,hæfhɑːɹɾᵻd,hæfhɪɹlən
3902,hall,4,3,houdge,3,,hɔːl,haʊdʒ
3903,Halloween,9,7,Hallawern,8,,hæloʊiːn,hælæwɚn
3904,hallucination,13,11,hallucolamion,12,,hɐluːsᵻneɪʃən,hɐluːkəlæmiən
3905,hallway,7,5,halewad,6,,hɔːlweɪ,heɪlwɑːd
3906,halo,4,4,heli,4,,heɪloʊ,hɛli
3907,halt,4,4,hoodge,3,,hɔlt,hʊddʒ
3908,halter,6,6,holten,6,,hɔltɚ,hoʊltən
3909,halve,5,3,harbs,5,,hæv,hɑːɹbz
3910,halves,6,4,halch,4,,hævz,hæltʃ
3911,ham,3,3,hab,3,,hæm,hæb
3912,hamburger,9,9,hambargen,9,,hæmbɜːɡɚ,hæmbɑːɹdʒən
3913,hammer,6,5,haffer,5,,hæmɚ,hæfɚ
3914,hammock,7,5,hazzock,5,,hæmək,hætsək
3915,hamper,6,6,harpen,6,,hæmpɚ,hɑːɹpən
3916,hamster,7,7,halsper,7,,hæmstɚ,hælspɚ
3917,hamstring,9,8,halshring,7,,hæmstɹɪŋ,hælʃɹɪŋ
3918,hand,4,4,hing,3,,hænd,hɪŋ
3919,handbag,7,7,hanebig,6,,hændbæɡ,heɪnbɪɡ
3920,handicap,8,8,handocup,8,,hændɪkæp,hændəkʌp
3921,handkerchief,12,9,handperchiep,8,,hændkɚtʃiːf,hændpɚtʃɪp
3922,handle,6,5,hintle,6,,hændəl,hɪntəl
3923,handmade,8,7,hindmake,7,,hændmeɪd,haɪndmeɪk
3924,handout,7,6,hantoot,6,,hændaʊt,hæntuːt
3925,handpick,8,7,hindpuck,7,,hændpɪk,haɪndpʌk
3926,handrail,8,7,hindrain,7,,hændɹeɪl,hɪndɹeɪn
3927,handshake,9,7,hindshike,7,,hændʃeɪk,haɪndʃaɪk
3928,handsome,8,7,hempsurt,7,,hændsʌm,hɛmpsɜːt
3929,handwoven,9,9,handwavin,9,,hændwoʊvən,hændwɐvɪn
3930,handy,5,5,hoondy,5,,hændi,huːndi
3931,hang,4,3,hant,4,,hæŋ,hænt
3932,hanged,6,4,hained,4,,hæŋd,heɪnd
3933,hanger,6,5,hingen,6,,hæŋɚ,hɪndʒən
3934,hanging,7,5,hanking,6,,hæŋɪŋ,hæŋkɪŋ
3935,hangout,7,5,hankoot,6,,hæŋɡaʊt,hæŋkuːt
3936,haphazard,9,9,haphizart,9,,hæphæzɚd,hæfɪzɑːɹt
3937,happen,6,5,haffen,5,,hæpən,hæfən
3938,happily,7,6,happory,6,,hæpɪli,hæpɚɹi
3939,happiness,9,7,happutess,7,,hæpɪnəs,hæpjuːtɛs
3940,happy,5,4,haffy,4,,hæpi,hæfi
3941,harass,6,5,herase,5,,hɚɹæs,hɛɹeɪz
3942,harbor,6,6,herbar,6,,hɑːɹbɚ,hɜːbɑːɹ
3943,hard,4,4,hielve,5,,hɑːɹd,hiːlv
3944,hardly,6,6,harply,6,,hɑːɹdli,hɑːɹpli
3945,hardy,5,5,hurpy,5,,hɑːɹdi,hɜːpi
3946,harem,5,5,heram,5,,hɑːɹiːm,hɛɹæm
3947,harm,4,4,hage,3,,hɑːɹm,heɪdʒ
3948,harmonic,8,8,harminit,8,,hɑːɹmɑːnɪk,hɑːɹmɪnɪt
3949,harmonica,9,9,harminoco,9,,hɑːɹmɑːnɪkə,hɑːɹmɪnoʊkoʊ
3950,harmonious,10,9,harmupious,8,,hɑːɹmoʊniəs,hɑːɹmjuːpiəs
3951,harmonization,13,12,harmonomarion,12,,hɑːɹmənᵻzeɪʃən,hɑːɹmənəmæɹiən
3952,harmonize,9,8,harmunaze,8,,hɑːɹmənaɪz,hɑːɹməneɪz
3953,harmony,7,7,harnomy,7,,hɑːɹməni,hɑːɹnəmi
3954,harness,7,6,hanpess,6,,hɑːɹnɪs,hænpɛs
3955,harp,4,4,hafe,3,,hɑːɹp,heɪf
3956,harpoon,7,6,hanpeen,6,,hɑːɹpuːn,hænpiːn
3957,harpsichord,11,10,harpsibrond,10,,hɑːɹpsɪkɔːɹd,hɑːɹpsɪbɹɑːnd
3958,harsh,5,4,haims,4,,hɑːɹʃ,heɪmz
3959,harvest,7,7,havrest,7,,hɑːɹvɪst,hævɹɛst
3960,hash,4,3,hame,3,,hæʃ,heɪm
3961,hassle,6,5,habble,5,,hæsəl,hæbəl
3962,haste,5,4,haint,4,,heɪst,heɪnt
3963,hasten,6,5,histin,6,,heɪsən,hɪstɪn
3964,hat,3,3,hooch,3,,hæt,huːtʃ
3965,hatch,5,3,hutch,3,,hætʃ,hʌtʃ
3966,hatchet,7,5,hitchet,5,,hætʃɪt,hɪtʃɪt
3967,hate,4,3,yide,3,,heɪt,jaɪd
3968,hatred,6,6,hutrid,6,,heɪtɹɪd,hjuːtɹɪd
3969,haunt,5,4,hounk,4,,hɔːnt,haʊŋk
3970,having,6,5,hivint,6,,hævɪŋ,hɪvɪnt
3971,havoc,5,5,hivod,5,,hævək,hɪvɑːd
3972,hawk,4,3,hosh,3,,hɔːk,hɑːʃ
3973,hay,3,2,hoy,2,,heɪ,hɔɪ
3974,hazard,6,6,huzart,6,,hæzɚd,hjuːzɑːɹt
3975,haze,4,3,harn,4,,heɪz,hɑːɹn
3976,hazel,5,5,hezal,5,,heɪzəl,hɛzəl
3977,hazy,4,4,hezy,4,,heɪzi,hɛzi
3978,head,4,3,hean,3,,hɛd,hiːn
3979,headdress,9,7,heaffress,6,,hɛddɹɛs,hiːfɹɛs
3980,headman,7,6,healmin,6,,hɛdmən,hiːlmɪn
3981,headrest,8,7,heaprust,7,,hɛdɹɛst,hiːpɹʌst
3982,heal,4,3,hool,3,,hiːl,huːl
3983,health,6,4,heague,3,,hɛlθ,hiːɡ
3984,healthy,7,5,hearthy,5,,hɛlθi,hɑːɹθi
3985,heap,4,3,hoip,3,,hiːp,hɔɪp
3986,hear,4,3,hoin,3,,hɪɹ,hɔɪn
3987,heard,5,4,healm,4,,hɜːd,hiːlm
3988,hearing,7,5,heaming,5,,hɪɹɪŋ,hiːmɪŋ
3989,hearsay,7,5,healsoy,5,,hɪɹseɪ,hiːlsɔɪ
3990,hearse,6,4,healms,5,,hɜːs,hiːlmz
3991,heartless,9,7,houthness,6,,hɑːɹtləs,haʊθnəs
3992,hearty,6,5,houthy,4,,hɑːɹɾi,haʊθi
3993,heat,4,3,jeat,3,,hiːt,dʒiːt
3994,heath,5,3,hooth,3,,hiːθ,huːθ
3995,heather,7,5,hounter,6,,hɛðɚ,haʊntɚ
3996,heatstroke,10,8,healstrake,8,,hiːtstɹoʊk,hiːlstɹeɪk
3997,heave,5,3,zeave,3,,hiːv,ziːv
3998,heaven,6,5,houden,5,,hɛvən,haʊdən
3999,heavy,5,4,houny,4,,hɛvi,haʊni
4000,heavyweight,11,7,heavymeight,7,,hɛviweɪt,hɛvimeɪt
4001,Hebrew,6,5,Hobrey,5,,hiːbɹuː,hɑːbɹi
4002,hectic,6,6,hemtip,6,,hɛktɪk,hɛmtɪp
4003,hedge,5,3,henge,4,,hɛdʒ,hɛndʒ
4004,hefty,5,5,hofty,5,,hɛfti,hɔfti
4005,height,6,3,hought,3,,haɪt,hɔːt
4006,heighten,8,4,hourthen,6,,haɪʔn̩,aʊɚðən
4007,heist,5,4,hoost,4,,haɪst,huːst
4008,held,4,4,hern,3,,hɛld,hɜːn
4009,helicopter,10,10,helimopler,10,,hɛlɪkɑːptɚ,hɛlɪmɑːpəlɚ
4010,helium,6,6,hetiom,6,,hiːliəm,hɛɾɪəm
4011,hell,4,3,helk,4,,hɛl,hɛlk
4012,hello,5,4,hollu,4,,həloʊ,hɑːluː
4013,helmet,6,6,hilmoot,6,,hɛlmɪt,hɪlmuːt
4014,help,4,4,herg,4,,hɛlp,hɜːɡ
4015,helpless,8,7,helkness,7,,hɛlpləs,hɛlknəs
4016,hem,3,3,hom,3,,hɛm,hɑːm
4017,hemisphere,10,8,hemospheve,8,,hɛmɪsfɪɹ,hiːməsfɛv
4018,hemispherical,13,12,hemisphorizal,12,,hɛmɪsfɛɹɪkəl,hɛmɪsfɚɹɪzəl
4019,hemorrhage,10,7,haemonphage,8,,hɛmɚɹɪdʒ,hiːmɑːnfɪdʒ
4020,hen,3,3,hoim,3,,hɛn,hɔɪm
4021,herald,6,6,henard,6,,hɛɹəld,hɛnɑːɹd
4022,herb,4,4,herf,4,,ɜːb,hɜːf
4023,herdsman,8,8,hardsmen,8,,hɜːdzmən,hɑːɹdzmɛn
4024,hereabout,9,7,hereapoot,7,,hɪɹɐbaʊt,hɪɹɐpuːt
4025,hereafter,9,8,hereadler,8,,hɪɹæftɚ,hɪɹædlɚ
4026,hereditary,10,10,heredopary,10,,hɚɹɛdətɛɹi,hɪɹɛdəpɛɹi
4027,heritage,8,7,herotade,7,,hɛɹɪɾɪdʒ,hiəɹoʊteɪd
4028,hermit,6,6,hemrit,6,,hɜːmɪt,hɛmɹɪt
4029,hernia,6,6,hermoa,6,,hɜːniə,hɜːmoʊə
4030,hero,4,4,hara,4,,hiəɹoʊ,hɑːɹɹə
4031,heroic,6,6,heboin,6,,hɪɹoʊɪk,hɛbɔɪn
4032,heroics,7,7,heboins,7,,hɪɹoʊɪks,hɛbɔɪnz
4033,heroin,6,6,heroid,6,,hɛɹoʊɪn,hiəɹoʊɪd
4034,heroism,7,9,heroids,7,,hɛɹoʊɪzəm,hiəɹoʊɪdz
4035,herself,7,7,henselt,7,,hɜːsɛlf,hɛnsɛlt
4036,hesitant,8,8,hesotint,8,,hɛzɪtənt,hɛsətɪnt
4037,hesitation,10,9,hesilative,9,,hɛzɪteɪʃən,hɛsɪlətɪv
4038,heterogeneous,13,12,heterimepious,12,,hɛɾɚɹədʒiːniəs,hɛɾɚɹaɪmpiəs
4039,heterosexual,12,13,heterisenuad,13,,hɛɾɚɹəsɛkʃuːəl,hɛɾɚɹaɪsnuːæd
4040,hew,3,3,hif,3,,hjuː,hɪf
4041,hexagon,7,8,hexogin,8,,hɛksæɡən,hɛksədʒɪn
4042,hexagonal,9,10,hexacocer,10,,hɛksɐɡənəl,hɛksɐkoʊsɚ
4043,heyday,6,4,hoydan,5,,heɪdeɪ,hɔɪdən
4044,hibernate,9,8,hibarnale,8,,haɪbɚneɪt,hɪbɑːɹneɪl
4045,hibernation,11,10,himerlative,9,,haɪbɚneɪʃən,haɪmɚlətɪv
4046,hiccup,6,5,hirrup,5,,hɪkʌp,hɪɹʌp
4047,hid,3,3,hosk,4,,hɪd,hɑːsk
4048,hidden,6,4,hiffen,5,,hɪdən,hɪfən
4049,hide,4,3,hime,3,,haɪd,haɪm
4050,hideaway,8,6,hideawop,7,,haɪdəweɪ,haɪdæwəp
4051,hideous,7,6,hidioos,6,,hɪdiəs,hɪdɪuːz
4052,hideout,7,5,hikeoot,5,,haɪdaʊt,haɪkuːt
4053,hiding,6,5,hawing,5,,haɪdɪŋ,hɔːɪŋ
4054,hierarchy,9,8,hiorerphy,8,,haɪɚɹɑːɹki,hɪɔːɹəfi
4055,hieroglyphic,12,11,hieroplaurid,10,,haɪɚɹəɡlɪfɪk,haɪɚɹəplɔːɹɪd
4056,high,4,2,hisk,4,,haɪ,hɪsk
4057,highlight,9,5,hethleart,7,,haɪlaɪt,hɛθlɪɹt
4058,highway,7,4,hethday,5,,haɪweɪ,hɛθdeɪ
4059,hijack,6,5,hojick,5,,haɪdʒæk,hɑːdʒɪk
4060,hike,4,3,himp,4,,haɪk,hɪmp
4061,hilarious,9,8,hilapious,8,,hɪlɛɹiəs,hɪlæpiəs
4062,hill,4,3,higs,4,,hɪl,hɪɡz
4063,hinder,6,6,hunder,6,,hɪndɚ,hʌndɚ
4064,hindrance,9,8,hundrince,8,,hɪndɹəns,hʌndɹɪns
4065,hindsight,9,7,hundserth,8,,haɪndsaɪt,hʌndsɚθ
4066,Hinduism,8,9,hintuive,7,,hɪnduːɪzəm,hɪntuːɪv
4067,hinge,5,4,hoinge,4,,hɪndʒ,hoʊɪndʒ
4068,hint,4,4,hent,4,,hɪnt,hɛnt
4069,hip,3,3,hup,3,,hɪp,hʌp
4070,hippopotamus,12,11,hippopitomis,11,,hɪpəpɑːɾæməs,hɪpəpɪɾəmɪs
4071,hire,4,4,hure,4,,haɪɚ,hjʊɹ
4072,historian,9,9,histumion,9,,hɪstɔːɹiən,hɪstuːmiən
4073,historic,8,8,histomid,8,,hɪstɔːɹɪk,hɪstəmɪd
4074,history,7,7,histumy,7,,hɪstɚɹi,hɪstʌmi
4075,hit,3,3,hoit,3,,hɪt,hɔɪt
4076,hitch,5,3,hotch,3,,hɪtʃ,hɑːtʃ
4077,hither,6,5,huther,5,,hɪðɚ,hʌðɚ
4078,hive,4,3,hish,3,,haɪv,hɪʃ
4079,hives,5,4,hings,4,,haɪvz,hɪŋz
4080,hoard,5,4,hoach,3,,hɔːɹd,hoʊtʃ
4081,hoarding,8,6,hoonsing,6,,hɔːɹdɪŋ,huːnsɪŋ
4082,hoax,4,4,hoang,3,,hoʊks,hoʊŋ
4083,hobby,5,4,hoggy,4,,hɑːbi,hɑːɡi
4084,hockey,6,4,hicfer,6,,hɑːki,hɪkfɚ
4085,hoe,3,2,hoons,4,,hoʊ,huːnz
4086,hoist,5,4,hoifs,4,,hɔɪst,hɔɪfs
4087,hold,4,4,hoil,3,,hoʊld,hɔɪl
4088,holdup,6,6,holkum,6,,hoʊldʌp,hɑːlkəm
4089,hole,4,3,hofe,3,,hoʊl,hoʊf
4090,holiday,7,6,holomay,6,,hɑːlɪdeɪ,hɑːləmeɪ
4091,holiness,8,7,holuless,7,,hoʊlinəs,hɑːluːləs
4092,hollow,6,4,hoffow,4,,hɑːloʊ,hɑːfaʊ
4093,holly,5,4,hozzy,4,,hɑːli,hɑːzi
4094,holocaust,9,8,holucaist,8,,hɑːləkɔːst,hɑːluːkeɪɪst
4095,holster,7,7,honpler,7,,hoʊlstɚ,hɑːnplɚ
4096,holy,4,4,helu,4,,hoʊli,hɛluː
4097,home,4,3,haum,3,,hoʊm,haʊm
4098,homely,6,5,himely,5,,hoʊmli,haɪmli
4099,homemade,8,6,honenade,6,,hoʊmmeɪd,hoʊnneɪd
4100,homesick,8,6,honesilk,7,,hoʊmsɪk,hoʊnsɪlk
4101,homicidal,9,8,homimidic,9,,hɑːmɪsaɪdəl,hɑːmɪmɪdɪk
4102,homicide,8,7,homocade,7,,hɑːmɪsaɪd,hɑːməkeɪd
4103,homogeneous,11,10,homopetuous,10,,həmoʊdʒniəs,həmoʊptʃuːəs
4104,homogenize,10,9,horogecive,9,,hɑːmoʊdʒənaɪz,hɔːɹoʊdʒsɪv
4105,homosexual,10,11,homosimual,11,,hoʊmoʊsɛkʃuːəl,hoʊmoʊsɪmjuːəl
4106,hone,4,3,homs,4,,hoʊn,hɑːmz
4107,honest,6,5,hanert,5,,ɑːnɪst,hænɚt
4108,honesty,7,6,honisry,6,,ɑːnɪsti,hɑːnɪsɹi
4109,honey,5,4,hanen,5,,hʌni,heɪnən
4110,honeydew,8,7,honoydaw,6,,hʌnɪduː,hɑːnɔɪdɔː
4111,honeymoon,9,7,honoypoon,7,,hʌnɪmuːn,hɑːnɔɪpuːn
4112,honor,5,4,honier,5,,ɑːnɚ,hoʊniɚ
4113,honorable,9,8,honocably,8,,ɑːnɚɹəbəl,hɑːnəkəbli
4114,honorarily,10,9,honoranomy,9,,ɑːnɚɹɛɹᵻli,ɑːnɔːɹænəmi
4115,honorary,8,7,honamofy,7,,ɑːnɚɹɛɹi,hɑːnɐmɑːfaɪ
4116,hood,4,3,hoon,3,,hʊd,huːn
4117,hook,4,3,heek,3,,hʊk,hiːk
4118,hookup,6,5,hoakip,5,,hʊkʌp,hoʊkɪp
4119,hoop,4,3,hoong,3,,huːp,huːŋ
4120,hop,3,3,hoyth,3,,hɑːp,hɔɪθ
4121,hope,4,3,hoge,3,,hoʊp,hoʊdʒ
4122,hopscotch,9,7,hodscatch,7,,hɑːpskɑːtʃ,hɑːdskætʃ
4123,horizon,7,7,horozin,7,,hɚɹaɪzən,hɔːɹəzɪn
4124,horizontal,10,9,horitoncal,10,,hɔːɹɪzɔntəl,hɔːɹɪtɑːŋkəl
4125,hormonal,8,7,hormunil,8,,hɔːɹmoʊnəl,hɔːɹmjuːnɪl
4126,hormone,7,6,hurmosh,6,,hɔːɹmoʊn,hɜːmɑːʃ
4127,horn,4,4,hurn,4,,hɔːɹn,hɜːn
4128,hornet,6,6,hurpet,6,,hɔːɹnɪt,hɜːpɪt
4129,horoscope,9,8,horascape,8,,hɔːɹəskoʊp,hɔːɹɐskeɪp
4130,horrendous,10,8,horrinpous,8,,hɔɹɛndəs,hɔːɹɪnpəs
4131,horrible,8,7,horromle,7,,hɔːɹɪbəl,hɔɹɑːməl
4132,horrid,6,5,honnid,5,,hɔːɹɪd,hɑːnɪd
4133,horrify,7,6,horroty,6,,hɔːɹɪfaɪ,hɔɹɑːɾi
4134,horror,6,5,hoffor,5,,hɔɹɚ,hɑːfɚ
4135,horse,5,4,horms,5,,hɔːɹs,hɔːɹmz
4136,horseshoe,9,6,hersesloe,6,,hɔːɹsʃuː,hɜːsɪsloʊ
4137,horsewhip,9,8,hersewhap,7,,hɔːɹswɪp,hɜːsjuːhæp
4138,horticulture,12,11,hortimultude,11,,hɔːɹɾɪkʌltʃɚ,hɔːɹɾɪmʌltuːd
4139,hose,4,3,zoze,3,,hoʊz,zoʊz
4140,hospitable,10,10,hosnitubly,10,,hɑːspɪɾəbəl,hɑːsnɪtʌbli
4141,hospital,8,7,hostipal,8,,hɑːspɪɾəl,hɑːstɪpəl
4142,hospitality,11,11,hospiralomy,11,,hɑːspɪtælᵻɾi,həspaɪɚɹələmi
4143,hospitalization,15,14,hospitilazirion,15,,hɑːspɪɾəlᵻzeɪʃən,hɑːspɪtɪlɐzɪɹiən
4144,hospitalize,11,10,hospatelive,10,,hɑːspɪɾəlaɪz,hɑːspeɪtlɪv
4145,host,4,4,hust,4,,hoʊst,hʌst
4146,hostage,7,6,hustays,6,,hɑːstɪdʒ,hʌsteɪz
4147,hostel,6,5,hispel,6,,hɑːstəl,hɪspɛl
4148,hostess,7,6,huffase,5,,hoʊstɛs,hʌfeɪs
4149,hostility,9,9,hostinimy,9,,hɑːstɪlᵻɾi,hɑːstɪnɪmi
4150,hot,3,3,zot,3,,hɑːt,zɑːt
4151,hotel,5,5,herel,5,,hoʊtɛl,hɪɹl
4152,hotheaded,9,8,hothoaded,8,,həthɛdᵻd,hɑːθoʊdᵻd
4153,hotshot,7,5,holdrot,7,,hɑːtʃɑːt,hoʊldɹɑːt
4154,hound,5,4,hourt,4,,haʊnd,aʊɚt
4155,hour,4,3,ower,3,,aʊɚ,oʊɚ
4156,house,5,3,houch,3,,haʊs,haʊtʃ
4157,houseboat,9,6,heaseboot,6,,haʊsboʊt,hiːsbuːt
4158,housecoat,9,6,heasecoot,6,,haʊskoʊt,hiːskuːt
4159,housefly,8,6,heaseflu,6,,haʊsflaɪ,hiːsfluː
4160,household,9,7,heaseheld,7,,haʊshoʊld,hiːshɛld
4161,houseless,9,6,hooshness,6,,haʊsləs,huːʃnəs
4162,houses,6,5,heases,5,,haʊzᵻz,hiːsᵻz
4163,housewife,9,6,hooshwine,6,,haʊswaɪf,huːʃwaɪn
4164,housework,9,7,hooshworm,7,,haʊswɜːk,huːʃwɜːm
4165,housing,7,5,heasind,6,,haʊzɪŋ,hiːsɪnd
4166,howl,4,3,hoid,3,,haʊl,hɔɪd
4167,hub,3,3,hudge,3,,hʌb,hʌdʒ
4168,huckleberry,11,9,huckdeverny,10,,hʌklɪbɛɹi,hʌkdɪvɚni
4169,huddle,6,4,hummle,5,,hʌdəl,hʌməl
4170,hug,3,3,hig,3,,hʌɡ,hɪɡ
4171,huge,4,4,hube,4,,hjuːdʒ,hjuːb
4172,hulk,4,4,hulsh,4,,hʌlk,hʌlʃ
4173,hull,4,3,huck,3,,hʌl,hʌk
4174,hum,3,3,huv,3,,hʌm,hʌv
4175,human,5,6,hylin,5,,hjuːmən,haɪlɪn
4176,humane,6,6,hymape,5,,hjuːmeɪn,haɪmeɪp
4177,humanism,8,10,huganise,8,,hjuːmənɪzəm,hjuːɡɐnaɪz
4178,humanistic,10,11,huminastal,11,,hjuːmɐnɪstɪk,hjuːmɪnæstəl
4179,humanitarian,12,13,humanotavial,13,,hjuːmɐnɪtɛɹiən,hjuːmɐnəteɪvɪəl
4180,humanity,8,9,humalipy,9,,hjuːmænᵻɾi,hjuːmɐlɪpi
4181,humanization,12,12,humanoralion,13,,hjuːmɐnᵻzeɪʃən,hjuːmɐnɔːɹæliən
4182,humanize,8,8,huminaze,8,,hjuːmənaɪz,hjuːmɪneɪz
4183,humble,6,6,himple,6,,hʌmbəl,hɪmpəl
4184,humid,5,6,hymod,5,,hjuːmɪd,haɪmɑːd
4185,humidify,8,9,humitiry,9,,hjuːmɪdᵻfaɪ,hjuːmɪtaɪɚɹi
4186,humidity,8,9,humitidy,9,,hjuːmɪdᵻɾi,hjuːmɪtɪdi
4187,humidly,7,8,humodry,8,,hjuːmɪdli,hjuːmɑːdɹi
4188,humiliate,9,9,huminiaze,9,,hjuːmɪlɪeɪt,hjuːmɪnɪeɪz
4189,hummingbird,11,9,hummangtird,9,,hʌmɪŋbɜːd,hʌmɐŋtɜːd
4190,humor,5,6,hemar,5,,hjuːmɚ,hɛmɚ
4191,humorist,8,9,humarion,9,,hjuːmɔːɹɪst,hjuːmæɹiən
4192,humorless,9,9,humarness,9,,hjuːmɚləs,hjuːmɚnəs
4193,hump,4,4,hoomp,4,,hʌmp,huːmp
4194,hunch,5,4,honch,4,,hʌntʃ,hɑːntʃ
4195,hundred,7,7,hinbrad,7,,hʌndɹɪd,hɪnbɹæd
4196,hung,4,3,houng,3,,hʌŋ,haʊŋ
4197,Hungarian,9,9,Hungapion,9,,hʌŋɡɛɹiən,hʌŋɡæpiən
4198,hunger,6,6,hingar,6,,hʌŋɡɚ,hɪŋɡɚ
4199,hunk,4,4,hink,4,,hʌŋk,hɪŋk
4200,hunt,4,4,hune,4,,hʌnt,hjuːn
4201,hunter,6,6,hanten,6,,hʌntɚ,hænʔn̩
4202,huntress,8,7,hintruss,7,,hʌntɹəs,hɪntɹʌs
4203,hurdle,6,5,hungle,6,,hɜːdəl,hʌŋɡəl
4204,hurl,4,4,horl,4,,hɜːl,hɔːɹl
4205,hurrah,6,4,hummah,4,,hɚɹɑː,hʌmə
4206,hurricane,9,7,hurrocale,7,,hɜːɹᵻkeɪn,hɜːɹəkeɪl
4207,hurry,5,4,huzzy,4,,hɜːɹi,hʌzi
4208,hurt,4,4,hurk,4,,hɜːt,hɜːk
4209,husband,7,7,hunbind,7,,hʌsbənd,hʌnbaɪnd
4210,hush,4,3,hoosh,3,,hʌʃ,huːʃ
4211,husky,5,5,hasky,5,,hʌski,hæski
4212,hustle,6,5,histen,6,,hʌsəl,hɪsən
4213,hut,3,3,hus,3,,hʌt,huːz
4214,hybrid,6,6,hubrad,6,,haɪbɹɪd,hʌbɹæd
4215,hydrant,7,7,hudrane,7,,haɪdɹənt,hʌdɹeɪn
4216,hydrate,7,6,hudrake,6,,haɪdɹeɪt,hʌdɹeɪk
4217,hydraulic,9,8,hydrainic,8,,haɪdɹɔːlɪk,haɪdɹeɪnɪk
4218,hydrocarbon,11,11,hydrabarcon,11,,haɪdɹəkɑːɹbən,haɪdɹɐbɑːɹkən
4219,hydrogen,8,8,hydragin,8,,haɪdɹədʒən,haɪdɹɐdʒɪn
4220,hydroplane,10,9,hydraplace,9,,haɪdɹəpleɪn,haɪdɹɐpleɪs
4221,hydroxide,9,9,hydraxade,8,,haɪdɹɑːksaɪd,haɪdɹɐkseɪd
4222,hyena,5,5,hyoni,5,,haɪiːnə,haɪoʊni
4223,hygiene,7,5,hugrene,6,,haɪdʒiːn,hʌɡɹɛn
4224,hygienic,8,7,hyriemid,7,,haɪdʒiːnɪk,haɪɹɪmɪd
4225,hygienist,9,8,hygainise,7,,haɪdʒiːnɪst,haɪɡeɪnaɪz
4226,hyperbole,9,9,hypetrola,9,,haɪpɜːbəli,haɪpɪtɹoʊlə
4227,hypercritical,13,13,hypercrotoral,12,,haɪpɚkɹɪɾɪkəl,haɪpɚkɹoʊɾɚɹəl
4228,hyphen,6,5,huphin,5,,haɪfən,hʌfɪn
4229,hyphenate,9,7,hyphinase,7,,haɪfəneɪt,haɪfɪneɪs
4230,hypnosis,8,8,hypnusos,8,,hɪpnoʊsɪs,hɪpnuːsoʊz
4231,hypnotic,8,8,hypnutin,8,,hɪpnɑːɾɪk,hɪpnuːtɪn
4232,hypnotism,9,10,hypnatics,9,,hɪpnətɪzəm,hɪpnæɾɪks
4233,hypnotist,9,9,hypnulist,9,,hɪpnətɪst,hɪpnuːlɪst
4234,hypnotize,9,8,hypnutaze,8,,hɪpnətaɪz,hɪpnuːteɪz
4235,hypocrisy,9,9,hypornity,9,,hɪpɑːkɹəsi,haɪpoʊrnaɪɾi
4236,hypocrite,9,8,hypucrate,8,,hɪpəkɹɪt,haɪpəkɹeɪt
4237,hypocritical,12,12,hypocrotomal,12,,hɪpəkɹɪɾɪkəl,hɪpəkɹoʊɾɑːməl
4238,hypodermic,10,10,hymodestic,10,,haɪpədɜːmɪk,haɪmədɛstɪk
4239,hypotenuse,10,9,hypodecide,9,,haɪpɑːtənuːs,haɪpədɛsaɪd
4240,hypothesis,10,9,hyprocenis,10,,haɪpɑːθəsɪs,haɪpɹoʊsniz
4241,hypothesize,11,9,hyprocesive,10,,haɪpɑːθəsaɪz,haɪpɹoʊssɪv
4242,hypothetical,12,11,hypothitemal,11,,haɪpəθɛɾɪkəl,haɪpoʊθaɪtməl
4243,hysteria,8,8,hysmetia,7,,hɪstɪɹiə,hɪsmiːʃə
4244,ice,3,2,oup,2,,aɪs,uːp
4245,icebreaker,10,8,icefreaker,8,,aɪsbɹeɪkɚ,aɪsfɹiːkɚ
4246,icehouse,8,5,idehease,5,,aɪshaʊs,aɪdhiːs
4247,iceman,6,5,idemen,6,,aɪsmən,aɪdmɛn
4248,icy,3,3,ico,3,,aɪsi,aɪkoʊ
4249,idea,4,4,imeo,4,,aɪdiə,ɪmɪoʊ
4250,ideal,5,5,iduel,5,,aɪdiəl,aɪduːl
4251,idealism,8,9,idoatish,7,,aɪdiəlɪzəm,aɪdoʊɾɪʃ
4252,idealistic,10,10,idualintor,10,,aɪdiəlɪstɪk,aɪduːælɪntɔːɹ
4253,idealization,12,11,ideolamalion,12,,aɪdiəlᵻzeɪʃən,aɪdɪɑːlɐmæliən
4254,idealize,8,7,idiolaze,7,,aɪdiəlaɪz,ɪdɪɑːleɪz
4255,ideally,7,6,idoarry,6,,aɪdiəli,aɪdɔːɹi
4256,identical,9,9,idestonal,9,,aɪdɛntɪkəl,aɪdstɑːnəl
4257,identification,14,13,idenfiticorion,14,,aɪdɛntɪfɪkeɪʃən,aɪdənfɪɾɪkɔːɹiən
4258,identify,8,8,idestany,8,,aɪdɛntᵻfaɪ,aɪdstəni
4259,ideology,8,8,idealory,8,,aɪdɪɑːlədʒi,aɪdiəlɚɹi
4260,idiot,5,5,idoel,5,,ɪdɪət,aɪdoʊl
4261,idiotic,7,7,idiatel,7,,ɪdɪɑːɾɪk,ɪdɪeɪɾəl
4262,idle,4,3,izle,4,,aɪdəl,ɪzəl
4263,idolize,7,5,idulaze,6,,aɪdəlaɪz,aɪdʒuːleɪz
4264,ignite,6,5,ingite,5,,ɪɡnaɪt,ɪŋɡaɪt
4265,ignition,8,7,ignotive,7,,ɪɡnɪʃən,ɪɡnɑːɾɪv
4266,ignorance,9,8,ignidance,8,,ɪɡnɚɹəns,ɪɡnɪdəns
4267,ignorant,8,8,ignimant,8,,ɪɡnɚɹənt,ɪɡnɪmənt
4268,ignore,6,5,ingore,5,,ɪɡnɔːɹ,ɪŋɡɔːɹ
4269,iguana,6,6,iruano,6,,ɪɡjuːɑːnə,ɜːɹuːɑːnoʊ
4270,ill,3,2,zith,3,,ɪl,zɪθ
4271,illegal,7,7,illogul,6,,ɪliːɡəl,ɪlɑːɡʌl
4272,illegality,10,10,illegolimy,9,,ɪliːɡælᵻɾi,ɪlɛɡəlɪmi
4273,illegally,9,7,illogarny,8,,ɪliːɡəli,ɪlɑːɡɑːɹni
4274,illegibility,12,12,illegobalory,11,,ɪlɛdʒəbɪlᵻɾi,ɪlɛɡəbælɚɹi
4275,illegible,9,9,ilsegibly,8,,ɪlɛdʒəbəl,ɪlsɪdʒᵻbli
4276,illegibly,9,9,illogible,8,,ɪlɛdʒəbli,ɪlɑːɡᵻbəl
4277,illegitimate,12,10,illegatomale,10,,ɪlədʒɪɾᵻmət,ɪlɛɡɐtɑːmeɪl
4278,illicit,7,7,illucin,6,,ɪlɪsɪt,ɪluːsɪn
4279,illiterate,10,9,illinaraze,8,,ɪlɪɾɚɹət,ɪlɪnæɹəz
4280,illogical,9,9,illegital,8,,ɪlɑːdʒɪkəl,ɪlədʒɪɾəl
4281,illuminate,10,8,illodimate,8,,ɪluːmᵻneɪt,ɪlɑːdᵻmeɪt
4282,illusion,8,6,illasive,6,,ɪluːʒən,ɪleɪsɪv
4283,illustrate,10,8,illistrale,8,,ɪləstɹeɪt,ɪlɪstɹeɪl
4284,illustration,12,10,ilrasprative,11,,ɪləstɹeɪʃən,ɪlɹɐspɹətɪv
4285,illustrative,12,10,illistrotive,10,,ɪləstɹətɪv,ɪlɪstɹətɪv
4286,illustrious,11,9,illisprious,9,,ɪlʌstɹiəs,ɪlɪspɹiəs
4287,image,5,4,inase,4,,ɪmɪdʒ,ɪnæs
4288,imaginable,10,10,imagobarle,10,,ɪmædʒɪnəbəl,ɪmæɡəbɑːɹl
4289,imaginary,9,9,imagomary,9,,ɪmædʒɪnɛɹi,ɪmæɡəmɛɹi
4290,imagination,11,10,imagomalion,11,,ɪmædʒᵻneɪʃən,ɪmæɡəmæliən
4291,imaginative,11,10,imagomarive,10,,ɪmædʒɪnətɪv,ɪmæɡəmɚɹɪv
4292,imagine,7,6,imogane,6,,ɪmædʒɪn,ɪmɑːɡeɪn
4293,imbalance,9,8,imbanades,8,,ɪmbæləns,ɪmbæneɪdz
4294,imitate,7,6,imotale,6,,ɪmᵻteɪt,ɪmɑːɾeɪl
4295,imitation,9,8,imodalion,9,,ɪmɪteɪʃən,ɪmədæliən
4296,imitative,9,8,imilatist,9,,ɪmᵻteɪɾɪv,ɪmɪlətɪst
4297,immaculate,10,9,immatucate,9,,ɪmækjʊlət,ɪmɐtuːkeɪt
4298,immature,8,6,immotude,7,,ɪmətʃʊɹ,ɪmɑːɾuːd
4299,immaturity,10,9,immatoniry,9,,ɪmətʃʊɹɹᵻɾi,ɪmɐtɑːnaɪɚɹi
4300,immeasurable,12,11,immeasorople,10,,ɪmɛʒɚɹəbəl,ɪmiːsɔːɹɑːpəl
4301,immediacy,9,8,immociary,8,,ɪmiːdɪəsi,ɪmoʊʃɚɹi
4302,immediate,9,7,immoriase,7,,ɪmiːdɪət,ɪmɔːɹɪeɪs
4303,immense,7,5,innense,5,,ɪmɛns,ɪnnɛns
4304,immerse,7,5,innerse,5,,ɪmɜːs,ɪnɜːs
4305,immigrant,9,8,immograne,7,,ɪmɪɡɹənt,ɪmɑːɡɹeɪn
4306,immigrate,9,7,immograle,7,,ɪmɪɡɹeɪt,ɪmɑːɡɹeɪl
4307,immigration,11,9,immagrutive,9,,ɪmɪɡɹeɪʃən,ɪmæɡɹuːtɪv
4308,immobile,8,7,immabale,6,,ɪmoʊbaɪl,ɪmæbeɪl
4309,immobility,10,10,immobolamy,9,,ɪmoʊbɪlᵻɾi,ɪmɑːbəlæmi
4310,immobilize,10,9,impodinize,9,,ɪmoʊbɪlaɪz,ɪmpɑːdɪnaɪz
4311,immodest,8,8,immulast,8,,ɪmoʊdɪst,ɪmjʊlæst
4312,immoral,7,7,immarol,6,,ɪmɔːɹəl,ɪmɚɹɑːl
4313,immorality,10,9,immorolafy,9,,ɪməɹælᵻɾi,ɪmɔːɹəlæfaɪ
4314,immortal,8,7,immarten,7,,ɪmɔːɹɾəl,ɪmɑːɹʔn̩
4315,immortality,11,11,immortolory,10,,ɪmɔːɹtælᵻɾi,ɪmɔːɹɾəlɚɹi
4316,immortalize,11,9,imporcalist,11,,ɪmɔːɹɾəlaɪz,ɪmpɔːɹkəlɪst
4317,immovable,9,9,immoranle,8,,ɪmuːvəbəl,ɪmɔːɹænəl
4318,immovably,9,9,immorable,8,,ɪmuːvəbli,ɪmɔːɹəbəl
4319,immune,6,5,illune,5,,ɪmjuːn,ɪluːn
4320,immunity,8,8,imturily,9,,ɪmjuːnᵻɾi,ɪmtjʊɹili
4321,immunization,12,11,immunomarion,12,,ɪmjuːnᵻzeɪʃən,ɪmjuːnəmæɹiən
4322,immunize,8,7,immonaze,6,,ɪmjuːnaɪz,ɪmɑːneɪz
4323,impact,6,6,inpoft,6,,ɪmpækt,ɪnpɔft
4324,impacted,8,8,impicted,8,,ɪmpæktᵻd,ɪmpɪktᵻd
4325,impair,6,5,inpaid,5,,ɪmpɛɹ,ɪnpeɪd
4326,impart,6,6,inpert,6,,ɪmpɑːɹt,ɪnpɚt
4327,impartial,9,8,impurtian,9,,ɪmpɑːɹʃəl,ɪmpɜːʃən
4328,impartiality,12,12,imparmiolury,11,,ɪmpɑːɹʃɪælᵻɾi,ɪmpɑːɹmɪɑːljʊɹi
4329,impartially,11,9,impercialmy,11,,ɪmpɑːɹʃəli,ɪmpɜːʃəlmi
4330,impassable,10,9,imsessably,9,,ɪmpæsəbəl,ɪmsɛsəbli
4331,impatience,10,8,impalieves,8,,ɪmpeɪʃəns,ɪmpæliːvz
4332,impatient,9,8,imporient,9,,ɪmpeɪʃənt,ɪmpɔːɹiənt
4333,impeach,7,5,inperch,6,,ɪmpiːtʃ,ɪnpɚtʃ
4334,impeccable,10,9,imperragle,9,,ɪmpɛkəbəl,ɪmpɛɹæɡəl
4335,impediment,10,10,impatimize,9,,ɪmpɛdɪmənt,ɪmpæɾɪmaɪz
4336,impending,9,8,impinling,8,,ɪmpɛndɪŋ,ɪmpɪnlɪŋ
4337,impenetrability,15,15,impenestanality,15,,ɪmpɛnɪtɹəbɪlᵻɾi,ɪmpɛnɪstɐnælᵻɾi
4338,impenetrably,12,12,impenotrufly,12,,ɪmpɛnɪtɹəbli,ɪmpɛnətɹʌflaɪ
4339,imperative,10,9,imderatoid,9,,ɪmpɛɹətɪv,ɪmdɜːɹɐtɔɪd
4340,imperfect,9,9,impennuct,8,,ɪmpɜːfɛkt,ɪmpɛnʌkt
4341,imperfection,12,11,ibberfictive,10,,ɪmpɚfɛkʃən,ɪbɚfɪktɪv
4342,imperial,8,8,impomial,8,,ɪmpɪɹiəl,ɪmpoʊmɪəl
4343,imperialistic,13,13,imperoanustin,14,,ɪmpɪɹiəlɪstɪk,ɪmpɜːɹoʊnʌstɪn
4344,imperishable,12,11,imgerishotle,11,,ɪmpɛɹɪʃəbəl,ɪmdʒɛɹɪʃɑːɾəl
4345,impermeable,11,11,impardeably,10,,ɪmpɜːməbəl,ɪmpɑːɹdəbli
4346,impersonal,10,10,imfertenal,10,,ɪmpɜːsənəl,ɪmfɜːtiːnəl
4347,impersonate,11,10,imparbonaze,10,,ɪmpɜːsəneɪt,ɪmpɑːɹbəneɪz
4348,impersonation,13,12,impersinarion,13,,ɪmpɜːsəneɪʃən,ɪmpɜːsɪnɑːɹɹiən
4349,impersonator,12,11,imporsoralor,12,,ɪmpɜːsəneɪɾɚ,ɪmpɔːɹsɔːɹælɚ
4350,impertinent,11,10,imserritent,10,,ɪmpɜːtɪnənt,ɪmsɛɹɪtənt
4351,implant,7,7,inplane,6,,ɪmplænt,ɪnpleɪn
4352,implement,9,9,implogint,9,,ɪmplɪmənt,ɪmplɑːdʒɪnt
4353,implicate,9,8,implocale,8,,ɪmplᵻkeɪt,ɪmplɑːkeɪl
4354,implication,11,10,imcrilative,10,,ɪmplɪkeɪʃən,ɪmkɹɪlətɪv
4355,implore,7,6,inploom,6,,ɪmplɔːɹ,ɪnpluːm
4356,imply,5,5,inplo,5,,ɪmplaɪ,ɪnploʊ
4357,impolite,8,7,impulate,8,,ɪmpəlaɪt,ɪmpjʊleɪt
4358,import,6,6,inpore,5,,ɪmpɔːɹt,ɪnpɔːɹ
4359,importance,10,8,impurdance,9,,ɪmpɔːɹtəns,ɪmpɜːdəns
4360,important,9,8,impurmant,9,,ɪmpɔːɹtənt,ɪmpɜːmənt
4361,importation,11,10,imtorcative,10,,ɪmpɔːɹteɪʃən,ɪmtɔːɹkətɪv
4362,impose,6,5,inpuse,5,,ɪmpoʊz,ɪnpjuːs
4363,imposition,10,9,impuditive,10,,ɪmpəzɪʃən,ɪmpjuːdᵻtɪv
4364,impossibility,13,12,impossobalory,12,,ɪmpɑːsəbɪlᵻɾi,ɪmpɑːsəbælɚɹi
4365,impossible,10,9,impoffimle,9,,ɪmpɑːsᵻbəl,ɪmpɑːfɪməl
4366,impossibly,10,9,imperrible,9,,ɪmpɑːsᵻbli,ɪmpɜːɹᵻbəl
4367,imposter,8,8,impister,8,,ɪmpɔstɚ,ɪmpɪstɚ
4368,impotent,8,7,impatint,8,,ɪmpətənt,ɪmpætɪnt
4369,impound,7,6,inpouch,5,,ɪmpaʊnd,ɪnpaʊtʃ
4370,impracticable,13,13,impractomaple,13,,ɪmpɹæktɪkəbəl,ɪmpɹæktəmeɪpəl
4371,impractical,11,11,improctinal,11,,ɪmpɹæktɪkəl,ɪmpɹɑːktɪnəl
4372,impregnable,11,11,impracnutle,11,,ɪmpɹɛɡnəbəl,ɪmpɹæknʌɾəl
4373,impregnate,10,9,imprognale,9,,ɪmpɹɛɡneɪt,ɪmpɹɑːɡneɪl
4374,impregnation,12,11,imprignorion,12,,ɪmpɹɛɡneɪʃən,ɪmpɹɪɡnɔːɹiən
4375,impress,7,6,inpriss,6,,ɪmpɹɛs,ɪnpɹɪs
4376,impression,10,8,imprellion,9,,ɪmpɹɛʃən,ɪmpɹɛliən
4377,impressionistic,15,13,impressiolastin,14,,ɪmpɹɛʃənɪstɪk,ɪmpɹɛsɪɑːlɐstɪn
4378,impressive,10,8,imprellive,8,,ɪmpɹɛsɪv,ɪmpɹɛlɪv
4379,imprint,7,7,inprunt,7,,ɪmpɹɪnt,ɪnpɹʌnt
4380,imprison,8,8,improsin,8,,ɪmpɹɪzən,ɪmpɹɑːsɪn
4381,improbability,13,13,improbobalory,13,,ɪmpɹɑːbəbɪlᵻɾi,ɪmpɹɑːbəbælɚɹi
4382,improbable,10,10,improcanle,10,,ɪmpɹɑːbəbəl,ɪmpɹɑːkænəl
4383,improbably,10,10,improcable,10,,ɪmpɹɑːbəbli,ɪmpɹɑːkəbəl
4384,impromptu,9,10,imprimpto,9,,ɪmpɹɑːmptuː,ɪmpɹɪmptoʊ
4385,improper,8,8,impraper,8,,ɪmpɹɑːpɚ,ɪmpɹeɪpɚ
4386,improve,7,6,inprime,6,,ɪmpɹuːv,ɪnpɹaɪm
4387,improvise,9,8,imprevase,8,,ɪmpɹəvaɪz,ɪmpɹɪveɪs
4388,improvisor,10,9,imprevalor,10,,ɪmpɹəvaɪzɚ,ɪmpɹɛvælɚ
4389,impudent,8,9,impodint,8,,ɪmpjuːdənt,ɪmpɑːdɪnt
4390,impulse,7,6,inpoosh,5,,ɪmpʌls,ɪnpuːʃ
4391,impulsion,9,8,impilrion,9,,ɪmpʌlʃən,ɪmpɪlɹiən
4392,impulsive,9,8,impilsave,8,,ɪmpʌlsɪv,ɪmpɪlseɪv
4393,impure,6,6,inbure,6,,ɪmpjʊɹ,ɪnbjʊɹr
4394,inability,9,9,inabolamy,9,,ɪnɐbɪləɾi,ɪnɐbɑːlæmi
4395,inaccessible,12,11,inaccissomle,11,,ɪnæksɛsəbəl,ɪnɐkɪsɑːməl
4396,inaction,8,7,inabcoon,7,,ɪnækʃən,ɪnɐbkuːn
4397,inactivate,10,9,inartudate,9,,ɪnæktᵻveɪt,ɪnɑːɹɾuːdeɪt
4398,inactivation,12,11,inactoralion,12,,ɪnæktɪveɪʃən,ɪnæktɔːɹæliən
4399,inadequate,10,9,inametress,9,,ɪnædɪkwət,ɪnæmiːɾɚs
4400,inanimate,9,8,inalicate,8,,ɪnænɪmət,ɪnælᵻkeɪt
4401,inappreciable,13,12,inappromiotle,12,,ɪnɐpɹiːʃiəbəl,ɪnɐpɹoʊmɪɑːɾəl
4402,inattention,11,9,inartertive,10,,ɪnɐtɛnʃən,ɪnɑːɹɾɚtɪv
4403,inaudible,9,8,inardople,9,,ɪnɔːdᵻbəl,ɪnɑːɹdɑːpəl
4404,inaugural,9,9,inabtumal,9,,ɪnɔːɡjʊɹɹəl,ɪnɐbtuːməl
4405,inaugurate,10,9,inargimate,9,,ɪnɔːɡjʊɹeɪt,ɪnɑːɹdʒᵻmeɪt
4406,inborn,6,6,imbork,6,,ɪnbɔːɹn,ɪmbɔːɹk
4407,inbound,7,6,imblunt,7,,ɪnbaʊnd,ɪmblʌnt
4408,incalculable,12,13,incalcotaple,12,,ɪŋkælkjuːləbəl,ɪŋkælkətæpəl
4409,incapability,12,12,incabapalary,12,,ɪŋkeɪpəbɪlᵻɾi,ɪŋkæbɐpælɛɹi
4410,incapable,9,9,inciponle,9,,ɪŋkeɪpəbəl,ɪnsɪpɑːnəl
4411,incapacity,10,10,incapicory,10,,ɪŋkəpæsᵻɾi,ɪŋkæpɪkɚɹi
4412,incarcerate,11,10,incorterase,10,,ɪŋkɑːɹsɚɹeɪt,ɪŋkɔːɹɾɚɹeɪz
4413,incarnate,9,8,incurnale,8,,ɪŋkɑːɹneɪt,ɪŋkɜːneɪl
4414,incarnation,11,10,insarnitive,10,,ɪŋkɑːɹneɪʃən,ɪnsɑːɹnᵻtɪv
4415,incense,7,6,imcanse,6,,ɪnsɛns,ɪmkæns
4416,incentive,9,8,incertave,8,,ɪnsɛntɪv,ɪnsɜːɾeɪv
4417,incest,6,6,immest,6,,ɪnsɛst,ɪmɛst
4418,inch,4,3,onch,3,,ɪntʃ,ɑːntʃ
4419,incidence,9,8,incodance,8,,ɪnsɪdəns,ɪŋkoʊdəns
4420,incidental,10,9,infibandal,10,,ɪnsɪdɛntəl,ɪnfɪbændəl
4421,incinerate,10,9,incirelade,9,,ɪnsɪnɚɹeɪt,ɪnsaɪɚleɪd
4422,incision,8,7,incorion,8,,ɪnsɪʒən,ɪŋkɔːɹiən
4423,incisive,8,7,incosave,7,,ɪnsaɪsɪv,ɪŋkɑːseɪv
4424,incisor,7,7,incopor,7,,ɪnsaɪzɚ,ɪŋkɑːpɚ
4425,inclination,11,10,inchisative,9,,ɪŋklɪneɪʃən,ɪntʃɪsətɪv
4426,incline,7,6,imclite,6,,ɪŋklaɪn,ɪmklaɪt
4427,include,7,6,imcrude,6,,ɪŋkluːd,ɪmkɹuːd
4428,inclusion,9,8,inclorion,9,,ɪŋkluːʒən,ɪŋklɔːɹiən
4429,incognito,9,9,incomtiro,9,,ɪŋkɑːɡniːɾoʊ,ɪŋkəmtiəɹoʊ
4430,incoherent,10,10,inciderest,10,,ɪŋkoʊhɪɹənt,ɪnsɪdɚɹɪst
4431,income,6,5,imcone,5,,ɪŋkʌm,ɪmkoʊn
4432,incoming,8,7,incaming,7,,ɪŋkʌmɪŋ,ɪŋkeɪmɪŋ
4433,incommunicable,14,14,incommoripamle,13,,ɪŋkəmjuːnɪkəbəl,ɪŋkəmɔːɹɪpæməl
4434,incomparable,12,12,incompiromle,12,,ɪŋkɑːmpɚɹəbəl,ɪŋkəmpɪɹɑːməl
4435,incompatibility,15,15,incompatorilaty,15,,ɪŋkəmpæɾəbɪlᵻɾi,ɪŋkəmpæɾɔːɹɪləɾi
4436,incompatible,12,12,incompitomle,12,,ɪŋkəmpæɾᵻbəl,ɪŋkəmpɪɾɑːməl
4437,incompetent,11,11,inconpadent,11,,ɪŋkɑːmpɪtənt,ɪŋkənpædənt
4438,incomplete,10,9,incampleve,9,,ɪŋkəmpliːt,ɪŋkæmplɛv
4439,incomprehensible,16,16,incomprohinsamle,16,,ɪŋkɑːmpɹihɛnsᵻbəl,ɪŋkəmpɹoʊhɪnsæməl
4440,incompressible,14,13,incomprissotle,13,,ɪŋkəmpɹɛsᵻbəl,ɪŋkəmpɹɪsɑːɾəl
4441,incongruity,11,11,incortruiny,11,,ɪŋkɑːŋɡɹuːᵻɾi,ɪŋkɔːɹtɹuːɪni
4442,inconsiderable,14,14,inconsadeniple,14,,ɪŋkənsɪdɚɹəbəl,ɪŋkənsædənɪpəl
4443,inconsiderate,13,12,inconsadenase,12,,ɪŋkənsɪdɚɹət,ɪŋkənsædəneɪs
4444,inconsolable,12,12,inconsilomle,12,,ɪŋkənsoʊləbəl,ɪŋkənsɪlɑːməl
4445,inconspicuous,13,13,incorspicuian,13,,ɪŋkənspɪkjuːəs,ɪŋkɔːɹspɪkjuːiən
4446,inconstant,10,10,incanstint,10,,ɪŋkɑːnstənt,ɪŋkɐnstɪnt
4447,inconvenience,13,12,incortenioned,12,,ɪŋkənviːnɪəns,ɪŋkɔːɹtɛniənd
4448,incorporate,11,10,incompudate,11,,ɪŋkɔːɹpɚɹeɪt,ɪŋkəmpjuːdeɪt
4449,incorporation,13,12,incorpurolion,13,,ɪŋkɔːɹpɚɹeɪʃən,ɪŋkɔːɹpjʊɹɹoʊliən
4450,incorrect,9,8,incobbect,8,,ɪŋkɚɹɛkt,ɪŋkɑːbɛkt
4451,incorruptibility,16,15,incorruptanilaty,15,,ɪŋkɚɹʌptəbɪlᵻɾi,ɪŋkɚɹʌptɐnɪləɾi
4452,incorruptibly,13,12,incorriptofly,12,,ɪŋkɚɹʌptᵻbli,ɪŋkɔɹɪptɑːfli
4453,increase,8,6,imclease,6,,ɪŋkɹiːs,ɪmkliːs
4454,incredibility,13,13,incredobalory,13,,ɪŋkɹɛdɪbɪlᵻɾi,ɪŋkɹɛdəbælɚɹi
4455,incredible,10,10,incratigle,10,,ɪŋkɹɛdɪbəl,ɪŋkɹæɾɪɡəl
4456,incredibly,10,10,incratigly,10,,ɪŋkɹɛdɪbli,ɪŋkɹæɾɪɡli
4457,incriminate,11,10,incritilate,10,,ɪŋkɹɪmᵻneɪt,ɪŋkɹɪɾᵻleɪt
4458,incubate,8,8,incobale,7,,ɪŋkjuːbeɪt,ɪŋkoʊbeɪl
4459,incubation,10,10,incabitive,9,,ɪŋkjuːbeɪʃən,ɪŋkæbᵻtɪv
4460,incubator,9,10,incabinor,9,,ɪŋkjuːbeɪɾɚ,ɪŋkæbɪnɚ
4461,incurability,12,13,incurobalory,13,,ɪŋkjʊɹɹəbɪlᵻɾi,ɪŋkjʊɹɹəbælɚɹi
4462,incurable,9,10,incoranle,9,,ɪŋkjʊɹɹəbəl,ɪŋkɔːɹænəl
4463,indebted,8,7,indibten,8,,ɪndɛɾᵻd,ɪndɪbʔn̩
4464,indecent,8,8,indicert,8,,ɪndiːsənt,ɪndɪsɚt
4465,indecision,10,9,indurinium,10,,ɪndᵻsɪʒən,ɪndʊɹɹɪniəm
4466,indecisive,10,9,indulision,9,,ɪndᵻsaɪsɪv,ɪnduːlɪʒən
4467,indeed,6,5,imdead,5,,ɪndiːd,ɪmdɛd
4468,indefinite,10,9,inderisite,9,,ɪndɛfɪnət,ɪndᵻɹɪsaɪt
4469,indent,6,6,imdint,6,,ɪndɛnt,ɪmdɪnt
4470,indentation,11,10,indertutive,10,,ɪndɛnteɪʃən,ɪndɜːɾuːtɪv
4471,indention,9,8,induntive,8,,ɪndɛnʃən,ɪndʌntɪv
4472,independence,12,11,indelentents,12,,ɪndᵻpɛndəns,ɪndᵻlɛntɛnts
4473,independent,11,11,indupracant,11,,ɪndᵻpɛndənt,ɪnduːpɹækənt
4474,indescribable,13,13,indescrubomle,13,,ɪndᵻskɹaɪbəbəl,ɪndᵻskɹuːbɑːməl
4475,indestructibility,17,17,indestructobinity,17,,ɪndᵻstɹʌktəbɪlᵻɾi,ɪndᵻstɹʌktəbɪnᵻɾi
4476,indestructible,14,14,indestrictomle,14,,ɪndᵻstɹʌktᵻbəl,ɪndᵻstɹɪktɑːməl
4477,index,5,6,imder,5,,ɪndɛks,ɪmdɜː
4478,Indian,6,6,imciad,6,,ɪndiən,ɪmsɪæd
4479,indicate,8,7,indocale,7,,ɪndᵻkeɪt,ɪndoʊkeɪl
4480,indicative,10,9,indisatize,9,,ɪndɪkətɪv,ɪndɪsæɾaɪz
4481,indicator,9,9,inciratel,9,,ɪndᵻkeɪɾɚ,ɪnsɜːɹeɪɾəl
4482,indict,6,5,imdise,5,,ɪndaɪt,ɪmdaɪz
4483,indifferent,11,10,indizzerent,10,,ɪndɪfɹənt,ɪndɪzɚɹənt
4484,indigestible,12,12,indigistomle,12,,ɪndɪdʒɛstᵻbəl,ɪndɪdʒɪstɑːməl
4485,indignity,9,9,inrignoly,9,,ɪndɪɡnᵻɾi,ɪnɹɪɡnɑːli
4486,indigo,6,6,indogi,6,,ɪndɪɡoʊ,ɪndoʊɡi
4487,indirect,8,8,inderict,8,,ɪndɚɹɛkt,ɪndᵻɹɪkt
4488,indiscreet,10,9,indoscreel,9,,ɪndɪskɹiːt,ɪndɑːskɹiːl
4489,indispensability,16,16,indespenradility,16,,ɪndɪspɛnsəbɪlᵻɾi,ɪndᵻspɛnɹɐdɪlᵻɾi
4490,indispensable,13,13,indispinsomle,13,,ɪndɪspɛnsəbəl,ɪndɪspɪnsɑːməl
4491,indisposition,13,12,indispisorion,13,,ɪndɪspəzɪʃən,ɪndɪspɪsɔːɹiən
4492,indisputable,12,13,indispitomle,12,,ɪndɪspjuːɾəbəl,ɪndɪspɪɾɑːməl
4493,indistinct,10,10,indirtaurs,9,,ɪndɪstɪŋkt,ɪndɜːɾɔːɹz
4494,individual,10,10,indovirual,10,,ɪndᵻvɪdʒuːəl,ɪndɑːvɚɹuːəl
4495,individuality,13,13,individoility,13,,ɪndᵻvɪduːælᵻɾi,ɪndᵻvɪdɔɪlᵻɾi
4496,indivisible,11,11,indivasomle,11,,ɪndᵻvɪzᵻbəl,ɪndɪvɐsɑːməl
4497,indoor,6,5,imbeer,5,,ɪndɔːɹ,ɪmbɪɹ
4498,indoors,7,6,imdeers,6,,ɪndɔːɹz,ɪmdɪɹz
4499,induce,6,6,imdace,5,,ɪnduːs,ɪmdeɪs
4500,induction,9,8,indunlion,9,,ɪndʌkʃən,ɪndʌnliən
4501,indulge,7,6,imdulce,6,,ɪndʌldʒ,ɪmdʌls
4502,indulgence,10,9,indilmence,9,,ɪndʌldʒəns,ɪndɪlməns
4503,industrial,10,10,indisprial,10,,ɪndʌstɹɪəl,ɪndɪspɹɪəl
4504,industrialization,17,16,induspriolazirion,17,,ɪndʌstɹɪəlᵻzeɪʃən,ɪndʌspɹɪɑːlɐzɪɹiən
4505,industrious,11,10,indisprious,10,,ɪndʌstɹiəs,ɪndɪspɹiəs
4506,industry,8,8,indispry,8,,ɪndʌstɹi,ɪndɪspɹaɪ
4507,ineffective,11,9,ineffiction,9,,ɪnɪfɛktɪv,ɪnɪfɪkʃən
4508,inefficient,11,9,inefforient,10,,ɪnɪfɪʃənt,ɪnɛfɔːɹiənt
4509,ineligibility,13,13,inelicanality,13,,ɪnɛlɪdʒəbɪlᵻɾi,ɪnᵻlɪkɐnælᵻɾi
4510,ineligible,10,10,inelorimle,10,,ɪnɛlɪdʒəbəl,ɪnᵻlɔːɹɪməl
4511,inequality,10,10,inequilory,10,,ɪniːkwɔlᵻɾi,ɪniːkwɪlɔːɹi
4512,inert,5,5,imerd,5,,ɪnɜːt,ɪmɜːd
4513,inescapable,11,11,inescopomle,11,,ɪnɛskeɪpəbəl,ɪnɛskəpɑːməl
4514,inevitable,10,10,inevopatle,10,,ɪnɛvᵻɾəbəl,ɪnɪvɑːpæɾəl
4515,inexcusable,11,13,inexcutomle,13,,ɪnɛkskjuːsəbəl,ɪnɛkskjuːɾɑːməl
4516,inexhaustible,13,12,inexhaistorle,13,,ɪnɛɡzɔːstᵻbəl,ɪnɛɡzeɪstɔːɹl
4517,inexperience,12,12,inetpolieous,10,,ɪnɛkspiəɹɪəns,ɪnɛtpoʊlɪəs
4518,inexpert,8,9,inelpegs,8,,ɪnɛkspɜːt,ɪnɛlpɛɡz
4519,inexpressible,13,13,inexprissotle,13,,ɪnɛkspɹɛsᵻbəl,ɪnɛkspɹɪsɑːɾəl
4520,infamous,8,7,infinous,7,,ɪnfəməs,ɪnfɪnəs
4521,infamy,6,6,infony,6,,ɪnfəmi,ɪnfoʊni
4522,infancy,7,7,infindy,7,,ɪnfənsi,ɪnfaɪndi
4523,infant,6,6,imfale,5,,ɪnfənt,ɪmfeɪl
4524,infantry,8,8,infinpry,8,,ɪnfəntɹi,ɪnfɪnpɹi
4525,infatuate,9,9,inficuape,9,,ɪnfætʃuːeɪt,ɪnfɪkjuːeɪp
4526,infect,6,6,imfert,6,,ɪnfɛkt,ɪmfɜːt
4527,infection,9,8,inficlion,9,,ɪnfɛkʃən,ɪnfɪkliən
4528,infectious,10,8,inficpious,9,,ɪnfɛkʃəs,ɪnfɪkpiəs
4529,infer,5,5,imfar,5,,ɪnfɜː,ɪmfɑːɹ
4530,inference,9,8,infurerce,8,,ɪnfɚɹəns,ɪnfjʊɹɹɚs
4531,inferior,8,8,infomior,7,,ɪnfɪɹiɚ,ɪnfoʊmjɚ
4532,inferiority,11,11,infepieroly,11,,ɪnfɪɹiɔːɹᵻɾi,ɪnfɛpɪɹɑːli
4533,infertile,9,7,infestale,8,,ɪnfɜːɾəl,ɪnfɛsteɪl
4534,infest,6,6,imfesh,5,,ɪnfɛst,ɪmfɛʃ
4535,infidelity,10,10,infidilory,10,,ɪnfᵻdɛlᵻɾi,ɪnfɪdɪlɚɹi
4536,infiltration,12,11,infirstative,11,,ɪnfɪltɹeɪʃən,ɪnfɜːstətɪv
4537,infinite,8,7,infunate,7,,ɪnfɪnət,ɪnfʌneɪt
4538,infinitive,10,9,infiritide,9,,ɪnfɪnᵻtɪv,ɪnfɪɹɪtaɪd
4539,infinity,8,8,inmilary,8,,ɪnfɪnᵻɾi,ɪnmɪlɛɹi
4540,infirmary,9,9,infilramy,9,,ɪnfɜːmɚɹi,ɪnfɪlɹæmi
4541,inflame,7,6,imflave,6,,ɪnfleɪm,ɪmfleɪv
4542,inflammable,11,10,inflexmiple,12,,ɪnflæməbəl,ɪnflɛksmɪpəl
4543,inflammation,12,10,inflexmitive,12,,ɪnflæmeɪʃən,ɪnflɛksmᵻtɪv
4544,inflammatory,12,11,inflammoroty,11,,ɪnflæmətɔːɹi,ɪnflæmɔːɹɑːɾi
4545,inflate,7,6,imflare,6,,ɪnfleɪt,ɪmflɛɹ
4546,inflation,9,8,influtive,8,,ɪnfleɪʃən,ɪnfluːtɪv
4547,inflection,10,9,inflicmive,9,,ɪnflɛkʃən,ɪnflɪkmɪv
4548,inflexibility,13,14,inflexobalory,14,,ɪnflɛksəbɪlᵻɾi,ɪnflɛksəbælɚɹi
4549,inflexible,10,11,inflaciple,10,,ɪnflɛksɪbəl,ɪnflæsɪpəl
4550,inflexibly,10,11,inflacitry,10,,ɪnflɛksᵻbli,ɪnflæsɪtɹi
4551,inflict,7,7,imfrict,7,,ɪnflɪkt,ɪmfɹɪkt
4552,influence,9,8,inflyenes,8,,ɪnfluːəns,ɪnflaɪiːnz
4553,influential,11,10,intruenrial,11,,ɪnfluːɛnʃəl,ɪntɹuːnɹɪəl
4554,influenza,9,10,intruenta,9,,ɪnfluːɛnzə,ɪntɹuːntə
4555,inform,6,6,imfoam,5,,ɪnfɔːɹm,ɪmfoʊm
4556,informal,8,8,infurman,8,,ɪnfɔːɹməl,ɪnfɜːmən
4557,informality,11,11,informolary,11,,ɪnfɔːɹmælᵻɾi,ɪnfɔːɹmoʊlɛɹi
4558,informally,10,9,infirnalry,10,,ɪnfɔːɹməli,ɪnfɜːnəlɹi
4559,information,11,10,infatmitive,10,,ɪnfɚmeɪʃən,ɪnfætmᵻtɪv
4560,informative,11,10,inflamatize,10,,ɪnfɔːɹmətɪv,ɪnflæmɐtaɪz
4561,informed,8,7,imfirmed,7,,ɪnfɔːɹmd,ɪmfɜːmd
4562,infraction,10,9,infrictive,9,,ɪnfɹækʃən,ɪnfɹɪktɪv
4563,infrequent,10,10,infraquine,9,,ɪnfɹiːkwənt,ɪnfɹəkwaɪn
4564,infringe,8,7,imfridge,6,,ɪnfɹɪndʒ,ɪmfɹɪdʒ
4565,infuriate,9,9,inmugiate,9,,ɪnfjʊɹɹɪeɪt,ɪnmjuːdʒiət
4566,ingenious,9,8,ingepious,8,,ɪndʒiːniəs,ɪndʒɛpiəs
4567,ingenuous,9,9,ingepuous,9,,ɪndʒɛnjuːəs,ɪndʒɛpjuːəs
4568,ingest,6,6,imrert,6,,ɪndʒɛst,ɪmɹɜːt
4569,ingratitude,11,11,ingritatune,11,,ɪŋɡɹæɾɪtuːd,ɪŋɡɹɪɾɐtuːn
4570,ingredient,10,10,ingrofient,10,,ɪŋɡɹiːdiənt,ɪŋɡɹoʊfiənt
4571,ingrown,7,6,imglown,6,,ɪŋɡɹoʊn,ɪmɡloʊn
4572,inhabit,7,7,inhibot,7,,ɪnhæbɪt,ɪnhɪbɑːt
4573,inhabitant,10,9,inhilotast,10,,ɪnhæbɪtənt,ɪnhaɪləteɪst
4574,inhalation,10,9,inhidative,9,,ɪnhɐleɪʃən,ɪnhɪdətɪv
4575,inhale,6,5,imhole,5,,ɪnheɪl,ɪmhoʊl
4576,inhaler,7,7,inholen,7,,ɪnheɪlɚ,ɪnhoʊlən
4577,inherent,8,8,inhorint,8,,ɪnhiəɹənt,ɪnhɔːɹɪnt
4578,inherit,7,7,inhorid,7,,ɪnhɛɹɪt,ɪnhɔːɹɪd
4579,inhibit,7,7,inhobit,7,,ɪnhɪbɪt,ɪnhɑːbɪt
4580,inhibition,10,9,inhobative,9,,ɪnhɪbɪʃən,ɪnhoʊbətɪv
4581,inhuman,7,8,inhymin,7,,ɪnhjuːmən,ɪnhaɪmɪn
4582,inhumane,8,8,inhymape,7,,ɪnhjuːmeɪn,ɪnhaɪmeɪp
4583,initial,7,6,inorial,7,,ɪnɪʃəl,ɪnɔːɹɪəl
4584,initiate,8,7,inituase,8,,ɪnɪʃɪeɪt,ɪnɪɾuːeɪs
4585,initiative,10,9,inituation,9,,ɪnɪʃiətɪv,ɪnɪtʃuːeɪʃən
4586,inject,6,6,imjesh,5,,ɪndʒɛkt,ɪmdʒɛʃ
4587,injunction,10,9,injomptive,9,,ɪndʒʌŋkʃən,ɪndʒɑːmptɪv
4588,injure,6,5,imjore,5,,ɪndʒɚ,ɪmdʒɔːɹ
4589,injury,6,6,injimy,6,,ɪndʒɚɹi,ɪndʒaɪmi
4590,injustice,9,8,injostive,8,,ɪndʒʌstɪs,ɪndʒɑːstɪv
4591,ink,3,3,oonk,3,,ɪŋk,uːŋk
4592,inland,6,6,imlane,5,,ɪnlənd,ɪmleɪn
4593,inmate,6,5,imnate,5,,ɪnmeɪt,ɪmneɪt
4594,inn,3,2,ing,2,,ɪn,ɪŋ
4595,innate,6,4,ibbate,4,,ɪnneɪt,ɪbeɪt
4596,inner,5,4,iffer,4,,ɪnɚ,ɪfɚ
4597,innermost,9,8,innormist,8,,ɪnɚmoʊst,ɪnnɔːɹmɪst
4598,innings,7,5,izzings,5,,ɪnnɪŋz,ɪzɪŋz
4599,innkeeper,9,7,innmeeper,7,,ɪŋkiːpɚ,ɪnmiːpɚ
4600,innocence,9,7,innudence,8,,ɪnəsəns,ɪnnuːdəns
4601,innovate,8,6,innuvale,7,,ɪnəveɪt,ɪnnuːveɪl
4602,innumerable,11,11,innumorotle,11,,ɪnuːmɚɹəbəl,ɪnuːmɔːɹɑːɾəl
4603,inoculate,9,9,inacurent,10,,ɪnɑːkjʊleɪt,ɪnɐkjʊɹɹənt
4604,inopportune,11,10,inottorlude,9,,ɪnɑːpɚtuːn,ɪnɑːɾɔːɹluːd
4605,inpatient,9,8,inpotaint,8,,ɪnpeɪʃənt,ɪnpəteɪnt
4606,input,5,5,impit,5,,ɪnpʊt,ɪmpɪt
4607,inquire,7,6,imquiet,7,,ɪŋkwaɪɚ,ɪmkwaɪət
4608,inquiry,7,7,inquiny,7,,ɪŋkwɚɹi,ɪŋkwɪni
4609,inquisition,11,10,inchisutive,9,,ɪŋkwɪsɪʃən,ɪntʃɪsuːɾɪv
4610,inquisitive,11,10,inquilitize,10,,ɪŋkwɪzᵻtɪv,ɪŋkwɪlɪtaɪz
4611,insane,6,5,imsine,5,,ɪnseɪn,ɪmzaɪn
4612,insanity,8,8,insarily,8,,ɪnsænᵻɾi,ɪnsɛɹili
4613,insatiable,10,9,insopiatle,10,,ɪnseɪʃɪəbəl,ɪnsoʊpɪæɾəl
4614,insect,6,6,imsoth,5,,ɪnsɛkt,ɪmsɑːθ
4615,insecticide,11,10,insintocise,10,,ɪnsɛktɪsaɪd,ɪnsɪntəsaɪz
4616,insecure,8,8,insocune,8,,ɪnsᵻkjʊɹ,ɪnsɑːkjuːn
4617,insensibility,13,13,insensobalory,13,,ɪnsɛnsəbɪlᵻɾi,ɪnsɛnsəbælɚɹi
4618,insensible,10,10,insecriple,10,,ɪnsɛnsᵻbəl,ɪnsɛkɹɪpəl
4619,insensibly,10,10,insecrible,10,,ɪnsɛnsᵻbli,ɪnsɛkɹᵻbəl
4620,inseparability,14,14,insepapetality,13,,ɪnsɛpɚɹəbɪlᵻɾi,ɪnsɛpɐpɪtælᵻɾi
4621,inseparable,11,11,insepotaple,11,,ɪnsɛpɚɹəbəl,ɪnsɛpətæpəl
4622,inseparably,11,11,inseporifly,11,,ɪnsɛpɚɹəbli,ɪnsɛpɔːɹaɪflaɪ
4623,insert,6,6,imseet,5,,ɪnsɜːt,ɪmsiːt
4624,insertion,9,8,insorlion,9,,ɪnsɜːʃən,ɪnsɔːɹliən
4625,inside,6,5,imsode,5,,ɪnsaɪd,ɪmsoʊd
4626,insight,7,5,imsooth,5,,ɪnsaɪt,ɪmsuːð
4627,insincere,9,8,insancede,8,,ɪnsɪnsɪɹ,ɪnsænsiːd
4628,insinuate,9,9,insetuade,9,,ɪnsɪnjuːeɪt,ɪnsɪtuːeɪd
4629,insinuation,11,11,insinoilion,11,,ɪnsɪnjuːeɪʃən,ɪnsɪnɔɪliən
4630,insist,6,6,imsoost,6,,ɪnsɪst,ɪmsuːst
4631,insoluble,9,10,inpolunle,10,,ɪnsɑːljuːbəl,ɪnpəlʌnəl
4632,insolvable,10,10,insilvamle,10,,ɪnsɑːlvəbəl,ɪnsɪlvæməl
4633,insomnia,8,8,insimnoa,8,,ɪnsɑːmniə,ɪnsɪmnoʊə
4634,inspect,7,7,imspict,7,,ɪnspɛkt,ɪmspɪkt
4635,inspiration,11,10,inscidative,9,,ɪnspɚɹeɪʃən,ɪnsɪdətɪv
4636,inspire,7,7,imslice,6,,ɪnspaɪɚ,ɪmslɪsɛ
4637,instability,11,11,instabolamy,11,,ɪnstəbɪlᵻɾi,ɪnstæbəlæmi
4638,installation,12,10,inglortative,11,,ɪnstəleɪʃən,ɪŋɡlɔːɹɾətɪv
4639,installment,11,10,instilmint,10,,ɪnstɔːlmənt,ɪnstɪlmɪnt
4640,instance,8,7,imslance,7,,ɪnstəns,ɪmslæns
4641,instant,7,7,imstart,7,,ɪnstənt,ɪmstɑːɹt
4642,instantaneous,13,12,increstireoid,12,,ɪnstənteɪniəs,ɪŋkɹɪstaɪɚɹɔɪd
4643,instantly,9,9,instointry,9,,ɪnstəntli,ɪnstɔɪntɹi
4644,instate,7,6,imstite,6,,ɪnsteɪt,ɪmstaɪt
4645,instep,6,6,imstem,6,,ɪnstɛp,ɪmstɛm
4646,instigate,9,8,instogale,8,,ɪnstᵻɡeɪt,ɪnstoʊɡeɪl
4647,instinct,8,8,imstrave,7,,ɪnstɪŋkt,ɪmstɹeɪv
4648,instinctive,11,10,instonctave,10,,ɪnstɪŋktɪv,ɪnstɑːŋkteɪv
4649,institute,9,9,instotate,8,,ɪnstɪtuːt,ɪnstoʊɾeɪt
4650,institution,11,11,inserlutive,10,,ɪnstɪtuːʃən,ɪnsɜːluːtɪv
4651,instruct,8,8,imtrame,6,,ɪnstɹʌkt,ɪmtɹeɪm
4652,instruction,11,10,instriclion,11,,ɪnstɹʌkʃən,ɪnstɹɪkliən
4653,instructive,11,10,instriclive,10,,ɪnstɹʌktɪv,ɪnstɹɪklɪv
4654,instrument,10,10,instrorent,10,,ɪnstɹəmənt,ɪnstɹɔːɹənt
4655,instrumental,12,11,instraganrel,12,,ɪnstɹəmɛntəl,ɪnstɹæɡænɹəl
4656,instrumentality,15,15,instruminralony,15,,ɪnstɹəmɛntælᵻɾi,ɪnstɹuːmɪnɹɐləni
4657,instrumentation,15,14,instruminlarion,15,,ɪnstɹəmənteɪʃən,ɪnstɹuːmɪnlɑːɹɹiən
4658,insubordinate,13,12,insubardonale,12,,ɪnsəbɔːɹdᵻnət,ɪnsəbɑːɹdəneɪl
4659,insubstantial,13,12,insumtrancial,13,,ɪnsəbstænʃəl,ɪnsʌmtɹænʃəl
4660,insufferable,12,11,insuffenotle,11,,ɪnsʌfɚɹəbəl,ɪnsʌfənɑːɾəl
4661,insufficient,12,10,insabbinient,11,,ɪnsəfɪʃənt,ɪnsæbɪniənt
4662,insulate,8,7,insorate,7,,ɪnsəleɪt,ɪnsɔːɹeɪt
4663,insulation,10,9,insilutive,9,,ɪnsəleɪʃən,ɪnsɪluːtɪv
4664,insulator,9,9,insilumor,9,,ɪnsəleɪɾɚ,ɪnsɪluːmɚ
4665,insulin,7,7,insomin,7,,ɪnsəlɪn,ɪnsɑːmɪn
4666,insult,6,6,imsoot,5,,ɪnsʌlt,ɪmsʊt
4667,insupportable,13,12,insuppartomle,12,,ɪnsəpɔːɹɾəbəl,ɪnsəpɑːɹɾɑːməl
4668,insurance,9,8,insorarce,8,,ɪnʃʊɹɹəns,ɪnsɔːɹɑːɹs
4669,insurmountable,14,13,insurmaintople,13,,ɪnsɚmaʊntəbəl,ɪnsɚmeɪntɑːpəl
4670,intact,6,6,imtoot,5,,ɪntækt,ɪmtuːt
4671,intake,6,5,imtoke,5,,ɪnteɪk,ɪmtoʊk
4672,intangible,10,10,intarnibly,10,,ɪntændʒɪbəl,ɪntɑːɹnᵻbli
4673,integer,7,7,intomer,7,,ɪntɪdʒɚ,ɪntoʊmɚ
4674,integrate,9,8,intograle,8,,ɪntᵻɡɹeɪt,ɪntɑːɡɹeɪl
4675,integration,11,10,intogretive,10,,ɪntᵻɡɹeɪʃən,ɪntɑːɡɹɪtɪv
4676,integrity,9,9,intitrady,9,,ɪntɛɡɹᵻɾi,ɪntɪtɹædi
4677,intellect,9,7,intemmect,8,,ɪntəlɛkt,ɪntɛmɛkt
4678,intellectual,12,11,interrecdual,11,,ɪntəlɛktʃuːəl,ɪntɚɹᵻkdʒuːəl
4679,intelligence,12,10,integrimance,11,,ɪntɛlɪdʒəns,ɪntɛɡɹɪməns
4680,intelligent,11,10,intirgiment,11,,ɪntɛlɪdʒənt,ɪntɜːdʒɪmənt
4681,intelligible,12,11,intellogotle,11,,ɪntɛlɪdʒəbəl,ɪntɛləɡɑːɾəl
4682,intend,6,6,imtund,6,,ɪntɛnd,ɪmtʌnd
4683,intense,7,6,imtelse,6,,ɪntɛns,ɪmtɛls
4684,intensify,9,9,intirgicy,9,,ɪntɛnsᵻfaɪ,ɪntɜːdʒɪsi
4685,intensity,9,9,intersamy,9,,ɪntɛnsᵻɾi,ɪntɚseɪmi
4686,intensive,9,8,intonsave,8,,ɪntɛnsɪv,ɪntɑːnseɪv
4687,intent,6,6,imtesh,5,,ɪntɛnt,ɪmtɛʃ
4688,intention,9,8,intonlion,9,,ɪntɛnʃən,ɪntɑːnliən
4689,intentional,11,10,intirsionar,11,,ɪntɛnʃənəl,ɪntɜːʃənɑːɹ
4690,inter,5,5,imtor,5,,ɪntɜː,ɪmtɔːɹ
4691,interaction,11,10,intelartive,10,,ɪntɚɹækʃən,ɪntɛlɑːɹɾɪv
4692,interbreed,10,9,intorgread,9,,ɪntɚbɹiːd,ɪntɔːɹɡɹiːd
4693,intercept,9,9,intorcipt,9,,ɪntɚsɛpt,ɪntɔːɹsɪpt
4694,interchange,11,9,intorparge,9,,ɪntɚtʃeɪndʒ,ɪntɔːɹpɑːɹdʒ
4695,intercom,8,8,intorcim,8,,ɪntɚkɑːm,ɪntɔːɹsɪm
4696,intercourse,11,9,intormourse,9,,ɪntɚkɔːɹs,ɪntɔːɹmɜːs
4697,interdepartmental,17,16,interdopertminral,16,,ɪntɚdᵻpɑːɹtmɛntəl,ɪntɚdoʊpɚtmɪnɹəl
4698,interdependent,14,14,interretendent,13,,ɪntɚdᵻpɛndənt,ɪntɚɹᵻtɛndənt
4699,interest,8,8,intogist,8,,ɪntɹɛst,ɪntɑːdʒɪst
4700,interesting,11,10,intorustive,10,,ɪntɹɛstɪŋ,ɪntɔːɹʌstɪv
4701,interfere,9,8,intormere,8,,ɪntəfɪɹ,ɪntɔːɹmɪɹ
4702,interior,8,8,intomion,8,,ɪntɪɹiɚ,ɪntoʊmiən
4703,interlink,9,9,intorlank,9,,ɪntɚlɪŋk,ɪntɔːɹlæŋk
4704,interlock,9,8,intorlick,8,,ɪntɚlɑːk,ɪntɔːɹlɪk
4705,intermarriage,13,10,intermaffiage,10,,ɪntɚmæɹɪdʒ,ɪntɚmæfɪdʒ
4706,intermediate,12,11,intormaduant,13,,ɪntɚmiːdiət,ɪntɔːɹmɐduːənt
4707,intermingle,11,11,intormittle,10,,ɪntɚmɪŋɡəl,ɪntɔːɹmɪɾəl
4708,intermission,12,10,indermarsive,11,,ɪntɚmɪʃən,ɪndɜːmɑːɹsɪv
4709,intermittent,12,10,indermislent,11,,ɪntɚmɪtənt,ɪndɜːmɪslənt
4710,intern,6,6,imtorn,6,,ɪntɜːn,ɪmtɔːɹn
4711,internal,8,7,intormal,8,,ɪntɜːnəl,ɪntɔːɹməl
4712,international,13,12,insertacienal,12,,ɪntɚnæʃənəl,ɪnsɜːɾɐʃənəl
4713,interplay,9,8,intorproy,8,,ɪntɚpleɪ,ɪntɔːɹpɹɔɪ
4714,interpret,9,9,intorprut,9,,ɪntɜːpɹɪt,ɪntɔːɹpɹʌt
4715,interpretation,14,13,interproralion,14,,ɪntɜːpɹɪteɪʃən,ɪntɚpɹɔːɹæliən
4716,interrogate,11,9,inserlonate,10,,ɪntɛɹəɡeɪt,ɪnsɜːləneɪt
4717,interrupt,9,8,intorript,8,,ɪntɚɹʌpt,ɪntɔɹɪpt
4718,intersect,9,9,intorsict,9,,ɪntɚsɛkt,ɪntɔːɹsɪkt
4719,interstate,10,9,intorstale,9,,ɪntɚsteɪt,ɪntɔːɹsteɪl
4720,intertwine,10,9,intortwane,9,,ɪntɚtwaɪn,ɪntɔːɹtweɪn
4721,interval,8,8,intorvan,8,,ɪntɚvəl,ɪntɔːɹvæn
4722,intervene,9,8,intorgane,8,,ɪntɚviːn,ɪntɔːɹɡeɪn
4723,interview,9,8,intorpiew,8,,ɪntɚvjuː,ɪntɔːɹpjuː
4724,interweave,10,8,intorweaze,8,,ɪntɚwiːv,ɪntɔːɹwiːz
4725,intestine,9,8,intistane,8,,ɪntɛstɪn,ɪntɪsteɪn
4726,intimacy,8,8,incimudy,8,,ɪntɪməsi,ɪnsɪmʌdi
4727,intimate,8,7,intomale,7,,ɪntᵻmət,ɪntoʊmeɪl
4728,intimidate,10,9,intidinaze,9,,ɪntɪmᵻdeɪt,ɪntɪdɪneɪz
4729,intolerable,11,11,intolaromle,11,,ɪntɑːlɚɹəbəl,ɪntoʊlɐɹɑːməl
4730,intolerant,10,10,interelast,10,,ɪntɑːlɚɹənt,ɪntɚɹᵻlæst
4731,intoxicant,10,11,intorinast,9,,ɪntɑːksɪkənt,ɪntɔːɹɪnæst
4732,intoxicate,10,10,intacimate,9,,ɪntɑːksᵻkeɪt,ɪntæsᵻmeɪt
4733,intravenous,11,10,introvalous,10,,ɪntɹəviːnəs,ɪntɹəvələs
4734,intrigue,8,6,imtrosse,6,,ɪntɹiːɡ,ɪmtɹɔs
4735,introduce,9,9,intrulace,8,,ɪntɹəduːs,ɪntɹuːleɪs
4736,introductory,12,12,introdictumy,12,,ɪntɹədʌktɚɹi,ɪntɹədɪktʌmi
4737,introvert,9,9,intrumert,9,,ɪntɹəvɜːt,ɪntɹuːmɚt
4738,intrude,7,6,imtrode,6,,ɪntɹuːd,ɪmtɹoʊd
4739,intuition,9,9,intoirive,8,,ɪntuːɪʃən,ɪntwɑːɹɹɪv
4740,invade,6,5,imvode,5,,ɪnveɪd,ɪmvoʊd
4741,invalid,7,7,involin,7,,ɪnvælɪd,ɪnvɑːlɪn
4742,invalidate,10,9,inralimate,9,,ɪnvælᵻdeɪt,ɪnɹælᵻmeɪt
4743,invaluable,10,11,invaruiple,10,,ɪnvæljuːəbəl,ɪnvɑːɹɹuːɪpəl
4744,invariable,10,10,inmalianle,10,,ɪnvɛɹɪəbəl,ɪnmeɪliənəl
4745,invasion,8,7,invorion,8,,ɪnveɪʒən,ɪnvɔːɹiən
4746,invent,6,6,imrent,6,,ɪnvɛnt,ɪmɹɛnt
4747,invention,9,8,invinrion,9,,ɪnvɛnʃən,ɪnvɪnɹiən
4748,inventive,9,8,invintave,8,,ɪnvɛntɪv,ɪnvɪnteɪv
4749,inventory,9,9,inmentady,9,,ɪnvəntɔːɹi,ɪnməntædi
4750,inverse,7,6,imvorse,6,,ɪnvɜːs,ɪmvɔːɹs
4751,invert,6,6,imvern,6,,ɪnvɜːt,ɪmvɜːn
4752,invertebrate,12,11,infertidrate,11,,ɪnvɜːɾɪbɹeɪt,ɪnfɜːɾɪdɹeɪt
4753,invest,6,6,imvelt,6,,ɪnvɛst,ɪmvɛlt
4754,investigate,11,10,invertulate,11,,ɪnvɛstᵻɡeɪt,ɪnvɜːtʃʊleɪt
4755,investment,10,10,invistrent,10,,ɪnvɛstmənt,ɪnvɪstɹənt
4756,invincibility,13,13,invincobalory,13,,ɪnvɪnsəbɪlᵻɾi,ɪnvɪŋkəbælɚɹi
4757,invincible,10,10,invistiple,10,,ɪnvɪnsᵻbəl,ɪnvɪstɪpəl
4758,invincibly,10,10,invisgibly,10,,ɪnvɪnsᵻbli,ɪnvɪsɡᵻbli
4759,invisibility,12,12,invisobalory,12,,ɪnvɪzᵻbɪlᵻɾi,ɪnvɪsəbælɚɹi
4760,invisible,9,9,inveriple,9,,ɪnvɪzᵻbəl,ɪnvɛɹɪpəl
4761,invisibly,9,9,inverigly,9,,ɪnvɪzᵻbli,ɪnvɛɹɪɡli
4762,invitation,10,9,invatutive,10,,ɪnvɪteɪʃən,ɪnvæɾuːtɪv
4763,invite,6,5,imvote,5,,ɪnvaɪt,ɪmvoʊt
4764,inviting,8,7,invotint,8,,ɪnvaɪɾɪŋ,ɪnvoʊtɪnt
4765,invoice,7,5,imboice,5,,ɪnvɔɪs,ɪmbɔɪs
4766,invoke,6,5,imvake,5,,ɪnvoʊk,ɪmveɪk
4767,involuntarily,13,13,involinmarony,13,,ɪnvɑːləntɛɹᵻli,ɪnvɑːlɪnmæɹəni
4768,involuntary,11,11,involinmary,11,,ɪnvɑːləntɚɹi,ɪnvɑːlɪnmɚɹi
4769,involve,7,6,imvulve,6,,ɪnvɑːlv,ɪmvʌlv
4770,invulnerability,15,15,invulneromality,15,,ɪnvʌlnɚɹəbɪlᵻɾi,ɪnvʌlnɚɹəmælᵻɾi
4771,invulnerable,12,12,invulmerotle,12,,ɪnvʌlnɚɹəbəl,ɪnvʌlmɚɹɑːɾəl
4772,invulnerably,12,12,invulmerotly,12,,ɪnvʌlnɚɹəbli,ɪnvʌlmɚɹɑːtli
4773,inwardly,8,8,inmardly,8,,ɪnwɚdli,ɪnmɑːɹdli
4774,inwards,7,7,imwands,7,,ɪnwɚdz,ɪmwændz
4775,iodide,6,5,iodike,5,,aɪədaɪd,aɪədaɪk
4776,iodine,6,5,iozide,5,,aɪədiːn,aɪəzaɪd
4777,irate,5,4,irake,4,,aɪɹeɪt,ɪɹeɪk
4778,iris,4,4,iros,4,,aɪɹɪs,ɪɹoʊz
4779,Irish,5,4,Irosh,4,,aɪɹɪʃ,ɪɹɑːʃ
4780,irk,3,3,zirk,4,,ɜːk,zɜːk
4781,iron,4,4,imin,4,,aɪɚn,ɪmɪn
4782,ironic,6,6,imonid,6,,aɪɹɑːnɪk,ɪmɑːnɪd
4783,ironware,8,7,irodwave,7,,aɪɚnwɛɹ,ɪɹədweɪv
4784,irony,5,5,imory,5,,aɪɹəni,ɪmɔːɹi
4785,irrational,10,9,irrotoonal,8,,ɪɹæʃənəl,ɪɹoʊtuːnəl
4786,irreconcilable,14,14,irrecinpilomle,13,,ɪɹɛkənsaɪləbəl,ɪɹᵻsɪnpɪlɑːməl
4787,irredeemable,12,11,irredoomiple,10,,ɪɹᵻdiːməbəl,ɪɹᵻduːmɪpəl
4788,irrefutable,11,11,irrefopable,10,,ɪɹᵻfjuːɾəbəl,ɪɹᵻfoʊpəbəl
4789,irregular,9,9,irrelunar,8,,ɪɹɛɡjʊlɚ,ɪɹᵻluːnɚ
4790,irregularity,12,12,irregoleropy,11,,ɪɹɛɡjʊlæɹᵻɾi,ɪɹᵻɡoʊlɹəpi
4791,irregularly,11,12,irregolanpy,10,,ɪɹɛɡjʊlɚli,ɪɹᵻɡɑːlænpi
4792,irrelevant,10,9,irrepedant,9,,ɪɹɛlᵻvənt,ɪɹᵻpɛdənt
4793,irremediable,12,12,irreledoable,11,,ɪɹɛmədiəbəl,ɪɹᵻlɛdoʊæbəl
4794,irremovable,11,11,irremavople,10,,ɪɹᵻmuːvəbəl,ɪɹᵻmævɑːpəl
4795,irreplaceable,13,12,irrepluceomle,11,,ɪɹᵻpleɪsəbəl,ɪɹᵻpluːsɪɑːməl
4796,irrepressible,13,12,irreprissotle,11,,ɪɹᵻpɹɛsᵻbəl,ɪɹᵻpɹɪsɑːɾəl
4797,irresistible,12,12,irresastomle,11,,ɪɹᵻzɪstᵻbəl,ɪɹᵻsæstɑːməl
4798,irresolution,12,11,inresularion,13,,ɪɹɛzəluːʃən,ɪnɹɛsjʊlɑːɹɹiən
4799,irresponsible,13,13,irrespinsotle,12,,ɪɹᵻspɑːnsᵻbəl,ɪɹᵻspɪnsɑːɾəl
4800,irreversible,12,12,irrevorsotle,11,,ɪɹᵻvɜːsᵻbəl,ɪɹᵻvɔːɹsɑːɾəl
4801,irrigate,8,6,irrogale,6,,ɪɹᵻɡeɪt,ɪɹəɡeɪl
4802,irrigation,10,8,irrugotive,8,,ɪɹɪɡeɪʃən,ɪɹuːɡɑːɾɪv
4803,irritability,12,11,irritobalory,11,,ɪɹɪɾəbɪlᵻɾi,ɪɹɪtɑːbɐlɚɹi
4804,irritable,9,8,inrocaple,9,,ɪɹɪɾəbəl,ɪnɹəkæpəl
4805,irritably,9,8,irrotumle,9,,ɪɹɪɾəbli,ɪɹətʌməl
4806,irritant,8,7,irropant,7,,ɪɹɪtənt,ɪɹɑːpənt
4807,irritate,8,6,irrotale,6,,ɪɹᵻteɪt,ɪɹoʊteɪl
4808,irritation,10,8,irratutive,9,,ɪɹɪteɪʃən,ɪɹæɾuːtɪv
4809,Islam,5,5,Ipram,5,,ɪslɑːm,ɪpɹæm
4810,Islamic,7,7,Islimid,7,,ɪslɑːmɪk,ɪslɪmɪd
4811,island,6,5,iplend,6,,aɪlənd,ɪplɛnd
4812,isolate,7,6,isulale,7,,aɪsəleɪt,ɪsuːleɪl
4813,isolation,9,8,isilotive,8,,aɪsəleɪʃən,ɪsɪlɑːɾɪv
4814,isosceles,9,8,isiscomis,8,,aɪsɑːsəliːz,ɪsɪskɑːmɪs
4815,isotope,7,6,isutape,7,,aɪsətoʊp,ɪsuːteɪp
4816,Israeli,7,6,Israilo,6,,ɪzɹeɪli,ɪsɹeɪloʊ
4817,Israelite,9,8,Ismaerite,7,,ɪsɹeɪlaɪt,ɪsmɛɹaɪt
4818,issuance,8,7,issoarce,6,,ɪʃuːəns,ɪsɔːɹs
4819,issue,5,3,immue,4,,ɪʃuː,ɪmjuː
4820,Italian,7,7,Itamion,7,,ɪtæliən,ɪtæmiən
4821,italic,6,6,itamid,6,,ɪtælɪk,ɪɾɐmɪd
4822,itch,4,2,otch,2,,ɪtʃ,ɑːtʃ
4823,item,4,4,irem,4,,aɪɾəm,aɪɚm
4824,itemize,7,6,itimaze,6,,aɪɾəmaɪz,ɪɾɪmeɪz
4825,itinerary,9,9,itinorepy,9,,aɪtɪnɚɹɛɹi,ɪtɪnɔːɹpi
4826,ivory,5,5,ivamy,5,,aɪvɚɹi,ɪvæmi
4827,ivy,3,3,ivo,3,,aɪvi,aɪvoʊ
4828,jab,3,3,jub,3,,dʒæb,dʒʌb
4829,jabber,6,5,jadder,5,,dʒæbɚ,dʒædɚ
4830,jack,4,3,jowk,3,,dʒæk,dʒaʊk
4831,jacket,6,5,jicker,5,,dʒækɪt,dʒɪkɚ
4832,jackknife,9,6,jickknoff,6,,dʒæknaɪf,dʒɪkknɔf
4833,jade,4,3,jode,3,,dʒeɪd,dʒoʊd
4834,jagged,6,5,jaffed,5,,dʒæɡᵻd,dʒæft
4835,jaguar,6,6,janual,6,,dʒæɡwɑːɹ,dʒænjuːəl
4836,jail,4,3,jark,4,,dʒeɪl,dʒɑːɹk
4837,jailor,6,5,jainor,5,,dʒeɪlɚ,dʒeɪnɚ
4838,jam,3,3,jom,3,,dʒæm,dʒɑːm
4839,janitor,7,7,janotar,7,,dʒænɪɾɚ,dʒænɑːɾɚ
4840,January,7,9,janoafy,7,,dʒænjuːɛɹi,dʒænoʊfaɪ
4841,Japanese,8,7,Japonase,7,,dʒæpəniːz,dʒæpəneɪs
4842,jar,3,3,jang,3,,dʒɑːɹ,dʒæŋ
4843,jasmine,7,6,jalmane,6,,dʒæzmɪn,dʒælmeɪn
4844,javelin,7,7,jivelan,7,,dʒævəlɪn,dʒɪvɪlæn
4845,jaw,3,2,jow,2,,dʒɔː,dʒaʊ
4846,jaywalk,7,5,jalwark,8,,dʒeɪwɔːk,dʒælwɔːɹk
4847,jazz,4,3,janx,5,,dʒæz,dʒæŋks
4848,jealous,7,5,jeanoos,5,,dʒɛləs,dʒiːnuːz
4849,jealousy,8,6,jealoumy,6,,dʒɛləsi,dʒɛlaʊmi
4850,jeans,5,4,jeads,4,,dʒiːnz,dʒiːdz
4851,jeep,4,3,jeed,3,,dʒiːp,dʒiːd
4852,jelly,5,4,jemmy,4,,dʒɛli,dʒɛmi
4853,jeopardy,8,7,jeopormy,7,,dʒɛpɚdi,dʒɛpɔːɹmi
4854,jerk,4,4,jern,4,,dʒɜːk,dʒɜːn
4855,jersey,6,5,jensay,5,,dʒɜːsi,dʒɛnseɪ
4856,jest,4,4,jerf,4,,dʒɛst,dʒɜːf
4857,jet,3,3,jit,3,,dʒɛt,dʒɪt
4858,Jew,3,2,jef,3,,dʒuː,dʒɛf
4859,jewel,5,4,jifel,5,,dʒuːəl,dʒɪfəl
4860,jiffy,5,4,jiddy,4,,dʒɪfi,dʒɪdi
4861,jiggle,6,5,jimmle,5,,dʒɪɡəl,dʒɪməl
4862,jigsaw,6,5,jimsay,5,,dʒɪɡsɔː,dʒɪmseɪ
4863,jingle,6,6,jangot,6,,dʒɪŋɡəl,dʒæŋɡət
4864,jinx,4,5,jivs,4,,dʒɪŋks,dʒɪvz
4865,jitterbug,9,8,jittarbig,8,,dʒɪɾɚbʌɡ,dʒɪɾɑːɹbɪɡ
4866,jitters,7,6,jimmers,6,,dʒɪɾɚz,dʒɪmɚz
4867,job,3,3,jol,3,,dʒɑːb,dʒɑːl
4868,jobholder,9,9,jobhilden,9,,dʒɑːbhoʊldɚ,dʒɑːbhɪldən
4869,jobless,7,6,jarness,6,,dʒɑːbləs,dʒɑːɹnəs
4870,jockey,6,4,jookey,4,,dʒɑːki,dʒʊki
4871,jog,3,3,jop,3,,dʒɑːɡ,dʒɑːp
4872,join,4,3,joil,3,,dʒɔɪn,dʒɔɪl
4873,joint,5,4,joits,4,,dʒɔɪnt,dʒɔɪts
4874,joke,4,3,jome,3,,dʒoʊk,dʒoʊm
4875,jolly,5,4,jorry,4,,dʒɑːli,dʒɔɹi
4876,josh,4,3,jong,3,,dʒɑːʃ,dʒɑːŋ
4877,jot,3,3,jod,3,,dʒɑːt,dʒɑːd
4878,journal,7,5,jearmal,6,,dʒɜːnəl,dʒɪɹməl
4879,journalism,10,9,jourbalize,8,,dʒɜːnəlɪzəm,dʒɜːbəlaɪz
4880,journalistic,12,10,jourmalintis,11,,dʒɜːnəlɪstɪk,dʒɜːmɐlɪntiz
4881,journey,7,5,jearmey,5,,dʒɜːni,dʒɪɹmi
4882,joy,3,2,jof,3,,dʒɔɪ,dʒɑːf
4883,joyous,6,4,juxous,6,,dʒɔɪəs,dʒʌksəs
4884,jubilant,8,8,juborant,8,,dʒuːbɪlənt,dʒuːbɚɹənt
4885,jubilation,10,9,jurinative,9,,dʒuːbɪleɪʃən,dʒʊɹɹɪnətɪv
4886,jubilee,7,6,jubomee,6,,dʒuːbɪliː,dʒuːboʊmiː
4887,Judaism,7,8,jucaize,6,,dʒuːdeɪɪzəm,dʒuːkeɪz
4888,judge,5,3,jidge,3,,dʒʌdʒ,dʒɪdʒ
4889,judgment,8,7,jarcemint,8,,dʒʌdʒmənt,dʒɑːɹsɪmɪnt
4890,judicial,8,7,judocian,8,,dʒuːdɪʃəl,dʒuːdoʊʃiən
4891,judiciary,9,9,judiceany,9,,dʒuːdɪʃɚɹi,dʒuːdaɪsəni
4892,judicious,9,7,judopious,8,,dʒuːdɪʃəs,dʒuːdoʊpiəs
4893,judo,4,4,jidu,4,,dʒuːdoʊ,dʒɪduː
4894,jug,3,3,juh,2,,dʒʌɡ,dʒʌ
4895,juggle,6,5,jaggle,5,,dʒʌɡəl,dʒæɡəl
4896,juggler,7,7,jubbler,6,,dʒʌɡlɚ,dʒʌblɚ
4897,juice,5,3,juild,4,,dʒuːs,dʒjuːɪld
4898,juicy,5,4,jouby,4,,dʒuːsi,dʒaʊbi
4899,jukebox,7,7,jokebux,7,,dʒuːkbɑːks,dʒoʊkbʌks
4900,July,4,4,Jopy,4,,dʒuːlaɪ,dʒoʊpi
4901,jumble,6,6,jamfle,6,,dʒʌmbəl,dʒæmfəl
4902,jumbo,5,5,jamba,5,,dʒʌmboʊ,dʒæmbə
4903,jump,4,4,jimp,4,,dʒʌmp,dʒɪmp
4904,junction,8,7,jomptive,7,,dʒʌŋkʃən,dʒɑːmptɪv
4905,June,4,3,jure,4,,dʒuːn,dʒjʊɹ
4906,jungle,6,6,jendle,6,,dʒʌŋɡəl,dʒɛndəl
4907,junior,6,6,janour,5,,dʒuːnjɚ,dʒænɚ
4908,junk,4,4,jung,3,,dʒʌŋk,jʊŋ
4909,Junker,6,6,jinfer,6,,dʒʌŋkɚ,dʒɪnfɚ
4910,jurisdiction,12,11,jurasdoctive,11,,dʒʊɹɹɪsdɪkʃən,dʒjʊɹɹɐsdɑːktɪv
4911,jurist,6,6,jasist,6,,dʒʊɹɹɪst,dʒæsɪst
4912,juror,5,5,jarur,5,,dʒjʊɹɹɚ,dʒɑːɹɹɜː
4913,jury,4,4,jumy,4,,dʒʊɹɹi,dʒʌmi
4914,just,4,4,jush,3,,dʒʌst,dʒʌʃ
4915,justice,7,6,jostive,6,,dʒʌstɪs,dʒɑːstɪv
4916,justification,13,12,justiforalion,13,,dʒʌstɪfɪkeɪʃən,dʒʌstɪfɔːɹæliən
4917,justify,7,7,justory,7,,dʒʌstᵻfaɪ,dʒʌstɚɹi
4918,juvenile,8,6,juvogale,7,,dʒuːvənaɪl,dʒuːvəɡeɪl
4919,kaleidoscopic,13,12,kaleiroscapin,12,,kəlaɪdəskɑːpɪk,kælɛɹɑːskɐpɪn
4920,kangaroo,8,7,kangoree,7,,kæŋɡɐɹuː,kæŋɡɔːɹiː
4921,karate,6,6,karota,6,,kɚɹɑːɾi,kæɹoʊɾə
4922,karma,5,5,kanba,5,,kɑːɹmə,kænbə
4923,keen,4,3,keem,3,,kiːn,kiːm
4924,keep,4,3,keeg,3,,kiːp,kiːɡ
4925,keg,3,3,ker,3,,kɛɡ,kɜː
4926,kennel,6,4,keggel,5,,kɛnəl,kɛɡəl
4927,kept,4,4,kelf,4,,kɛpt,kɛlf
4928,kerosine,8,7,kerusane,7,,kɛɹəsaɪn,kɛɹuːseɪn
4929,kettle,6,4,kemble,6,,kɛɾəl,kɛmbəl
4930,key,3,2,kex,4,,kiː,kɛks
4931,keyboard,8,6,koybeard,6,,kiːbɔːɹd,kɔɪbɪɹd
4932,kick,4,3,keck,3,,kɪk,kɛk
4933,kickback,8,6,kinktaps,8,,kɪkbæk,kɪŋktæps
4934,kid,3,3,ked,3,,kɪd,kɛd
4935,kidney,6,5,kindey,5,,kɪdni,kaɪndi
4936,kill,4,3,kell,3,,kɪl,kɛl
4937,killer,6,5,kiffer,5,,kɪlɚ,kɪfɚ
4938,killing,7,5,kimming,5,,kɪlɪŋ,kɪmɪŋ
4939,kilo,4,4,kulo,4,,kiːloʊ,kjʊloʊ
4940,kilometer,9,9,kilomutal,10,,kɪlɑːmɪɾɚ,kɪləmjuːɾəl
4941,kilowatt,8,7,kilawart,8,,kɪləwɑːt,kɪlɐwɔːɹt
4942,kilt,4,4,kift,4,,kɪlt,kɪft
4943,kimono,6,6,kimana,6,,kɪmoʊnoʊ,kɪmɑːnə
4944,kin,3,3,kim,3,,kɪn,kɪm
4945,kind,4,4,kint,4,,kaɪnd,kɪnt
4946,kindergarten,12,11,kindelnarton,12,,kɪndɚɡɑːɹʔn̩,kaɪndɪlnɑːɹtən
4947,kindhearted,11,10,kindhearped,10,,kaɪndhɑːɹɾᵻd,kaɪndhɪɹpt
4948,kindle,6,5,kontle,6,,kɪndəl,kɔntəl
4949,kindly,6,6,koskly,6,,kaɪndli,kɑːskli
4950,kindness,8,7,kernless,7,,kaɪndnəs,kɜːnləs
4951,kinetic,7,7,kinotin,7,,kᵻnɛɾɪk,kɪnətɪn
4952,kinfolk,7,6,kanfank,7,,kɪnfoʊk,kænfæŋk
4953,king,4,3,kide,3,,kɪŋ,kaɪd
4954,kinsfolk,8,7,kansfork,8,,kɪnsfoʊk,kænsfɔːɹk
4955,kinship,7,6,kanswip,7,,kɪnʃɪp,kænswɪp
4956,kiss,4,3,kice,3,,kɪs,kaɪs
4957,kit,3,3,kig,3,,kɪt,kɪɡ
4958,kitchen,7,5,kutcher,5,,kɪtʃən,kʌtʃɚ
4959,kitchenette,11,7,kitchepotte,7,,kɪtʃənɛt,kɪtʃɪpɑːt
4960,kitchenware,11,8,kitchinwore,8,,kɪtʃənwɛɹ,kɪtʃɪnwɔːɹ
4961,kite,4,3,kive,3,,kaɪt,kaɪv
4962,kitten,6,4,kirren,5,,kɪʔn̩,kɜːɹən
4963,kitty,5,4,kirry,4,,kɪɾi,kɜːɹi
4964,kiwi,4,4,kowo,4,,kiːwiː,kaʊoʊ
4965,kleptomania,11,11,kelplomutia,11,,klɛptəmeɪniə,kɛlpləmjuːʃə
4966,knack,5,3,knars,4,,næk,nɑːɹz
4967,knapsack,8,6,knipsand,7,,næpsæk,nɪpsænd
4968,knee,4,2,knoo,2,,niː,nuː
4969,kneel,5,3,kneek,3,,niːl,niːk
4970,kneeled,7,4,kneeved,4,,niːld,niːvd
4971,knelt,5,4,kneft,4,,nɛlt,nɛft
4972,knickers,8,6,knackens,6,,nɪkɚz,nækənz
4973,knicknack,9,6,knocknick,6,,nɪknæk,nɑːknɪk
4974,knife,5,3,knisp,4,,naɪf,nɪsp
4975,knight,6,3,knims,4,,naɪt,nɪmz
4976,knit,4,3,knoft,4,,nɪt,nɔft
4977,knives,6,4,knooth,3,,naɪvz,nuːθ
4978,knob,4,3,knoith,3,,nɑːb,nɔɪθ
4979,knock,5,3,knons,4,,nɑːk,nɑːnz
4980,knockout,8,5,knickoot,5,,nɑːkaʊt,nɪkuːt
4981,knot,4,3,knoit,3,,nɑːt,nɔɪt
4982,know,4,2,knoif,3,,noʊ,nɔɪf
4983,knowable,8,6,knowabro,6,,noʊəbəl,noʊɑːbɹoʊ
4984,knowledge,9,5,knouladge,5,,nɑːlɪdʒ,nuːlædʒ
4985,known,5,3,knorn,4,,noʊn,nɔːɹn
4986,knuckle,7,5,knockly,5,,nʌkəl,nɑːkli
4987,Korean,6,6,Koruen,6,,kɚɹiːən,kɔːɹuːn
4988,lab,3,3,lub,3,,læb,lʌb
4989,label,5,5,lebal,5,,leɪbəl,lɛbəl
4990,labor,5,5,logour,5,,leɪbɚ,lɑːɡɚ
4991,laboratory,10,9,laborimogy,10,,læbɹətɔːɹi,leɪbɚɹɪmɑːɡi
4992,labyrinth,9,8,laburanth,8,,læbɚɹɪnθ,læbjʊɹɹænθ
4993,lace,4,3,lape,3,,leɪs,leɪp
4994,laceration,10,9,lacetative,9,,læsɚɹeɪʃən,læsɪɾətɪv
4995,lack,4,3,leldge,4,,læk,lɛldʒ
4996,lacy,4,4,lamy,4,,leɪsi,leɪmi
4997,lad,3,3,lud,3,,læd,lʌd
4998,ladder,6,5,labber,5,,lædɚ,læbɚ
4999,ladle,5,4,leble,5,,leɪdəl,lɛbəl
5000,lady,4,4,leby,4,,leɪdi,lɛbi
5001,ladylike,8,7,lafylake,7,,leɪdilaɪk,læfɪleɪk
5002,lag,3,3,zig,3,,læɡ,zɪɡ
5003,lagoon,6,5,logeen,5,,lɐɡuːn,loʊdʒən
5004,laid,4,3,zaid,3,,leɪd,zeɪd
5005,lain,4,3,lart,4,,leɪn,lɑːɹt
5006,lake,4,3,lage,3,,leɪk,leɪdʒ
5007,lamb,4,3,zam,3,,læm,zæm
5008,lambskin,8,7,limbskan,7,,læmbskɪn,lɪmbskən
5009,lame,4,3,larn,4,,leɪm,lɑːɹn
5010,lament,6,6,lemint,6,,lɐmɛnt,lɛmɪnt
5011,lamination,10,9,lamoralion,10,,læmᵻneɪʃən,læməɹæliən
5012,lamp,4,4,lalt,4,,læmp,lɔlt
5013,land,4,4,lanth,4,,lænd,lænθ
5014,landed,6,6,lirted,6,,lændᵻd,lɜːɾᵻd
5015,landfall,8,7,lanefell,6,,lændfɔːl,leɪnfɛl
5016,landholder,10,10,landmolder,10,,lændhoʊldɚ,lændmoʊldɚ
5017,landing,7,6,loshing,5,,lændɪŋ,lɑːʃɪŋ
5018,landmark,8,8,lanemurk,7,,lændmɑːɹk,leɪnmɜːk
5019,landowner,9,8,landawnen,8,,lændoʊnɚ,lændɔːnən
5020,landscape,9,8,lanescate,7,,lændskeɪp,leɪnskeɪt
5021,language,8,7,lamgoise,6,,læŋɡwɪdʒ,læmɡɔɪs
5022,lanky,5,5,lonky,5,,læŋki,lɔŋki
5023,lantern,7,7,lintelf,7,,læntɚn,lɪntɛlf
5024,lap,3,3,loup,3,,læp,luːp
5025,lapse,5,4,lalse,4,,læps,læls
5026,lard,4,4,liem,4,,lɑːɹd,liːm
5027,large,5,4,larse,4,,lɑːɹdʒ,lɑːɹs
5028,laryngitis,10,10,larympitic,10,,læɹɪndʒaɪɾɪs,lɑːɹɹɪmpɪɾɪk
5029,larynx,6,7,lanyer,5,,læɹɪŋks,lænaɪɚ
5030,lash,4,3,lale,3,,læʃ,leɪl
5031,lasso,5,4,lammo,4,,læsoʊ,læmoʊ
5032,last,4,4,loist,4,,læst,lɔɪst
5033,latch,5,3,zatch,3,,lætʃ,zætʃ
5034,late,4,3,laeng,3,,leɪt,liːŋ
5035,later,5,5,luten,5,,leɪɾɚ,luːʔn̩
5036,lateral,7,7,latoran,7,,læɾɚɹəl,læɾɔːɹən
5037,lather,6,5,luthen,5,,læðɚ,lʌðən
5038,Latin,5,4,Lugid,5,,lætɪn,luːdʒɪd
5039,latitude,8,8,latotade,7,,læɾɪtuːd,læɾoʊteɪd
5040,latter,6,5,lutter,5,,læɾɚ,lʌɾɚ
5041,laugh,5,3,loif,3,,læf,lɔɪf
5042,launch,6,4,loonch,4,,lɑːntʃ,luːntʃ
5043,lava,4,4,lovo,4,,lɑːvə,lʌvoʊ
5044,lavender,8,8,lavenmer,8,,lævəndɚ,lævɛnmɚ
5045,lavish,6,5,levist,6,,lævɪʃ,lɛvɪst
5046,law,3,2,lar,3,,lɔː,lɑːɹ
5047,lawn,4,3,leon,4,,lɔːn,liːɑːn
5048,lawsuit,7,5,laysoat,5,,lɔːsuːt,leɪsoʊt
5049,lawyer,6,4,laywer,5,,lɔɪɚ,leɪwɚ
5050,lax,3,4,lang,3,,læks,læŋ
5051,laxative,8,8,laxotave,8,,læksətɪv,læksəteɪv
5052,lay,3,2,loy,2,,leɪ,lɔɪ
5053,layman,6,5,lanmen,6,,leɪmən,lænmɛn
5054,layoff,6,4,lanoff,5,,leɪɔf,lænɔf
5055,lazy,4,4,lozy,4,,leɪzi,loʊzi
5056,leach,5,3,loich,3,,liːtʃ,loʊɪtʃ
5057,lead,4,3,lood,3,,liːd,luːd
5058,leader,6,5,leazer,5,,liːdɚ,liːzɚ
5059,leaf,4,3,loof,3,,liːf,luːf
5060,leafless,8,6,loakness,6,,liːfləs,loʊknəs
5061,leaflet,7,6,loomler,6,,liːflɪt,luːmlɚ
5062,league,6,3,learth,4,,liːɡ,lɜːθ
5063,leak,4,3,loge,3,,liːk,loʊdʒ
5064,leakage,7,5,loakase,5,,liːkɪdʒ,loʊkeɪs
5065,lean,4,3,lerp,4,,liːn,lɜːp
5066,leap,4,3,leat,3,,liːp,liːt
5067,leapfrog,8,7,lapefrag,7,,liːpfɹɑːɡ,leɪpfɹæɡ
5068,leaping,7,5,leaming,5,,liːpɪŋ,liːmɪŋ
5069,learn,5,4,leald,4,,lɜːn,liːld
5070,learned,7,6,leathed,4,,lɜːnd,lɛðd
5071,learning,8,6,learting,6,,lɜːnɪŋ,lɪɹɾɪŋ
5072,lease,5,3,lealt,4,,liːs,lɛlt
5073,leash,5,3,leals,5,,liːʃ,liːlz
5074,leather,7,5,loothar,5,,lɛðɚ,luːθɑːɹ
5075,leave,5,3,leart,4,,liːv,lɪɹt
5076,leaves,6,4,zeaves,4,,liːvz,ziːvz
5077,lecture,7,6,luctore,6,,lɛktʃɚ,luːktɚ
5078,led,3,3,ler,3,,lɛd,lɜː
5079,ledge,5,3,zedge,3,,lɛdʒ,zɛdʒ
5080,ledger,6,5,loodgen,5,,lɛdʒɚ,luːdʒən
5081,leeway,6,4,loowam,5,,liːweɪ,luːwæm
5082,left,4,4,luft,4,,lɛft,lʌft
5083,leftover,8,8,leftaven,8,,lɛftoʊvɚ,lɛfteɪvən
5084,leg,3,3,loig,3,,lɛɡ,lɔɪɡ
5085,legacy,6,6,legory,6,,lɛɡəsi,lɛɡɚɹi
5086,legal,5,5,logul,5,,liːɡəl,lɑːɡʌl
5087,legalism,8,9,legeline,7,,liːɡəlɪzəm,lɛdʒɪlaɪn
5088,legalistic,10,10,legolustin,10,,liːɡəlɪstɪk,lɛɡəlʌstɪn
5089,legality,8,8,legraidy,8,,liːɡælᵻɾi,lɛɡɹeɪdi
5090,legalize,8,7,legolaze,7,,liːɡəlaɪz,lɛɡəleɪz
5091,legend,6,6,leyesh,4,,lɛdʒənd,leɪɛʃ
5092,legendary,9,9,legertany,9,,lɛdʒəndɚɹi,lɛdʒɚtəni
5093,legged,6,5,lebbed,5,,lɛɡɪd,lɛbd
5094,legibility,10,10,legibolamy,10,,lɛdʒəbɪlᵻɾi,lɛdʒəbɑːlæmi
5095,legible,7,7,legotle,7,,lɛdʒəbəl,lɛɡɑːɾəl
5096,legibly,7,7,legoply,7,,lɛdʒəbli,lɛɡəpli
5097,legislate,9,8,legoslake,8,,lɛdʒɪsleɪt,lɛɡəsleɪk
5098,legislation,11,10,leginlotive,10,,lɛdʒɪsleɪʃən,lɛdʒɪnlɑːɾɪv
5099,legislative,11,10,legilcatize,10,,lɛdʒɪslətɪv,lɛɡɪlkæɾaɪz
5100,legitimate,10,9,lemitidate,10,,lədʒɪɾᵻmət,lɛmɪɾᵻdeɪt
5101,leisure,7,5,liesore,5,,liːʒɚ,liːsɔːɹ
5102,lemon,5,5,limin,5,,lɛmən,lɪmɪn
5103,lemonade,8,7,leminase,7,,lɛməneɪd,lɛmɪneɪs
5104,lend,4,4,lund,4,,lɛnd,lʌnd
5105,length,6,5,leorge,5,,lɛŋθ,liəədʒ
5106,lengthen,8,7,launchew,6,,lɛŋθən,lɔːntʃuː
5107,lengthwise,10,8,launchwine,7,,lɛŋθwaɪz,lɔːntʃwaɪn
5108,lenient,7,7,lerient,7,,liːnɪənt,lɪɹiənt
5109,lens,4,4,lorns,5,,lɛnz,lɔːɹnz
5110,lent,4,4,lunt,4,,lɛnt,lʌnt
5111,leopard,7,6,lerpack,6,,lɛpɚd,lɜːpæk
5112,leotards,8,8,leatopes,7,,liətɑːɹdz,liːɾoʊps
5113,leper,5,5,lapen,5,,lɛpɚ,leɪpən
5114,lesbian,7,7,lesdien,7,,lɛsbiən,lɛzdiən
5115,less,4,3,leow,3,,lɛs,liəw
5116,lessen,6,5,leffen,5,,lɛsən,lɛfən
5117,let,3,3,lut,3,,lɛt,lʌt
5118,letdown,7,6,lemdone,6,,lɛtdaʊn,lɛmdoʊn
5119,lethal,6,5,lathel,5,,liːθəl,læθəl
5120,letter,6,5,leffer,5,,lɛɾɚ,lɛfɚ
5121,lettuce,7,5,lezzuce,5,,lɛɾɪs,lɛzjuːs
5122,level,5,5,lovel,5,,lɛvəl,lʌvəl
5123,levelheaded,11,10,levilheaten,10,,lɛvəlhɛdᵻd,lɛvɪlhiːʔn̩
5124,lever,5,5,lewer,6,,lɛvɚ,luːɚ
5125,levitate,8,7,levotale,7,,lɛvᵻteɪt,lɛvəteɪl
5126,liability,9,9,liamiliry,9,,laɪəbɪlᵻɾi,laɪəmɪlaɪɚɹi
5127,liable,6,6,liople,6,,laɪəbəl,lɪɑːpəl
5128,liar,4,4,loen,4,,laɪɚ,loʊn
5129,libel,5,5,lodel,5,,laɪbəl,loʊdəl
5130,liberal,7,7,liboral,7,,lɪbɚɹəl,lɪbɚɹəl
5131,liberalism,10,11,liborilasm,11,,lɪbɚɹəlɪzəm,lɪbɔːɹɪlæzəm
5132,liberalize,10,9,liberilics,10,,lɪbɚɹəlaɪz,lɪbɚɹɪlɪks
5133,liberally,9,8,liberadry,9,,lɪbɚɹəli,lɪbɚɹædɹi
5134,liberate,8,7,liborase,7,,lɪbɚɹeɪt,lɪbɔːɹeɪz
5135,liberation,10,9,libamalive,9,,lɪbɚɹeɪʃən,lɪbɐməlɪv
5136,liberator,9,9,libaranor,9,,lɪbɚɹeɪɾɚ,lɪbɐɹænɚ
5137,liberty,7,7,libormy,7,,lɪbɚɾi,lɪbɔːɹmi
5138,librarian,9,9,libramion,9,,laɪbɹɛɹiən,laɪbɹæmiən
5139,library,7,6,libromy,7,,laɪbɹɛɹi,laɪbɹəmi
5140,Libyan,6,6,libyad,6,,lɪbɪən,lɪbɪæd
5141,lice,4,3,lieth,4,,laɪs,laɪəθ
5142,licensee,8,7,licinree,7,,laɪsənsiː,lɪsɪnɹiː
5143,lick,4,3,loip,3,,lɪk,lɔɪp
5144,licorice,8,7,licupace,7,,lɪkɔːɹɪs,lɪkjuːpeɪs
5145,lid,3,3,zood,3,,lɪd,zuːd
5146,lie,3,2,lau,2,,laɪ,laʊ
5147,lied,4,3,liel,3,,laɪd,liːl
5148,lieutenant,10,8,lieutonash,8,,luːtɛnənt,luːtənæʃ
5149,life,4,3,lilm,4,,laɪf,lɪlm
5150,lifeboat,8,6,limeroat,6,,laɪfboʊt,laɪmɹoʊt
5151,lifeless,8,6,lofeness,6,,laɪfləs,loʊfnəs
5152,lifelong,8,6,litelong,6,,laɪflɔŋ,laɪtlɔŋ
5153,lifesaving,10,8,lifesaming,8,,laɪfseɪvɪŋ,laɪfseɪmɪŋ
5154,lift,4,4,lyft,4,,lɪft,lɪft
5155,ligament,8,8,ligorent,8,,lɪɡəmənt,lɪɡɔːɹənt
5156,light,5,3,lides,4,,laɪt,laɪdz
5157,lighten,7,4,lutchen,5,,laɪʔn̩,lʌtʃən
5158,lighter,7,5,linchen,6,,laɪɾɚ,lɪntʃən
5159,lighthearted,12,9,lighthorned,9,,laɪthɑːɹɾᵻd,laɪthɔːɹnd
5160,lightning,9,6,launtnive,7,,laɪtnɪŋ,lɔːntnaɪv
5161,lights,6,4,linged,4,,laɪts,lɪŋd
5162,like,4,3,lipe,3,,laɪk,laɪp
5163,likelihood,10,8,likeloheed,8,,laɪklihʊd,laɪkloʊhiːd
5164,likely,6,5,lokety,5,,laɪkli,loʊkti
5165,likeness,8,6,lipeless,6,,laɪknəs,laɪpləs
5166,liking,6,5,lukine,5,,laɪkɪŋ,luːkaɪn
5167,lily,4,4,luly,4,,lɪli,luːli
5168,limb,4,3,lomb,3,,lɪm,lɑːm
5169,limber,6,6,lomper,6,,lɪmbɚ,lɑːmpɚ
5170,limbless,8,6,limetess,6,,lɪmləs,laɪmtɛs
5171,lime,4,3,lume,4,,laɪm,luːm
5172,limestone,9,7,limbstine,7,,laɪmstoʊn,lɪmbstiːn
5173,limit,5,5,lumip,5,,lɪmɪt,luːmɪp
5174,limitation,10,9,limicative,9,,lɪmɪteɪʃən,lɪmɪkətɪv
5175,limited,7,7,limoten,7,,lɪmɪɾᵻd,lɪmoʊʔn̩
5176,limousine,9,7,limiusane,8,,lɪməziːn,lɪmɪəseɪn
5177,limp,4,4,loomp,4,,lɪmp,luːmp
5178,line,4,3,lune,4,,laɪn,luːn
5179,lineage,7,6,laneade,6,,lɪnɪɪdʒ,leɪneɪd
5180,linear,6,6,linoer,6,,lɪnɪɹ,lɪnoʊɚ
5181,linen,5,5,lunen,5,,lɪnɪn,lʌnən
5182,liner,5,5,lanen,5,,laɪnɚ,leɪnən
5183,linesman,8,7,livesmen,7,,laɪnzmən,laɪvsmɛn
5184,lineup,6,5,liveap,5,,laɪnʌp,laɪvæp
5185,linger,6,6,loonger,6,,lɪŋɡɚ,luːŋɡɚ
5186,lingerie,8,7,lingorin,8,,lɑːnʒɚɹeɪ,lɪŋɡɔːɹɪn
5187,linguist,8,8,languise,6,,lɪŋɡwɪst,læŋɡaɪz
5188,linguistics,11,11,lingoistins,10,,lɪŋɡwɪstɪks,lɪŋɡoʊɪstɪnz
5189,lining,6,5,luning,5,,laɪnɪŋ,luːnɪŋ
5190,link,4,4,lunk,4,,lɪŋk,lʌŋk
5191,links,5,5,loonks,5,,lɪŋks,luːŋks
5192,lint,4,4,lont,4,,lɪnt,lɔnt
5193,lion,4,4,luan,4,,laɪən,luːən
5194,lip,3,3,ling,3,,lɪp,lɪŋ
5195,lipreading,10,8,lipreaking,8,,lɪpɹiːdɪŋ,lɪpɹiːkɪŋ
5196,lips,4,4,lups,4,,lɪps,lʌps
5197,lipstick,8,7,libstuck,7,,lɪpstɪk,lɪbstʌk
5198,liquefy,7,7,liqoepy,7,,lɪkwɪfaɪ,lɪkoʊpi
5199,liquid,6,6,lifood,5,,lɪkwɪd,lɪfuːd
5200,liquidate,9,8,liqoidale,8,,lɪkwᵻdeɪt,lɪkɔɪdeɪl
5201,liquidation,11,10,liqutbative,10,,lɪkwɪdeɪʃən,lɪkwətbətɪv
5202,liquor,6,5,lifour,5,,lɪkɚ,lɪfɚ
5203,list,4,4,zigs,4,,lɪst,zɪɡz
5204,listen,6,5,lidren,6,,lɪsən,lɪdɹən
5205,listless,8,7,lestress,7,,lɪstləs,lɛstɹəs
5206,lists,5,5,linds,5,,lɪsts,lɪndz
5207,lit,3,3,lil,3,,lɪt,lɪl
5208,literal,7,7,litoran,7,,lɪɾɚɹəl,lɪɾɔːɹən
5209,literary,8,8,litelany,8,,lɪɾɚɹɛɹi,laɪtləni
5210,literate,8,7,litorale,7,,lɪɾɚɹət,lɪɾɔːɹeɪl
5211,literature,10,9,litaratude,10,,lɪɾɚɹᵻtʃɚ,lɪɾɐɹæɾuːd
5212,litter,6,5,lotter,5,,lɪɾɚ,lɑːɾɚ
5213,little,6,4,lottle,5,,lɪɾəl,lɑːɾəl
5214,livable,7,7,liveabro,7,,lɪvəbəl,laɪvæbɹoʊ
5215,live,4,3,libs,4,,laɪv,lɪbz
5216,livelihood,10,8,liveloheed,8,,laɪvlihʊd,laɪvloʊhiːd
5217,livelong,8,6,litelone,6,,laɪvlɔŋ,laɪtloʊn
5218,lively,6,5,lavely,5,,laɪvli,leɪvli
5219,liven,5,5,laven,5,,laɪvn,lævən
5220,liver,5,5,lavor,5,,lɪvɚ,lævɚ
5221,lives,5,4,zives,4,,laɪvz,zaɪvz
5222,livestock,9,7,linestick,7,,laɪvstɑːk,laɪnstɪk
5223,living,6,5,libing,5,,lɪvɪŋ,laɪbɪŋ
5224,lizard,6,6,libard,6,,lɪzɚd,lɪbɑːɹd
5225,load,4,3,loat,3,,loʊd,loʊt
5226,loaf,4,3,louf,3,,loʊf,luːf
5227,loan,4,3,loang,3,,loʊn,loʊŋ
5228,loath,5,3,loash,3,,loʊθ,loʊʃ
5229,loathing,8,5,leathing,5,,loʊðɪŋ,lɛðɪŋ
5230,loaves,6,4,loast,4,,loʊvz,loʊst
5231,lob,3,3,lom,3,,lɑːb,lɑːm
5232,lobby,5,4,loggy,4,,lɑːbi,lɔɡi
5233,lobe,4,3,losk,4,,loʊb,lɑːsk
5234,lobster,7,7,lospler,7,,lɑːbstɚ,lɑːsplɚ
5235,local,5,5,ludal,5,,loʊkəl,luːdəl
5236,locale,6,5,lucase,5,,loʊkæl,luːkeɪs
5237,locality,8,8,lociliry,8,,loʊkælᵻɾi,loʊsɪlaɪɚɹi
5238,localization,12,11,localozimion,12,,loʊkəlᵻzeɪʃən,loʊkɐləzɪmiən
5239,localize,8,7,loculaze,7,,loʊkəlaɪz,loʊkjʊleɪz
5240,locate,6,5,lucafe,5,,loʊkeɪt,luːkeɪf
5241,location,8,7,locutive,7,,loʊkeɪʃən,loʊkjuːtɪv
5242,locker,6,5,lucker,5,,lɑːkɚ,lʌkɚ
5243,locket,6,5,lucket,5,,lɑːkɪt,lʌkɪt
5244,locomotion,10,9,locidotive,9,,loʊkəmoʊʃən,loʊsɪdɑːɾɪv
5245,lodge,5,3,lonce,4,,lɑːdʒ,lɑːns
5246,lodger,6,5,ludgen,5,,lɑːdʒɚ,lʌdʒən
5247,loft,4,4,lork,4,,lɔft,lɔːɹk
5248,lofty,5,5,lifty,5,,lɔfti,lɪfti
5249,log,3,3,zog,3,,lɔɡ,zɑːɡ
5250,logarithm,9,9,logarinth,8,,lɑːɡɚɹɪθəm,lɑːɡɚɹɪnθ
5251,logic,5,5,lugic,5,,lɑːdʒɪk,luːdʒɪk
5252,loiter,6,5,louten,5,,lɔɪɾɚ,laʊʔn̩
5253,lollypop,8,7,lollupip,7,,lɑːlɪpɑːp,lɑːluːpɪp
5254,long,4,3,lonks,5,,lɔŋ,lɔŋks
5255,longer,6,5,lonker,6,,lɔŋɡɚ,lɔŋkɚ
5256,longevity,9,9,lonradimy,9,,lɔndʒɛvᵻɾi,lɑːnɹɐdɪmi
5257,longhand,8,7,lonehank,7,,lɔŋhænd,loʊnhæŋk
5258,longing,7,5,lonking,6,,lɔŋɪŋ,lɔŋkɪŋ
5259,longitude,9,9,longotade,8,,lɔndʒɪtuːd,lɔŋɡəteɪd
5260,longitudinal,12,13,longitorimal,12,,lɔndʒɪtuːdɪnəl,lɔndʒɪtɔːɹɪməl
5261,look,4,3,loog,3,,lʊk,luːɡ
5262,lookout,7,5,leekoot,5,,lʊkaʊt,liːkuːt
5263,loom,4,3,loong,3,,luːm,luːŋ
5264,looming,7,5,looding,5,,luːmɪŋ,luːdɪŋ
5265,looney,6,4,loodey,4,,luːni,luːdi
5266,loop,4,3,looch,3,,luːp,luːtʃ
5267,loose,5,3,loove,3,,luːs,luːv
5268,loosen,6,5,looden,5,,luːsən,luːdən
5269,loot,4,3,loosh,3,,luːt,luːʃ
5270,lord,4,4,lird,4,,lɔːɹd,lɜːd
5271,lose,4,3,loze,3,,luːz,loʊz
5272,losing,6,5,loming,5,,luːzɪŋ,loʊmɪŋ
5273,loss,4,3,zoss,3,,lɔs,zɑːs
5274,lost,4,4,losh,3,,lɔst,lɑːʃ
5275,lot,3,3,loit,3,,lɑːt,lɔɪt
5276,lotion,6,5,lative,5,,loʊʃən,læɾɪv
5277,lottery,7,6,lotteny,6,,lɑːɾɚɹi,lɑːtɛni
5278,loud,4,3,louch,3,,laʊd,laʊtʃ
5279,lounge,6,4,loulds,5,,laʊndʒ,lʊdz
5280,lousy,5,4,leasy,4,,laʊsi,liːzi
5281,lovable,7,7,lovabro,7,,lʌvəbəl,lʌvæbɹoʊ
5282,love,4,3,lond,4,,lʌv,lɑːnd
5283,loving,6,5,leving,5,,lʌvɪŋ,liːvɪŋ
5284,low,3,2,loush,3,,loʊ,laʊʃ
5285,lower,5,4,limen,5,,loʊɚ,laɪmɛn
5286,lowercase,9,7,loworcade,8,,loʊɚkeɪs,loʊɚkeɪd
5287,loyal,5,4,lofal,5,,lɔɪəl,loʊfəl
5288,lubricant,9,9,lubrocart,9,,luːbɹɪkənt,lʌbɹəkɑːɹt
5289,lubrication,11,10,lugritative,10,,luːbɹɪkeɪʃən,lʌɡɹᵻteɪɾɪv
5290,lubricator,10,10,lugricatar,10,,luːbɹᵻkeɪɾɚ,lʌɡɹɪkæɾɚ
5291,luck,4,3,loik,3,,lʌk,lɔɪk
5292,lucky,5,4,lookeve,5,,lʌki,lʊkɛv
5293,lucrative,9,8,lucrorive,8,,luːkɹətɪv,luːkɹɔːɹɪv
5294,luggage,7,5,luddage,5,,lʌɡɪdʒ,lʌdɪdʒ
5295,lukewarm,8,7,lakewarn,7,,luːkwɔːɹm,leɪkwɔːɹn
5296,lull,4,3,lell,3,,lʌl,lɛl
5297,lullaby,7,6,lullopy,6,,lʌləbaɪ,lʌləpi
5298,lumber,6,6,lamper,6,,lʌmbɚ,læmpɚ
5299,luminously,10,9,luridouspy,9,,luːmɪnəsli,lʊɹɹɪdaʊspi
5300,lump,4,4,luch,3,,lʌmp,luːtʃ
5301,lunatic,7,7,lumaric,7,,luːnətɪk,luːmɚɹɪk
5302,lunch,5,4,lupes,5,,lʌntʃ,luːpeɪs
5303,luncheon,8,6,lenchert,7,,lʌntʃən,lɛntʃɚt
5304,lunchroom,9,7,lenchroam,7,,lʌntʃ ɹuːm,lɛŋkɹoʊm
5305,lung,4,3,lubs,4,,lʌŋ,lʌbz
5306,lunge,5,4,lynge,4,,lʌndʒ,lɪndʒ
5307,lungs,5,4,luned,5,,lʌŋz,luːnd
5308,lure,4,3,guer,4,,lʊɹ,ɡɜː
5309,luscious,8,5,loscrous,7,,lʌʃəs,lɑːskɹəs
5310,lush,4,3,luse,4,,lʌʃ,luːs
5311,lust,4,4,luth,3,,lʌst,lʌθ
5312,lusty,5,5,lesty,5,,lʌsti,lɛsti
5313,Lutheran,8,7,Luthogan,7,,luːθɜːɹən,lʌθoʊɡən
5314,luxuriant,9,10,luxomiant,10,,lʌɡʒʊɹɹiənt,lʌksoʊmiənt
5315,luxurious,9,9,luxomious,9,,lʌɡʒʊɹɹiəs,lʌksoʊmiəs
5316,luxury,6,7,luxomy,7,,lʌkʃɚɹi,lʌksəmi
5317,lying,5,4,loing,4,,laɪɪŋ,loʊɪŋ
5318,lynch,5,4,lypes,4,,lɪntʃ,laɪps
5319,lyric,5,5,lorid,5,,lɪɹɪk,lɔːɹɪd
5320,lyrical,7,7,lyromal,7,,lɪɹɪkəl,laɪɹɑːməl
5321,macaroni,8,8,macacoli,8,,mækɐɹoʊni,mækɐkɑːli
5322,machete,7,6,machita,6,,mɐʃɛɾi,mætʃiːɾə
5323,machine,7,5,mastone,6,,məʃiːn,mæstoʊn
5324,machinery,9,8,machately,8,,məʃiːnɚɹi,mætʃeɪtli
5325,mackerel,8,7,mackoril,7,,mækɚɹəl,mækɔːɹəl
5326,mad,3,3,moid,3,,mæd,mɔɪd
5327,madam,5,5,midum,5,,mædəm,mɪdəm
5328,madame,6,5,midane,5,,mædəm,mɪdeɪn
5329,madder,6,5,mabber,5,,mædɚ,mæbɚ
5330,made,4,3,moge,3,,meɪd,moʊdʒ
5331,madhouse,8,6,magbouse,6,,mædhaʊs,mæɡbaʊs
5332,magazine,8,7,magozane,7,,mæɡɐziːn,mæɡəzeɪn
5333,maggot,6,5,mabbot,5,,mæɡət,mæbɑːt
5334,magic,5,5,maxib,6,,mædʒɪk,mæksɪb
5335,magician,8,7,magocial,8,,mɐdʒɪʃən,mæɡoʊʃəl
5336,magistrate,10,9,magostrale,9,,mædʒɪstɹeɪt,mæɡəstɹeɪl
5337,magnate,7,6,macsate,6,,mæɡneɪt,mækseɪt
5338,magnet,6,6,malpet,6,,mæɡnɪt,mælpɛt
5339,magnetic,8,8,magnitec,8,,mæɡnɛɾɪk,mæɡnaɪɾək
5340,magnetism,9,10,magnerics,9,,mæɡnɪtɪzəm,mæɡnɛɹɪks
5341,magnetization,13,12,magnetolarion,13,,mæɡnɪɾᵻzeɪʃən,mæɡnɪtoʊlɑːɹɹiən
5342,magnetize,9,8,magnutaze,8,,mæɡnɪtaɪz,mæɡnuːteɪz
5343,magnification,13,12,magniforalion,13,,mæɡnɪfɪkeɪʃən,mæɡnɪfɔːɹæliən
5344,magnificent,11,11,magnetilent,11,,mæɡnɪfɪsənt,mæɡnɪtɪlənt
5345,magnify,7,7,magnory,7,,mæɡnᵻfaɪ,mæɡnɚɹi
5346,magnitude,9,9,magnotade,8,,mæɡnɪtuːd,mæɡnəteɪd
5347,magnolia,8,8,magniria,8,,mæɡnoʊliə,mæɡnɪɹiə
5348,maidservant,11,10,maidselfand,10,,meɪdsɜːvənt,meɪdsɪlfænd
5349,mailed,6,4,manged,4,,meɪld,meɪndʒd
5350,main,4,3,mape,3,,meɪn,meɪp
5351,maintain,8,6,mankbain,7,,meɪnteɪn,mæŋkbeɪn
5352,maintenance,11,9,maintorance,9,,meɪntənəns,meɪntɔːɹəns
5353,majestic,8,8,majostin,8,,mɐdʒɛstɪk,mædʒəstɪn
5354,majesty,7,7,majosry,7,,mædʒᵻsti,mædʒɑːsɹi
5355,major,5,5,mijar,5,,meɪdʒɚ,mɪdʒɑːɹ
5356,majority,8,8,madoricy,8,,mədʒɔːɹᵻɾi,mædɔːɹɪsi
5357,make,4,3,mave,3,,meɪk,meɪv
5358,malaria,7,7,mapario,7,,mælɛɹiə,mæpæɹɪoʊ
5359,male,4,3,mard,4,,meɪl,mɑːɹd
5360,malformation,12,11,malfirnative,11,,mælfɔːɹmeɪʃən,mælfɜːnətɪv
5361,malfunction,11,10,malfanctive,10,,mælfʌŋkʃən,mælfæŋktɪv
5362,malice,6,5,masime,5,,mælɪs,mæsaɪm
5363,malicious,9,7,malopious,8,,mɐlɪʃəs,mæloʊpiəs
5364,malignant,9,9,malogrant,9,,məlɪɡnənt,mælɑːɡɹənt
5365,mall,4,3,jank,4,,mɔːl,dʒæŋk
5366,malnourished,12,9,malpourished,9,,mælnɜːɹɪʃt,mælpɔːɹɪʃt
5367,malnutrition,12,12,malnacritive,11,,mælnjuːtɹɪʃən,mælnækɹᵻtɪv
5368,malt,4,4,moilt,4,,mɔlt,mɔɪlt
5369,mama,4,4,momo,4,,mɑːmɐ,moʊmoʊ
5370,mammal,6,5,mazzal,5,,mæməl,mæzəl
5371,mammoth,7,5,massoth,5,,mæməθ,mæsɑːθ
5372,man,3,3,mun,3,,mæn,mʌn
5373,manage,6,5,minade,5,,mænɪdʒ,mɪneɪd
5374,manageability,13,12,manageobalory,12,,mænɪdʒəbɪlᵻɾi,mæneɪdʒɑːbɐlɚɹi
5375,manageable,10,9,maneshaple,9,,mænɪdʒəbəl,meɪnʃæpəl
5376,management,10,9,manaderent,10,,mænɪdʒmənt,mænɐdɚɹənt
5377,manager,7,7,manogen,7,,mænɪdʒɚ,mænədʒən
5378,mandarin,8,8,mandoran,8,,mændɚɹɪn,mændɔːɹən
5379,mandatory,9,9,mandurogy,10,,mændətɔːɹi,mændʒuːɹɑːɡi
5380,maneuver,8,7,maneuler,8,,mənuːvɚ,mænuːlɚ
5381,mangle,6,6,mingly,6,,mæŋɡəl,mɪŋli
5382,mango,5,5,mingu,5,,mæŋɡoʊ,mɪŋɡuː
5383,manhandle,9,8,manhintle,9,,mænhændəl,mænhɪntəl
5384,manhattan,9,7,manhallen,8,,mænhæʔn̩,mænhælən
5385,manhole,7,6,minhale,6,,mænhoʊl,mɪnheɪl
5386,manhood,7,6,minhead,6,,mænhʊd,mɪnhɛd
5387,manhunt,7,7,munhint,7,,mænhʌnt,mʌnhɪnt
5388,mania,5,5,malia,5,,meɪniə,meɪliə
5389,maniac,6,6,manoar,6,,meɪnɪæk,mænɔːɹ
5390,manic,5,5,minuc,5,,mænɪk,mɪnʌk
5391,manicure,8,8,manocare,7,,mænɪkjʊɹ,mænəkɛɹ
5392,manifest,8,8,manofist,8,,mænɪfɛst,mænəfɪst
5393,manifestation,13,12,manifuslarion,13,,mænɪfɪsteɪʃən,mænɪfəslɑːɹɹiən
5394,manipulate,10,10,manisurate,10,,mənɪpjʊleɪt,mænɪsɜːɹeɪt
5395,manipulation,12,12,manipomarion,12,,mənɪpjʊleɪʃən,mænɪpəmæɹiən
5396,mankind,7,7,markand,7,,mæŋkaɪnd,mɑːɹkænd
5397,manlike,7,6,marlipe,6,,mænlaɪk,mɑːɹlaɪp
5398,manly,5,5,marly,5,,mænli,mɑːɹli
5399,mannequin,9,7,mannoquan,8,,mænɪkwɪn,mænɑːkwən
5400,manner,6,5,mawwer,5,,mænɚ,mɔːɚ
5401,mansion,7,6,marsine,6,,mænʃən,mɑːɹsaɪn
5402,manslaughter,12,9,manslonchper,11,,mænslɔːɾɚ,mænslɑːntʃpɚ
5403,manual,6,8,manoen,6,,mænjuːəl,mænoʊn
5404,manufacture,11,11,manufictere,10,,mænjuːfæktʃɚ,mænjuːfɪktɚ
5405,manuscript,10,11,manoscrapt,10,,mænjuːskɹɪpt,mænəskɹæpt
5406,many,4,4,muny,5,,mɛni,mʌni
5407,map,3,3,mup,3,,mæp,mʌp
5408,maple,5,5,mible,5,,meɪpəl,mɪbəl
5409,marathon,8,7,marothin,7,,mæɹəθɑːn,mæɹəθɪn
5410,marble,6,6,merple,6,,mɑːɹbəl,mɜːpəl
5411,march,5,4,malks,5,,mɑːɹtʃ,mælks
5412,margarine,9,8,margulane,8,,mɑːɹdʒɚɹən,mɑːɹɡjʊleɪn
5413,margin,6,6,mergan,6,,mɑːɹdʒɪn,mɜːɡən
5414,marigold,8,8,marogald,8,,mæɹɪɡoʊld,mæɹɑːɡəld
5415,marijuana,9,9,marijorta,9,,mæɹɪwɑːnə,mæɹɪdʒɔːɹɾə
5416,marinate,8,7,maronale,7,,mæɹᵻneɪt,mæɹəneɪl
5417,marine,6,5,mopine,5,,mɚɹiːn,mɑːpaɪn
5418,mariner,7,7,maromer,7,,mæɹɪnɚ,mæɹəmɚ
5419,marital,7,6,marofal,7,,mæɹɪɾəl,mæɹɑːfəl
5420,mark,4,4,marn,4,,mɑːɹk,mɑːɹn
5421,markdown,8,7,martdawn,6,,mɑːɹkdaʊn,mɑːɹtdɔːn
5422,marked,6,5,mooked,4,,mɑːɹkt,mʊkt
5423,market,6,6,manret,6,,mɑːɹkɪt,mænɹɪt
5424,marksman,8,8,martsmin,8,,mɑːɹksmən,mɑːɹtsmɪn
5425,markup,6,6,maldum,6,,mɑːɹkʌp,mældəm
5426,marmalade,9,8,marmolake,8,,mɑːɹmɐleɪd,mɑːɹməleɪk
5427,maroon,6,5,miroot,5,,mɚɹuːn,mɪɹuːt
5428,marriage,8,5,mappiage,6,,mæɹɪdʒ,mæpɪdʒ
5429,marrow,6,4,mabbow,4,,mæɹoʊ,mæboʊ
5430,marry,5,4,maggy,4,,mæɹi,mæɡi
5431,marsh,5,4,mersh,4,,mɑːɹʃ,mɜːʃ
5432,marshal,7,6,manshel,6,,mɑːɹʃəl,mænʃəl
5433,marshmallow,11,8,marshmabbow,8,,mɑːɹʃmɐloʊ,mɑːɹʃmɐboʊ
5434,mart,4,4,mert,4,,mɑːɹt,mɜːt
5435,Martian,7,6,mantive,6,,mɑːɹʃən,mæntɪv
5436,martini,7,7,martono,7,,mɑːɹtiːni,mɑːɹtoʊnoʊ
5437,martyr,6,6,mantar,6,,mɑːɹɾɚ,mæntɚ
5438,marvel,6,6,murvet,6,,mɑːɹvəl,mɜːvɪt
5439,marvelous,9,8,marverrous,8,,mɑːɹvələs,mɑːɹvɛɹəs
5440,mascara,7,7,mascuro,7,,mæskɑːɹɹə,mæskjʊɹɹoʊ
5441,mascot,6,6,malbot,6,,mæskɑːt,mælbɑːt
5442,masculine,9,9,mascofane,8,,mæskjʊlɪn,mæskəfeɪn
5443,masculinity,11,12,masculanory,12,,mæskjʊlɪnᵻɾi,mæskjʊlænɚɹi
5444,mash,4,3,mang,3,,mæʃ,mæŋ
5445,mask,4,4,malk,4,,mæsk,mælk
5446,masochist,9,8,masuclust,9,,mæsəkɪst,mæsəklʌst
5447,masquerade,10,8,masquarase,9,,mæskɚɹeɪd,mæskwəɹeɪz
5448,mass,4,3,mels,4,,mæs,mɛlz
5449,massacre,8,7,massocru,7,,mæsəkɚ,mæsəkɹuː
5450,massage,7,5,maddage,5,,mɐsɑːʒ,mædɪdʒ
5451,massive,7,5,mattive,5,,mæsɪv,mættɪv
5452,master,6,6,misfer,6,,mæstɚ,mɪsfɜː
5453,masterful,9,9,mastorfal,9,,mæstɚfəl,mæstɔːɹfəl
5454,masterpiece,11,9,mastorpiere,9,,mæstɚpiːs,mæstɔːɹpiɛɹ
5455,mastery,7,7,mastemy,7,,mæstɚɹi,mæstəmi
5456,masturbate,10,9,mastorbale,9,,mæstɚbeɪt,mæstɔːɹbeɪl
5457,masturbation,12,11,masteldative,11,,mæstɚbeɪʃən,mæstɪldətɪv
5458,mat,3,3,mot,3,,mæt,mɑːt
5459,match,5,3,mamps,5,,mætʃ,mæmps
5460,matchbook,9,6,meathboke,6,,mætʃbʊk,miːθboʊk
5461,mate,4,3,mamp,4,,meɪt,mæmp
5462,material,8,8,matopial,8,,mətɪɹiəl,mætoʊpɪəl
5463,materialism,11,12,matereanasm,13,,mətɪɹiəlɪzəm,mæɾɚɹiːnæzəm
5464,materialistic,13,13,materianastin,14,,mətɪɹiəlɪstɪk,mətɪɹiænɐstɪn
5465,materialization,15,14,mateniolazirion,15,,mətɪɹiəlᵻzeɪʃən,meɪtnɪɑːlɐzɪɹiən
5466,materialize,11,10,matufialist,11,,mətɪɹiəlaɪz,mæɾuːfɪəlɪst
5467,maternal,8,7,matormal,8,,mətɜːnəl,mæɾɔːɹməl
5468,maternity,9,9,maperlidy,9,,mətɜːnᵻɾi,mæpɚlɪdi
5469,math,4,3,maft,4,,mæθ,mæft
5470,mathematician,13,11,mathemotarian,12,,mæθɪmɐtɪʃən,mæθiːmətɛɹiən
5471,mathematics,11,10,matheminize,9,,mæθɪmæɾɪks,mæθɪmɪnaɪz
5472,matinee,7,5,matoree,6,,mætəneɪ,mæɾɔːɹiː
5473,matrimonial,11,11,matnilodial,11,,mætɹɪmoʊnɪəl,mætnɪloʊdɪəl
5474,matrimony,9,9,matsidocy,9,,mætɹɪməni,mætsɪdɑːsi
5475,matron,6,6,mutrin,6,,meɪtɹən,mjuːtɹɪn
5476,matter,6,5,mazzer,5,,mæɾɚ,mæzɚ
5477,mattress,8,6,mappress,6,,mætɹəs,mæpɹɛs
5478,maturation,10,9,matunative,10,,mətʃʊɹɹeɪʃən,mætuːnətɪv
5479,mature,6,5,motude,6,,mətʃʊɹ,mɑːɾuːd
5480,maximum,7,8,maxomim,8,,mæksɪməm,mæksɑːmɪm
5481,may,3,2,mab,3,,meɪ,mæb
5482,maybe,5,4,marbe,5,,meɪbiː,mɑːɹb
5483,mayflower,9,7,mayflawer,7,,meɪflaʊɚ,meɪflæwɚ
5484,mayonnaise,10,6,mayonnacks,7,,meɪəneɪz,meɪənæks
5485,mayor,5,4,moyar,5,,meɪɚ,mɔɪɑːɹ
5486,maze,4,3,mooct,4,,meɪz,muːkt
5487,meadow,6,4,meapod,5,,mɛdoʊ,miːpɑːd
5488,meal,4,3,maidge,3,,miːl,meɪdʒ
5489,mealtime,8,6,mooltike,6,,miːltaɪm,muːltaɪk
5490,mean,4,3,mife,3,,miːn,maɪf
5491,meaning,7,5,meakint,6,,miːnɪŋ,miːkɪnt
5492,meant,5,4,meave,3,,mɛnt,miːv
5493,meantime,8,6,moontill,6,,miːntaɪm,muːntɪl
5494,measles,7,6,moasles,6,,miːzəlz,moʊsəlz
5495,measly,6,5,moably,5,,miːsli,moʊæbli
5496,measurable,10,9,measoranle,9,,mɛʒɚɹəbəl,miːsɔːɹænəl
5497,measure,7,5,meatire,5,,mɛʒɚ,miːɾaɪɚ
5498,measurement,11,9,measarerent,8,,mɛʒɚmənt,miːsɛɹənt
5499,mechanic,8,7,mechinin,7,,mᵻkænɪk,mɛtʃənɪn
5500,mechanism,9,9,mecharist,8,,mɛkənɪzəm,mɛkɚɹɪst
5501,mechanistic,11,10,mechanantis,10,,mɛkɐnɪstɪk,mɛkɐnæntiz
5502,mechanization,13,11,mechanomarion,12,,mɛkɐnᵻzeɪʃən,mɛkɐnəmæɹiən
5503,mechanize,9,7,mechonaze,7,,mɛkənaɪz,mɛtʃəneɪz
5504,medal,5,4,midol,5,,mɛdəl,mɪdɑːl
5505,median,6,6,meciad,6,,miːdiːən,miːʃɪæd
5506,mediate,7,6,medoase,6,,miːdɪeɪt,mɛdoʊs
5507,mediation,9,8,mefiative,8,,miːdɪeɪʃən,mɛfiətɪv
5508,mediator,8,8,meriatel,8,,miːdɪeɪɾɚ,mɪɹieɪɾəl
5509,medic,5,5,midac,5,,mɛdɪk,mɪdæk
5510,medicate,8,7,medocale,7,,mɛdᵻkeɪt,mɛdəkeɪl
5511,medication,10,9,medirative,9,,mɛdɪkeɪʃən,mɛdɚɹətɪv
5512,medicinal,9,8,medesical,9,,mədɪsɪnəl,mɛdɛsɪkəl
5513,medicine,8,7,medocane,7,,mɛdəsən,mɛdəkeɪn
5514,mediocre,8,8,mediapre,8,,miːdɪoʊkɚ,miːdiːəpɚ
5515,meditate,8,7,medotale,7,,mɛdᵻteɪt,mɛdəteɪl
5516,meditation,10,9,medilative,9,,mɛdɪteɪʃən,mɛdɪlətɪv
5517,medium,6,6,medoan,6,,miːdiəm,mɛdoʊn
5518,medley,6,5,midlet,6,,mɛdli,mɪdlɪt
5519,meet,4,3,merk,4,,miːt,mɜːk
5520,meeting,7,5,meefing,5,,miːɾɪŋ,miːfɪŋ
5521,megaphone,9,7,megophane,7,,mɛɡəfoʊn,mɛɡəfeɪn
5522,melancholy,10,9,melinpholy,9,,mɛləŋkɑːli,mɛlɪnfɑːli
5523,mellow,6,4,millaw,4,,mɛloʊ,mɪlɔː
5524,melodic,7,7,melidin,7,,mɛlɑːdɪk,mɛlɪdɪn
5525,melodrama,9,9,melostara,9,,mɛlədɹɑːmə,mɛləstɑːɹɹə
5526,melodramatic,12,12,melodromitin,12,,mɛlədɹɐmæɾɪk,mɛlədɹɑːmɪtɪn
5527,melody,6,6,melury,6,,mɛlədi,mɛljʊɹi
5528,melon,5,5,milor,5,,mɛlən,maɪlɚ
5529,melt,4,4,merd,4,,mɛlt,mɜːd
5530,member,6,6,mumben,6,,mɛmbɚ,mʌmbən
5531,membrane,8,7,mimbrune,7,,mɛmbɹeɪn,mɪmbɹuːn
5532,memento,7,7,meminta,7,,məmɛntoʊ,mɛmɪntə
5533,memo,4,4,mima,4,,mɛmoʊ,miːmə
5534,memoir,6,6,mexope,6,,mɛmwɑːɹ,mɛksoʊp
5535,memorable,9,9,memocaple,9,,mɛmɚɹəbəl,mɛməkæpəl
5536,memorandum,10,10,memocandem,10,,mɛmɚɹændəm,mɛməkændəm
5537,memorial,8,8,memunial,8,,məmɔːɹɪəl,mɛmjuːnɪəl
5538,memorize,8,7,memuraze,7,,mɛmɚɹaɪz,miːmjʊɹɹeɪz
5539,memory,6,6,memuty,6,,mɛmɚɹi,mɛmjuːɾi
5540,men,3,3,mer,3,,mɛn,mɜː
5541,menace,6,5,manade,5,,mɛnɪs,mæneɪd
5542,mend,4,4,mems,4,,mɛnd,mɛmz
5543,menopause,9,7,menuparse,8,,mɛnəpɔːz,mɛnjuːpɑːɹs
5544,menstrual,9,9,menstriad,9,,mɛnstɹuːəl,mɛnstɹɪæd
5545,menstruate,10,8,menstroase,9,,mɛnstɹuːeɪt,mɛnstɹoʊs
5546,menstruation,12,10,menchroative,10,,mɛnstɹuːeɪʃən,mɛŋkɹoʊtɪv
5547,mental,6,5,munpal,6,,mɛntəl,mʌnpəl
5548,mentality,9,9,mentilicy,9,,mɛntælᵻɾi,mɛntɪlɪsi
5549,menthol,7,6,memthil,6,,mɛnθɑːl,mɛmθɪl
5550,mention,7,6,muntoon,6,,mɛnʃən,mʌntuːn
5551,menu,4,5,minu,4,,mɛnjuː,mɪnuː
5552,meow,4,3,moaw,3,,mɪaʊ,moʊw
5553,merchandise,11,9,merchindase,9,,mɜːtʃɐndaɪz,mɜːtʃɪndeɪs
5554,merchant,8,7,morclant,8,,mɜːtʃənt,mɔːɹklənt
5555,mercury,7,8,merputy,7,,mɜːkjʊɹi,mɜːpjuːɾi
5556,mercy,5,5,mardy,5,,mɜːsi,mɑːɹdi
5557,mere,4,3,mell,3,,mɪɹ,mɛl
5558,merge,5,4,morge,4,,mɜːdʒ,mɔːɹdʒ
5559,merger,6,6,marger,6,,mɜːdʒɚ,mɑːɹdʒɚ
5560,merit,5,5,murid,6,,mɛɹɪt,mjʊɹɹɪd
5561,mermaid,7,6,marmain,6,,mɜːmeɪd,mɑːɹmeɪn
5562,merry,5,4,metty,4,,mɛɹi,mɛɾi
5563,mesh,4,3,megs,4,,mɛʃ,mɛɡz
5564,mess,4,3,menge,4,,mɛs,mɛndʒ
5565,message,7,5,melliage,6,,mɛsɪdʒ,mɛlɪɪdʒ
5566,messenger,9,8,messinmer,8,,mɛsɪndʒɚ,mɛsɪnmɚ
5567,met,3,3,moosh,3,,mɛt,muːʃ
5568,metabolic,9,9,metasolic,9,,mɛɾəbɑːlɪk,mɛɾəsəlɪk
5569,metabolism,10,11,melaborism,11,,mətæbəlɪzəm,mɛlɐbɚɹɪzəm
5570,metal,5,4,maten,5,,mɛɾəl,meɪʔn̩
5571,metallic,8,7,metappic,7,,mətælɪk,mɛɾəpɪk
5572,metamorphosis,13,12,metamarphulis,12,,mɛɾəmɔːɹfəsɪs,mɛɾəmɑːɹfjʊlaɪz
5573,metaphor,8,7,metoshor,7,,mɛɾəfɔːɹ,mɛɾɑːʃɚ
5574,meteor,6,6,mefuer,6,,miːɾɪɚ,mɛfjuːɚ
5575,meteorite,9,8,mepeorate,8,,miːɾɪɔːɹaɪt,mɛpɪɚɹeɪt
5576,meteorology,11,11,meteonaliny,11,,miːɾɪɔːɹɑːlədʒi,miːɾɪɑːnɐlɪni
5577,meter,5,5,mafer,5,,miːɾɚ,meɪfɚ
5578,methane,7,5,mathade,5,,mɛθeɪn,mæθeɪd
5579,method,6,5,mithad,5,,mɛθəd,mɪθæd
5580,methodical,10,9,metherinal,9,,mɛθɑːdɪkəl,mɛθɚɹɪnəl
5581,methodist,9,8,methidast,8,,mɛθədɪst,mɛθɪdæst
5582,methodology,11,10,methodaliny,10,,mɛθədɑːlədʒi,mɛθədælɪni
5583,metric,6,6,meflic,6,,mɛtɹɪk,mɛflɪk
5584,metro,5,5,mitra,5,,mɛtɹoʊ,mɪtɹə
5585,metropolis,10,10,metracoris,10,,mətɹɑːpəlɪs,mɛtɹɐkɔːɹɪs
5586,metropolitan,12,11,metropilatin,12,,mɛtɹəpɑːlɪtən,mɛtɹəpɪlɐtɪn
5587,Mexican,7,8,Mexodan,8,,mɛksɪkən,mɛksɑːdən
5588,mice,4,3,mide,3,,maɪs,mɪdɛ
5589,microorganism,13,14,microongofism,14,,maɪkɹoʊɔːɹɡənɪzəm,maɪkɹoʊɑːŋɡoʊfɪzəm
5590,microphone,10,8,micruphane,8,,maɪkɹəfoʊn,mɪkɹəfeɪn
5591,microscope,10,9,miclostork,10,,maɪkɹəskoʊp,mɪkləstɔːɹk
5592,microscopic,11,11,michopracid,10,,maɪkɹəskɑːpɪk,mɪtʃəpɹæsɪd
5593,microwave,9,8,micruwane,8,,maɪkɹoʊweɪv,mɪkɹuːweɪn
5594,mid,3,3,zid,3,,mɪd,zɪd
5595,midday,6,5,mippay,5,,mɪddeɪ,mɪpeɪ
5596,middle,6,4,miffle,5,,mɪdəl,mɪfəl
5597,middleman,9,7,middlimin,8,,mɪdəlmæn,mɪdlɪmɪn
5598,middleweight,12,7,middliheight,8,,mɪdəlweɪt,mɪdlɪhaɪt
5599,midland,7,7,madlane,6,,mɪdlənd,mædleɪn
5600,midst,5,5,midth,4,,mɪdst,mɪdθ
5601,midsummer,9,8,midsugger,8,,mɪdsʌmɚ,mɪdsʌɡɚ
5602,midweek,7,6,milseek,6,,mɪdwiːk,mɪlsiːk
5603,might,5,3,milst,5,,maɪt,mɪlst
5604,mighty,6,4,moughy,3,,maɪɾi,moʊi
5605,migraine,8,6,magrelts,8,,maɪɡɹeɪn,mæɡɹɛlts
5606,migrant,7,7,mograne,6,,maɪɡɹənt,mɑːɡɹeɪn
5607,migration,9,8,migrotive,8,,maɪɡɹeɪʃən,mɪɡɹətɪv
5608,mild,4,4,mize,3,,maɪld,maɪz
5609,mile,4,3,mipe,3,,maɪl,maɪp
5610,mileage,7,5,maleade,5,,maɪlɪdʒ,meɪleɪd
5611,militarily,10,10,milimarily,10,,mɪlɪtɛɹᵻli,mɪlɪmɛɹᵻli
5612,militarize,10,9,miliparive,9,,mɪlɪɾɚɹaɪz,mɪlɪpæɹɪv
5613,military,8,8,milicary,8,,mɪlətɛɹi,mɪlɪkɛɹi
5614,milk,4,4,mirl,4,,mɪlk,mɜːl
5615,milkmaid,8,7,malkmain,7,,mɪlkmeɪd,mælkmeɪn
5616,mill,4,3,maith,3,,mɪl,meɪθ
5617,millennium,10,8,millunriun,9,,mɪlɛniəm,mɪlənɹɪʌn
5618,milligram,9,8,millugrim,8,,mɪlɪɡɹæm,mɪlʌɡɹɪm
5619,millimeter,10,9,miltigenor,10,,mɪlɪmiːɾɚ,mɪltaɪɡɛnɚ
5620,million,7,6,malloon,5,,mɪliən,mæluːn
5621,millionaire,11,8,milliomaide,8,,mɪliənɛɹ,mɪlɪɑːmeɪd
5622,mime,4,3,mimp,4,,maɪm,mɪmp
5623,mimic,5,5,mamid,5,,mɪmɪk,mæmɪd
5624,mince,5,4,monce,4,,mɪns,mɔns
5625,mind,4,4,mund,4,,maɪnd,mʌnd
5626,mine,4,3,ming,3,,maɪn,mɪŋ
5627,miner,5,5,mamer,5,,maɪnɚ,meɪmɚ
5628,mineral,7,7,minoran,7,,mɪnɚɹəl,maɪnɔːɹən
5629,minesweeper,11,9,minesweeker,9,,maɪnswiːpɚ,maɪnswiːkɚ
5630,mingle,6,6,mungly,6,,mɪŋɡəl,mʌŋli
5631,miniature,9,8,minoatude,9,,mɪnɪtʃɚ,mɪnoʊtuːd
5632,minimal,7,7,minotal,7,,mɪnɪməl,mɪnɑːɾəl
5633,minimize,8,7,minolaze,7,,mɪnɪmaɪz,mɪnəleɪz
5634,minimum,7,7,minorum,7,,mɪnɪməm,maɪnɔːɹəm
5635,minister,8,8,minosper,8,,mɪnɪstɚ,mɪnɑːspɚ
5636,ministry,8,8,minospry,8,,mɪnɪstɹi,mɪnɑːspɹi
5637,mink,4,4,maink,4,,mɪŋk,meɪŋk
5638,minnow,6,4,miffow,4,,mɪnoʊ,mɪfaʊ
5639,minority,8,8,misorily,8,,maɪnɔːɹᵻɾi,mɪsɔːɹili
5640,mint,4,4,mive,3,,mɪnt,maɪv
5641,minus,5,5,manis,5,,maɪnəs,mæniz
5642,minute,6,5,manude,6,,mɪnɪt,mænjuːd
5643,minuteman,9,8,minatemin,8,,mɪnɪtmən,mɪneɪtmɪn
5644,miracle,7,7,miromle,7,,mɪɹəkəl,mɪɹɑːməl
5645,miraculous,10,10,miricunous,10,,mɪɹækjʊləs,mɪɹɪkʌnəs
5646,mirror,6,5,middor,5,,mɪɹɚ,mɪdɔːɹ
5647,misadventure,12,11,misatvertade,11,,mɪsɐdvɛntʃɚ,mɪsætvɚteɪd
5648,misapplication,14,12,misapplucorion,13,,mɪsæplɪkeɪʃən,mɪsɐpluːkɔːɹiən
5649,misappropriate,14,12,misapprutriase,12,,mɪsɐpɹoʊpɹɪət,mɪsɐprjuːtɹɪeɪs
5650,misbehave,9,8,misbihive,8,,mɪsbᵻheɪv,mɪsbaɪhaɪv
5651,misbeliever,11,10,misborieven,10,,mɪsbᵻliːvɚ,mɪsbɔːɹiːvən
5652,miscalculate,12,12,misralcibate,11,,mɪskælkjʊleɪt,mɪsɹælsᵻbeɪt
5653,miscalculation,14,14,miscalcotarion,14,,mɪskælkjʊleɪʃən,mɪskælkətɑːɹɹiən
5654,miscall,7,6,mascull,6,,mɪskɔːl,mæskʌl
5655,miscellaneous,13,10,miscalranuion,13,,mɪsəleɪniəs,mɪskælɹɐnuːiən
5656,mischief,8,6,muschied,6,,mɪstʃɪf,mʌʃid
5657,mischievous,11,8,mischoevius,9,,mɪstʃɪvəs,mɪstʃoʊvɪəs
5658,misconceive,11,9,miscomceart,10,,mɪskənsiːv,mɪskɑːmsɪɹt
5659,misconduct,10,10,miscomdeck,9,,mɪskɑːndʌkt,mɪskəmdɛk
5660,miscount,8,7,miscourt,7,,mɪskaʊnt,mɪskɔːɹt
5661,misdemeanor,11,10,mistereanol,10,,mɪsdᵻmiːnɚ,mɪstɛɹiːnɑːl
5662,misdirect,9,9,misderict,9,,mɪsdᵻɹɛkt,mɪsdᵻɹɪkt
5663,misdoing,8,7,misdoint,8,,mɪsduːɪŋ,mɪsdɔɪnt
5664,miser,5,5,masor,5,,maɪzɚ,mæsɚ
5665,miserable,9,9,misoramle,9,,mɪzɹəbəl,mɪsɔːɹæməl
5666,misery,6,6,miseny,6,,mɪzɚɹi,mɪsɛnaɪ
5667,misfortune,10,9,misfontane,9,,mɪsfɔːɹtʃʊn,mɪsfɔnteɪn
5668,misguidance,11,9,misgeavades,10,,mɪsɡaɪdəns,mɪsdʒiːveɪdz
5669,mishap,6,6,maship,6,,mɪshæp,mɑːʃɪp
5670,misinform,9,9,misimfoam,8,,mɪsɪnfɔːɹm,mɪsɪmfoʊm
5671,misinformation,14,13,misinfarmolion,13,,mɪsɪnfɚmeɪʃən,mɪsɪnfɑːɹmoʊliən
5672,misinterpret,12,12,misintorcrat,12,,mɪsɪntɜːpɹɪt,mɪsɪntɔːɹkɹæt
5673,misjudge,8,6,mushedge,5,,mɪsdʒʌdʒ,mʌʃɛdʒ
5674,mislay,6,5,maslad,6,,mɪsleɪ,mæslæd
5675,misprint,8,8,masprone,7,,mɪspɹɪnt,mæspɹoʊn
5676,mispronounce,12,10,misprenience,11,,mɪspɹənaʊns,mɪspɹɪniəns
5677,misquotation,12,11,miscrolative,11,,mɪskwoʊteɪʃən,mɪskɹɑːlətɪv
5678,misrepresent,12,12,misrestedant,12,,mɪsɹɛpɹᵻzɛnt,mɪsɹᵻstɛdənt
5679,miss,4,3,mibs,4,,mɪs,mɪbz
5680,missile,7,5,miffile,5,,mɪsəl,mɪfaɪl
5681,missing,7,5,mussink,6,,mɪsɪŋ,mʌsɪŋk
5682,mission,7,5,mussoon,5,,mɪʃən,mʌsuːn
5683,misspell,8,7,musspale,6,,mɪsspɛl,mʌspeɪl
5684,mist,4,4,moost,4,,mɪst,muːst
5685,mistakable,10,10,mislacamle,10,,mɪsteɪkəbəl,mɪslækæməl
5686,mistake,7,6,mustods,7,,mɪsteɪk,mʌstɑːdz
5687,mister,6,6,mosted,6,,mɪstɚ,moʊstᵻd
5688,mistletoe,9,7,misplenoe,8,,mɪsəltoʊ,mɪspliːnoʊ
5689,mistreat,8,7,mastreal,8,,mɪstɹiːt,mæstɹiːəl
5690,mistress,8,7,mastriss,7,,mɪstɹəs,mæstɹɪs
5691,misty,5,5,moosty,5,,mɪsti,muːsti
5692,misunderstand,13,13,misunterphane,10,,mɪsʌndɚstænd,mɪsʌntɜːfeɪn
5693,misuse,6,6,masude,5,,mɪsjuːs,mæsuːd
5694,mitten,6,4,midden,5,,mɪʔn̩,mɪdən
5695,mittens,7,5,middens,6,,mɪʔn̩z,mɪdənz
5696,mix,3,4,moong,3,,mɪks,muːŋ
5697,mixer,5,6,miver,5,,mɪksɚ,maɪvɚ
5698,mixture,7,7,milfure,6,,mɪkstʃɚ,mɪlfjʊɹ
5699,moan,4,3,moach,3,,moʊn,moʊtʃ
5700,mob,3,3,mub,3,,mɑːb,mʌb
5701,mobile,6,5,mabale,5,,moʊbəl,mæbeɪl
5702,mobilization,12,11,mobiloramion,12,,moʊbɪlᵻzeɪʃən,moʊbɪlɔːɹæmiən
5703,mobilize,8,7,mobulaze,7,,moʊbɪlaɪz,mɑːbjʊleɪz
5704,mobster,7,7,mospler,7,,mɑːbstɚ,mɑːsplɚ
5705,mock,4,3,mook,3,,mɑːk,mʊk
5706,mode,4,3,molsh,4,,moʊd,mɑːlʃ
5707,model,5,4,madel,5,,mɑːdəl,meɪdəl
5708,moderate,8,7,modorase,7,,mɑːdɚɹət,moʊdɚɹeɪz
5709,moderation,10,9,modesative,9,,mɑːdɚɹeɪʃən,moʊdsətɪv
5710,moderator,9,9,modesalor,9,,mɑːdɚɹeɪɾɚ,moʊdsælɚ
5711,modern,6,6,moberd,6,,mɑːdɚn,moʊbɜːd
5712,modernity,9,9,modenricy,10,,mɑːdɚnᵻɾi,moʊdənɹɪsi
5713,modernization,13,12,modernolarion,12,,mɑːdɚnᵻzeɪʃən,mɑːdɚnoʊlɑːɹɹiən
5714,modest,6,6,midest,6,,mɑːdɪst,mɪdɛst
5715,modification,12,11,modiforalion,12,,mɑːdɪfɪkeɪʃən,mɑːdɪfɔːɹæliən
5716,modifier,8,8,modopier,7,,mɑːdɪfaɪɚ,mɑːdəpiɚ
5717,modify,6,6,modory,6,,mɑːdᵻfaɪ,moʊdɚɹi
5718,module,6,5,midure,6,,mɑːdʒuːl,mɪdʒɚ
5719,moist,5,4,meist,4,,mɔɪst,meɪst
5720,moisten,7,5,mouster,6,,mɔɪsən,maʊstɚ
5721,moisture,8,6,moustare,6,,mɔɪstʃɚ,maʊstɛɹ
5722,molar,5,5,mulor,5,,moʊlɚ,mjʊlɚ
5723,molasses,8,7,molarres,7,,məlæsᵻz,moʊlɑːɹz
5724,mold,4,4,moin,3,,moʊld,mɔɪn
5725,molding,7,6,muldint,7,,moʊldɪŋ,mʌldɪnt
5726,mole,4,3,mose,3,,moʊl,moʊs
5727,molecular,9,10,moletunar,10,,məlɛkjʊlɚ,moʊltuːnɑːɹ
5728,molecule,8,8,molocale,7,,mɑːlɪkjuːl,mɑːləkeɪl
5729,molest,6,6,mulast,6,,məlɛst,mjʊlæst
5730,molester,8,8,molisten,8,,məlɛstɚ,mɑːlɪsən
5731,moment,6,6,mumint,7,,moʊmənt,mjuːmɪnt
5732,momentarily,11,11,momentoriny,11,,moʊməntɛɹᵻli,moʊməntɔːɹɪni
5733,momentary,9,9,morentisy,9,,moʊməntɛɹi,mɔːɹntɪsi
5734,momentous,9,8,mominpous,8,,moʊmɛntəs,məmɪnpəs
5735,momentum,8,8,mominrum,8,,moʊmɛntəm,mɑːmɪnɹəm
5736,monarch,7,6,minarce,6,,mɑːnɚk,maɪnɑːɹs
5737,monarchy,8,7,monurphy,7,,mɑːnɚki,mɑːnɜːfi
5738,monastery,9,9,monargery,8,,mɑːnɐstɚɹi,mɑːnɑːɹdʒɚɹi
5739,Monday,6,5,Mindar,6,,mʌndeɪ,maɪndɑːɹ
5740,monetary,8,8,monetacy,8,,mɑːnɪtɛɹi,mɑːnɪɾəsi
5741,money,5,4,minet,5,,mʌni,mɪneɪ
5742,mongrel,7,7,mengret,7,,mɔŋɡɹəl,mɛŋɡɹɛt
5743,monitor,7,7,monotar,7,,mɑːnɪɾɚ,mɑːnoʊɾɚ
5744,monk,4,4,mont,4,,mʌŋk,mɔnt
5745,monkey,6,5,menkay,5,,mʌŋki,mɛŋkeɪ
5746,monogram,8,8,monigrim,8,,mɑːnoʊɡɹæm,mɑːnɪɡɹɪm
5747,monologue,9,7,monilague,7,,mɑːnoʊlɑːɡ,mɑːnɪleɪɡ
5748,monopolize,10,9,monipolics,10,,mənɑːpəlaɪz,mɑːnɪpɑːlɪks
5749,monopoly,8,8,monipocy,8,,mənɑːpəli,mɑːnɪpɑːsi
5750,monorail,8,7,monurain,7,,mɑːnoʊɹeɪl,mɑːnjʊɹɹeɪn
5751,monotone,8,7,monutane,7,,mɑːnətoʊn,mɑːnuːteɪn
5752,monotonous,10,8,monetolous,10,,mənɑːtənəs,moʊntələs
5753,monster,7,7,munsler,7,,mɔnstɚ,mʌnslɚ
5754,monstrosity,11,11,monscripiny,11,,mɔnstɹɔsᵻɾi,mɔnskɹɪpɪni
5755,monstrous,9,8,munstraus,8,,mɔnstɹəs,mʌnstɹaʊs
5756,month,5,4,molth,4,,mʌnθ,moʊlt
5757,monument,8,9,monogent,8,,mɑːnjuːmənt,mɑːnoʊdʒənt
5758,monumental,10,10,monumartel,11,,mɑːnjuːmɛntəl,mɑːnuːmɑːɹɾəl
5759,moo,3,2,moy,2,,muː,mɔɪ
5760,mood,4,3,moop,3,,muːd,muːp
5761,moody,5,4,mooky,4,,muːdi,mʊki
5762,moon,4,3,moom,3,,muːn,muːm
5763,moose,5,3,mowge,3,,muːs,moʊdʒ
5764,mop,3,3,modge,3,,mɑːp,mɑːdʒ
5765,mope,4,3,mupe,4,,moʊp,mjuːp
5766,moral,5,5,muren,5,,mɔːɹəl,mjʊɹɹən
5767,morale,6,5,mapade,5,,mɚɹæl,mæpeɪd
5768,moralist,8,8,morulost,8,,mɔːɹəlɪst,mɔːɹuːlɑːst
5769,moralistic,10,10,moralintis,10,,mɔːɹəlɪstɪk,mɔːɹɐlɪntiz
5770,morality,8,8,modalicy,8,,mɔːɹælᵻɾi,moʊdɐlɪsi
5771,moralization,12,11,moralomarion,12,,mɔːɹəlᵻzeɪʃən,mɔːɹɐləmæɹiən
5772,morbid,6,6,mowsid,5,,mɔːɹbɪd,moʊsɪd
5773,more,4,3,mure,4,,mɔːɹ,mjʊɹ
5774,morgue,6,4,merpse,5,,mɔːɹɡ,mɜːps
5775,Mormon,6,6,murgon,6,,mɔːɹmən,mɜːɡən
5776,morning,7,6,mulkint,7,,mɔːɹnɪŋ,mʌlkɪnt
5777,morocco,7,6,morollo,6,,mɚɹɑːkoʊ,mɔːɹoʊloʊ
5778,moron,5,5,mirun,5,,mɔːɹɑːn,mɜːɹʌn
5779,morphine,8,6,murgline,7,,mɔːɹfiːn,mɜːɡlaɪn
5780,morsel,6,6,mursen,6,,mɔːɹsəl,mɜːsən
5781,mortal,6,5,marpal,6,,mɔːɹɾəl,mɑːɹpəl
5782,mortality,9,9,mortilidy,9,,mɔːɹtælᵻɾi,mɔːɹɾɪlɪdi
5783,mortally,8,6,mortaffy,7,,mɔːɹɾəli,mɔːɹɾæfi
5784,mortar,6,6,martag,6,,mɔːɹɾɚ,mɑːɹɾæɡ
5785,mortgage,8,6,morkdage,7,,mɔːɹɡɪdʒ,mɔːɹkdɪdʒ
5786,mortician,9,8,mortocion,9,,mɔːɹtɪʃən,mɔːɹɾoʊʃən
5787,mortification,13,12,mortiforalion,13,,mɔːɹɾɪfɪkeɪʃən,mɔːɹɾɪfɔːɹæliən
5788,mortify,7,7,morlory,7,,mɔːɹɾᵻfaɪ,mɔːɹlɚɹi
5789,mortuary,8,8,mortoacy,8,,mɔːɹtjuːɛɹi,mɔːɹɾoʊsi
5790,mosque,6,4,moints,5,,mɑːsk,mɔɪnts
5791,mosquito,8,7,moscuitu,8,,məskiːɾoʊ,mɑːskjuːɪɾuː
5792,moss,4,3,momp,4,,mɔs,mɑːmp
5793,motel,5,5,matem,5,,moʊtɛl,meɪɾəm
5794,moth,4,3,moft,4,,mɑːθ,mɔft
5795,mother,6,5,mither,5,,mʌðɚ,mɪðɚ
5796,motherland,10,9,mothorlang,8,,mʌðɜːlənd,mɑːθɔːɹlæŋ
5797,motif,5,5,matig,5,,moʊtiːf,mæɾɪɡ
5798,motion,6,5,matoon,5,,moʊʃən,mætuːn
5799,motivate,8,7,motovale,7,,moʊɾᵻveɪt,mɑːɾuːveɪl
5800,motivation,10,9,molisative,9,,moʊɾɪveɪʃən,mɑːlɪsətɪv
5801,motive,6,5,matove,5,,moʊɾɪv,mæɾoʊv
5802,motor,5,5,maton,5,,moʊɾɚ,mætən
5803,motorcycle,10,10,mororcadle,9,,moʊɾɚsaɪkəl,mɔːɹɔːɹkeɪdəl
5804,motorization,12,11,motorazilion,12,,moʊɾɚɹᵻzeɪʃən,moʊɾɚɹeɪzɪliən
5805,motorman,8,8,motarmin,8,,moʊɾɚmən,mɑːɾɑːɹmɪn
5806,motto,5,4,moppo,4,,mɑːɾoʊ,mɑːpoʊ
5807,mound,5,4,mouch,3,,maʊnd,maʊtʃ
5808,mount,5,4,mourd,4,,maʊnt,mɜːd
5809,mountain,8,6,mourtail,6,,maʊntɪn,mɜːɾeɪl
5810,mountaineer,11,8,mountoineer,8,,maʊntɪnɪɹ,maʊntɔɪnɪɹ
5811,mountainside,12,9,mountoinsade,9,,maʊntɪnsaɪd,maʊntɔɪnseɪd
5812,mounting,8,6,mainling,6,,maʊntɪŋ,meɪnlɪŋ
5813,mouse,5,3,mourt,4,,maʊs,mɜːt
5814,mouth,5,3,louth,3,,maʊθ,laʊθ
5815,mouthpiece,10,6,moothfiece,6,,maʊθpiːs,muːθfiːs
5816,move,4,3,mong,3,,muːv,mɔŋɡ
5817,movie,5,4,mavid,5,,muːvi,mævɪd
5818,mow,3,2,zoh,2,,moʊ,zoʊ
5819,mucus,5,6,micos,5,,mjuːkəs,miːkoʊz
5820,mud,3,3,mao,2,,mʌd,maʊ
5821,mudslinger,10,9,mudslanger,9,,mʌdslɪŋɡɚ,mʌdslændʒɚ
5822,muffin,6,5,muzzin,5,,mʌfɪn,mʌzɪn
5823,muffle,6,5,munnle,5,,mʌfəl,mʌnəl
5824,muffler,7,7,mubbler,6,,mʌflɚ,mʌblɚ
5825,mug,3,3,mig,3,,mʌɡ,mɪɡ
5826,multicolored,12,11,multicilures,12,,mʌltɪkʌlɚd,mʌltɪsɪlɪɹz
5827,multimillionaire,16,13,multimiffionaive,13,,mʌltɪmɪliənɛɹ,mʌltɪmɪfɪɑːnaɪiːv
5828,multiple,8,8,multoble,8,,mʌltɪpəl,mʌltɑːbəl
5829,multiplication,14,13,multiplotalion,14,,mʌltɪplɪkeɪʃən,mʌltɪplətæliən
5830,multiply,8,8,multobly,8,,mʌltɪplaɪ,mʌltɑːbli
5831,mum,3,3,mooge,3,,mʌm,muːdʒ
5832,mumble,6,6,moombly,6,,mʌmbəl,muːmbli
5833,mummy,5,4,muppy,4,,mʌmi,mʌpi
5834,munch,5,4,mudge,3,,mʌntʃ,mʌdʒ
5835,municipal,9,10,muticidal,10,,mjuːnɪsɪpəl,mjuːɾɪsaɪdəl
5836,municipality,12,13,municobalory,13,,mjuːnɪsɪpælᵻɾi,mjuːnɪkɑːbɐlɚɹi
5837,mural,5,6,morad,5,,mjʊɹɹəl,mɔːɹæd
5838,murder,6,6,marlen,6,,mɜːdɚ,mɑːɹlən
5839,murderer,8,8,murfeger,8,,mɜːdɚɹɚ,mɜːfɛdʒɚ
5840,murmur,6,6,mormor,6,,mɜːmɚ,mɔːɹmɚ
5841,muscle,6,5,misclo,6,,mʌsəl,mɪskloʊ
5842,muscular,8,9,musconar,8,,mʌskjʊlɚ,mʌskənɑːɹ
5843,muscularity,11,12,musculorany,12,,mʌskjʊlæɹᵻɾi,mʌskjʊlɔːɹəni
5844,muse,4,4,mish,3,,mjuːz,mɪs
5845,museum,6,7,musaim,7,,mjuːziəm,mjuːseɪm
5846,mush,4,3,mune,4,,mʌʃ,mjuːn
5847,mushroom,8,6,mishroon,6,,mʌʃɹuːm,mɪshɹuːn
5848,music,5,6,mosip,5,,mjuːzɪk,mɑːsɪp
5849,musical,7,8,musopal,8,,mjuːzɪkəl,mjuːsɑːpəl
5850,musician,8,8,musocive,8,,mjuːzɪʃən,mjuːsəsɪv
5851,musketeer,9,8,muspeteen,8,,mʌskɪtɪɹ,mʌspɪtiːn
5852,Muslim,6,6,Mislum,6,,mʊzlɪm,mɪslʌm
5853,mustache,8,6,moutharse,7,,mʌstæʃ,maʊθɑːɹs
5854,mustang,7,6,mestong,6,,mʌstæŋ,mɛstɑːŋ
5855,mustard,7,7,mestark,7,,mʌstɚd,mɛstɑːɹk
5856,musty,5,5,mosty,5,,mʌsti,moʊsti
5857,mutate,6,6,mocate,5,,mjuːteɪt,mɑːkeɪt
5858,mutation,8,8,mutorion,9,,mjuːteɪʃən,mjuːtɔːɹiən
5859,mute,4,4,zute,4,,mjuːt,zjuːt
5860,mutilate,8,7,mutolale,8,,mjuːɾᵻleɪt,mjuːɾəleɪl
5861,mutilation,10,9,mutalotive,10,,mjuːɾɪleɪʃən,mjuːɾɐlɑːɾɪv
5862,mutiny,6,6,mutomy,7,,mjuːtɪni,mjuːɾəmi
5863,mutton,6,4,mullon,5,,mʌʔn̩,mʌlən
5864,mutual,6,7,mutiat,7,,mjuːtʃuːəl,mjuːʃɪæt
5865,muzzle,6,5,mueple,6,,mʌzəl,mjuːpəl
5866,mysterious,10,9,mystopious,9,,mɪstɪɹiəs,mɪstoʊpiəs
5867,mystery,7,7,mystemy,7,,mɪstɚɹi,mɪstəmi
5868,mystic,6,6,mustib,6,,mɪstɪk,mʌstɪb
5869,mystical,8,8,mystocan,8,,mɪstɪkəl,mɪstɑːkən
5870,mystify,7,7,mystopy,7,,mɪstᵻfaɪ,mɪstəpi
5871,mystique,8,6,mustitch,6,,mɪstiːk,mʌstɪtʃ
5872,myth,4,3,muth,3,,mɪθ,mʌθ
5873,mythological,12,11,mytholagoral,11,,mɪθəlɑːdʒɪkəl,mɪθəlæɡɚɹəl
5874,mythologist,11,10,mytherogize,9,,mɪθɑːlədʒɪst,mɪθɚɹɑːdʒaɪz
5875,mythology,9,8,mytherody,8,,mɪθɑːlədʒi,mɪθɚɹədi
5876,nab,3,3,nar,3,,næb,nɑːɹ
5877,nag,3,3,nig,3,,næɡ,nɪɡ
5878,nail,4,3,noin,3,,neɪl,nɔɪn
5879,naive,5,4,noine,4,,naɪiːv,nɔɪn
5880,naked,5,5,noker,5,,neɪkᵻd,noʊkɚ
5881,name,4,3,nace,3,,neɪm,neɪs
5882,nameless,8,6,nimeness,6,,neɪmləs,naɪmnəs
5883,nap,3,3,nop,3,,næp,nɑːp
5884,napkin,6,6,nopwin,6,,næpkɪn,nɑːpwɪn
5885,napoleon,8,8,napaloen,8,,nɐpoʊlɪən,neɪpɐloʊn
5886,narcotic,8,8,narmotic,8,,nɑːɹkɑːɾɪk,nɑːɹmɑːɾɪk
5887,narrate,7,5,nallate,5,,nɚɹeɪt,næleɪt
5888,narration,9,7,narrotoon,7,,nɚɹeɪʃən,næɹoʊtuːn
5889,narrative,9,7,narromave,7,,næɹətɪv,næɹəmeɪv
5890,narrator,8,7,narropor,7,,næɹeɪɾɚ,næɹɑːpɚ
5891,narrow,6,4,nattow,4,,næɹoʊ,næɾoʊ
5892,nasal,5,5,nosil,5,,neɪzəl,nɑːsəl
5893,nasty,5,5,nosty,5,,næsti,nɑːsti
5894,nation,6,5,notoon,5,,neɪʃən,nətuːn
5895,national,8,7,narionar,7,,næʃənəl,nɑːɹɹɪɑːnɑːɹ
5896,nationalism,11,11,natistalics,11,,næʃənəlɪzəm,næɾɪstælɪks
5897,nationality,11,10,nationolory,10,,næʃənælᵻɾi,neɪʃənɑːlɚɹi
5898,nationalization,15,13,nationolomalion,14,,næʃənəlᵻzeɪʃən,neɪʃənɑːləmæliən
5899,nationalize,11,9,natoonalase,9,,næʃənəlaɪz,nætuːnɐleɪz
5900,nationwide,10,8,natoonwade,8,,neɪʃənwaɪd,nætuːnweɪd
5901,native,6,5,notike,5,,neɪɾɪv,noʊɾaɪk
5902,nativity,8,8,natemiry,8,,nɐtɪvᵻɾi,neɪtmaɪɚɹi
5903,natural,7,7,natoril,7,,nætʃɚɹəl,næɾɔːɹəl
5904,naturalist,10,10,natoramise,9,,nætʃɚɹəlɪst,næɾɔːɹæmaɪz
5905,naturalistic,12,12,naturolitric,12,,nætʃɚɹəlɪstɪk,neɪtʃɚɹəlɪtɹɪk
5906,naturalization,14,13,naturilamotion,14,,nætʃɚɹəlᵻzeɪʃən,neɪtʃɚɹɪlɐmoʊʃən
5907,naturally,9,8,natorammy,8,,nætʃɚɹəli,næɾɔːɹæmi
5908,nature,6,5,nutare,6,,neɪtʃɚ,nuːɾɛɹ
5909,nausea,6,5,naurea,5,,nɔːsɪə,nɔːɹiə
5910,nauseate,8,6,nausoase,6,,nɔːsɪeɪt,nɔːsoʊs
5911,nautilus,8,7,nautolis,7,,nɔːɾɪləs,nɔːɾɑːliz
5912,naval,5,5,novil,5,,neɪvəl,nɑːvəl
5913,navigability,12,12,navigobalory,12,,nævɪɡəbɪlᵻɾi,nævɪɡɑːbɐlɚɹi
5914,navigate,8,7,navogale,7,,nævɪɡeɪt,nævəɡeɪl
5915,navigation,10,9,navidative,9,,nævɪɡeɪʃən,nævɪdətɪv
5916,navigator,9,9,navibapor,9,,nævɪɡeɪɾɚ,nævɪbæpɚ
5917,navy,4,4,nopy,4,,neɪvi,noʊpi
5918,nazi,4,5,noza,4,,nɑːtsi,noʊzə
5919,near,4,3,neam,3,,nɪɹ,niːm
5920,nearby,6,5,noorpy,5,,nɪɹbaɪ,nɔːɹpi
5921,nearing,7,5,nooring,5,,nɪɹɪŋ,nɔːɹɪŋ
5922,nearsighted,11,8,nearmighted,8,,nɪɹsaɪɾᵻd,nɪɹmaɪɾᵻd
5923,neat,4,3,noot,3,,niːt,nuːt
5924,necessarily,11,10,necessirony,10,,nɛsɪsɛɹᵻli,nɛsɪsaɪɚni
5925,necessary,9,8,necenlary,9,,nɛsᵻsɚɹi,nɛsənlɚɹi
5926,necessitate,11,9,necersulate,11,,nəsɛsɪteɪt,nɛsɚsjʊleɪt
5927,necessity,9,8,necirtimy,9,,nəsɛsɪɾi,nɛsɚtɪmi
5928,neck,4,3,nuck,3,,nɛk,nʌk
5929,neckband,8,7,nickbind,7,,nɛkbænd,nɪkbaɪnd
5930,necklace,8,6,nucklawn,6,,nɛkləs,nʌklɔːn
5931,nectar,6,6,nictor,6,,nɛktɚ,nɪktɚ
5932,nectarine,9,8,nectugane,8,,nɛktɑːɹɹiːn,nɛktuːɡeɪn
5933,need,4,3,nufe,3,,niːd,nuːf
5934,needle,6,4,nootle,5,,niːdəl,nuːɾəl
5935,needless,8,6,noonress,6,,niːdləs,nuːnɹɛs
5936,needs,5,4,neens,4,,niːdz,niːnz
5937,needy,5,4,noony,4,,niːdi,nuːni
5938,negate,6,5,nogade,5,,nᵻɡeɪt,nɑːɡeɪd
5939,negation,8,7,negotive,7,,nᵻɡeɪʃən,nᵻɡɑːɾɪv
5940,negative,8,7,negotire,8,,nɛɡətɪv,nᵻɡɑːɾaɪɚ
5941,neglect,7,7,noglert,7,,nᵻɡlɛkt,nɑːɡlɚt
5942,negligent,9,9,neglugint,9,,nɛɡlɪdʒənt,nɛɡluːdʒɪnt
5943,negligible,10,10,negrivitle,10,,nɛɡlɪdʒəbəl,nɛɡɹɪvɪɾəl
5944,negotiate,9,8,neloriaze,8,,nᵻɡoʊʃɪeɪt,nɛlɔːɹɪeɪz
5945,negotiation,11,10,negomiolion,11,,nᵻɡoʊʃɪeɪʃən,nɛɡoʊmɪoʊliən
5946,Negro,5,5,Nogra,5,,niːɡɹoʊ,nɑːɡɹə
5947,neighbor,8,5,neignpor,6,,neɪbɚ,neɪnpɚ
5948,neighboring,11,7,neighbuming,8,,neɪbɚɹɪŋ,neɪbjuːmɪŋ
5949,nephew,6,5,narfew,6,,nɛfjuː,nɑːɹfjuː
5950,nerve,5,4,horve,4,,nɜːv,hɔːɹv
5951,nervous,7,6,norvour,6,,nɜːvəs,nɔːɹvɚ
5952,nest,4,4,nust,4,,nɛst,nʌst
5953,net,3,3,ned,3,,nɛt,nɛd
5954,netting,7,5,nedding,5,,nɛɾɪŋ,nɛdɪŋ
5955,network,7,7,nelfork,7,,nɛtwɜːk,nɛlfɔːɹk
5956,neural,6,6,netsal,6,,nʊɹɹəl,nɛtsəl
5957,neurologist,11,11,neupolomist,11,,nʊɹɹɑːlədʒɪst,nuːpɑːləmɪst
5958,neurology,9,9,neupolomy,9,,nʊɹɹɑːlədʒi,nuːpɑːləmi
5959,neuron,6,6,netran,6,,nʊɹɹɑːn,nɛtɹæn
5960,neurotic,8,8,netratic,8,,nʊɹɹɑːɾɪk,nɛtɹæɾɪk
5961,neuter,6,6,neafer,5,,nuːɾɚ,niːfɚ
5962,neutral,7,7,neiprol,6,,nuːtɹəl,niːpɹɑːl
5963,neutrality,10,10,neutracidy,10,,nuːtɹælᵻɾi,nuːtɹɐsɪdi
5964,neutralization,14,13,neutraloramion,14,,nuːtɹəlᵻzeɪʃən,nuːtɹɐlɔːɹæmiən
5965,neutralize,10,9,neutrolase,9,,nuːtɹəlaɪz,nuːtɹəleɪz
5966,neutron,7,7,nemtrok,7,,nuːtɹɑːn,nɛmtɹɑːk
5967,newfound,8,7,neclound,7,,nuːfaʊnd,nɛklaʊnd
5968,newly,5,5,nerpy,5,,nuːli,nɜːpi
5969,newness,7,6,nebless,6,,nuːnəs,nɛbləs
5970,news,4,4,nems,4,,nuːz,nɛmz
5971,newspaper,9,9,newspopar,9,,nuːzpeɪpɚ,nuːzpəpɑːɹ
5972,newsprint,9,9,nowsprink,8,,nuːzpɹɪnt,noʊspɹɪŋk
5973,next,4,5,nerg,4,,nɛkst,nɜːɡ
5974,nibble,6,5,nimmle,5,,nɪbəl,nɪməl
5975,nice,4,3,jice,3,,naɪs,dʒaɪs
5976,niche,5,3,ninse,4,,nɪtʃ,nɪns
5977,nick,4,3,nink,4,,nɪk,nɪŋk
5978,nickel,6,5,nocken,5,,nɪkəl,nɑːkən
5979,nickname,8,6,nicknale,6,,nɪkneɪm,nɪkneɪl
5980,nicotine,8,7,nicafane,7,,nɪkətiːn,nɪkɐfeɪn
5981,niece,5,3,niege,4,,niːs,niːdʒ
5982,nifty,5,5,nofty,5,,nɪfti,nɔfti
5983,Nigerian,8,8,Nigolion,8,,naɪdʒiəɹɪən,nɪɡoʊliən
5984,nightcap,8,6,nirthcat,7,,naɪtkæp,nɜːθkæt
5985,nightgown,9,6,nirthgawn,7,,naɪtɡaʊn,nɜːθɡɔːn
5986,nightingale,11,7,nightongare,8,,naɪɾɪŋɡeɪl,naɪɾəŋɡɛɹ
5987,nightly,7,5,nirthly,6,,naɪtli,nɜːθli
5988,nighttime,9,6,nirthtive,7,,naɪttaɪm,nɜːθtɪv
5989,nimble,6,6,numple,6,,nɪmbəl,nʌmpəl
5990,nine,4,3,ning,3,,naɪn,nɪŋ
5991,nineteen,8,6,noneboon,6,,naɪntiːn,nɑːnɛbuːn
5992,ninety,6,5,nonety,5,,naɪnti,nɑːnɛɾi
5993,ninth,5,4,nidth,4,,naɪnθ,nɪdθ
5994,nip,3,3,noodge,3,,nɪp,nuːdʒ
5995,nipple,6,5,nizzle,5,,nɪpəl,nɪzəl
5996,nippy,5,4,nizzy,4,,nɪpi,nɪzi
5997,nitrate,7,6,notrame,6,,naɪtɹeɪt,nɑːtɹeɪm
5998,nitrogen,8,8,nitrugin,8,,naɪtɹədʒən,naɪtɹuːdʒɪn
5999,nitwit,6,6,nimcit,6,,nɪtwɪt,nɪmsɪt
6000,nobility,8,8,nofilicy,8,,noʊbɪlᵻɾi,nɑːfɪlɪsi
6001,noble,5,5,nugle,5,,noʊbəl,nʌɡəl
6002,nobleman,8,8,nopleran,8,,noʊbəlmən,nɑːplɚɹən
6003,nobody,6,6,nobory,6,,noʊbɑːdi,nɑːbɚɹi
6004,nocturnal,9,8,noctormal,9,,nɑːktɜːnəl,nɑːktɔːɹməl
6005,nod,3,3,nad,3,,nɑːd,næd
6006,node,4,3,nade,3,,noʊd,neɪd
6007,noel,4,4,naol,4,,noʊl,neɪɑːl
6008,noise,5,3,noits,4,,nɔɪz,nɔɪts
6009,noisy,5,4,naisy,4,,nɔɪzi,neɪzi
6010,nomad,5,5,namid,5,,noʊmæd,næmɪd
6011,nomadic,7,7,nomidec,7,,noʊmædɪk,nɑːmaɪdək
6012,nominate,8,7,nomonare,7,,nɑːmᵻneɪt,nɑːmənɛɹ
6013,nomination,10,9,nomirative,9,,nɑːmᵻneɪʃən,nɑːmɚɹətɪv
6014,nominative,10,9,nomiratics,10,,nɑːmɪnətɪv,nɑːmɚɹæɾɪks
6015,nominee,7,6,nomoree,6,,nɑːmɪniː,nɑːmɔːɹiː
6016,nonchalant,10,9,nonchomant,9,,nɑːnʃəlɑːnt,nɑːntʃɑːmənt
6017,noncommittal,12,9,noncolmindal,12,,nɑːŋkəmɪɾəl,nɑːŋkɑːlmaɪndəl
6018,nonconductor,12,12,noncoldicpor,12,,nɑːŋkəndʌktɚ,nɑːŋkoʊldɪkpɚ
6019,nonconformist,13,13,noncorfirmics,13,,nɑːŋkənfɔːɹmɪst,nɑːŋkɔːɹfɜːmɪks
6020,noncooperation,14,13,noncoogarolion,14,,nɑːŋkoʊɑːpɚɹeɪʃən,nɑːŋkuːɡɚɹoʊliən
6021,none,4,3,nove,3,,nʌn,noʊv
6022,nonetheless,11,8,nonethoness,8,,nʌnðəlɛs,nɑːniːθoʊnəs
6023,nonmetal,8,7,nonmaten,8,,nɑːnmɛɾəl,nɑːnmeɪʔn̩
6024,nonmetallic,11,10,nonmicallis,10,,nɑːnmətælɪk,nɑːnmɪkæliz
6025,nonprofit,9,9,nonprefid,9,,nɑːnpɹɑːfɪt,nɑːnpɹɪfɪd
6026,nonresident,11,11,nondesipent,11,,nɑːnɹɛzᵻdənt,nɑːndɪzaɪpənt
6027,nonresistance,13,12,nonrosuspance,12,,nɑːnɹᵻsɪstəns,nɑːnɹɑːsʌspəns
6028,nonrestrictive,14,13,nondestractize,13,,nɑːnɹᵻstɹɪktɪv,nɑːndᵻstɹæktaɪz
6029,nonsense,8,7,nunserse,7,,nɑːnsəns,nʌnsɜːs
6030,nonstop,7,7,nunstap,7,,nɑːnstɑːp,nʌnstæp
6031,nonsupport,10,9,nonsippark,9,,nɑːnsəpɔːɹt,nɑːnsɪpɑːɹk
6032,noodle,6,4,neemle,5,,nuːdəl,niːməl
6033,noon,4,3,noop,3,,nuːn,nuːp
6034,noose,5,3,nouse,3,,nuːs,naʊs
6035,normal,6,6,nardal,6,,nɔːɹməl,nɑːɹdəl
6036,normality,9,9,norcalimy,9,,nɔːɹmælᵻɾi,nɔːɹkɐlɪmi
6037,normalize,9,8,normarase,8,,nɔːɹməlaɪz,nɔːɹmɐɹeɪz
6038,normally,8,7,normaffy,7,,nɔːɹməli,nɔːɹmæfi
6039,north,5,4,noith,3,,nɔːɹθ,nɔɪθ
6040,northeast,9,7,nirtheart,7,,nɔːɹθiːst,nɜːthɑːɹt
6041,northward,9,8,nirthwark,8,,nɔːɹθwɚd,nɜːθwɔːɹk
6042,northwest,9,8,nirthwist,8,,nɔːɹθwɛst,nɜːθwɪst
6043,Norwegian,9,8,Norworian,9,,nɔːɹwiːdʒən,nɔːɹwɔːɹiən
6044,nose,4,3,noke,3,,noʊz,noʊk
6045,nostalgia,9,8,nostolmia,9,,nəstældʒə,nəstɑːlmiə
6046,nostril,7,7,nuspril,8,,nɑːstɹəl,nʌspɹəl
6047,nosy,4,4,nisy,4,,noʊzi,naɪsi
6048,notability,10,10,notabalomy,10,,noʊɾəbɪlᵻɾi,noʊɾɐbæləmi
6049,notable,7,7,notomle,7,,noʊɾəbəl,nɑːɾɑːməl
6050,notarize,8,7,notoraze,7,,noʊɾɚɹaɪz,noʊɾɔːɹeɪz
6051,notation,8,7,nototive,7,,noʊteɪʃən,nɑːɾətɪv
6052,note,4,3,nont,4,,noʊt,nɔnt
6053,noted,5,5,naten,5,,noʊɾᵻd,neɪʔn̩
6054,noteworthy,10,8,notewarphy,8,,noʊtwɜːði,noʊtwɔːɹfi
6055,nothing,7,5,nathing,5,,nʌθɪŋ,neɪðɪŋ
6056,notice,6,5,natide,5,,noʊɾɪs,næɾaɪd
6057,notification,12,11,notiforalion,12,,noʊɾɪfɪkeɪʃən,noʊɾɪfɔːɹæliən
6058,notify,6,6,notopy,6,,noʊɾᵻfaɪ,nɑːɾəpi
6059,notion,6,5,narion,6,,noʊʃən,nɑːɹɹiən
6060,notorious,9,8,notupious,8,,noʊtɔːɹiəs,nətuːpiəs
6061,notoriously,11,10,notemiousdy,10,,noʊtɔːɹiəsli,noʊtmiəsdi
6062,noun,4,3,nein,3,,naʊn,niːn
6063,nourish,7,5,noudish,5,,nɜːɹɪʃ,naʊdɪʃ
6064,novel,5,5,niver,5,,nɑːvəl,naɪvɚ
6065,novelty,7,7,novolry,7,,nɑːvəlɾi,nɑːvɑːlɹi
6066,November,8,8,Novimper,8,,noʊvɛmbɚ,nɑːvɪmpɚ
6067,novice,6,5,nivide,5,,nɑːvɪs,nɪvaɪd
6068,noxious,7,6,naxious,7,,nɑːkʃəs,nækʃəs
6069,nozzle,6,5,nottle,5,,nɑːzəl,nɑːɾəl
6070,nuclear,7,8,nubloar,8,,nuːklɪɹ,nʌblɔːɹ
6071,nucleus,7,8,nuclois,8,,nuːklɪəs,nuːklwɑː
6072,nude,4,4,nume,4,,nuːd,nuːm
6073,nudge,5,3,nedge,3,,nʌdʒ,nɛdʒ
6074,nudism,6,8,nirism,7,,nuːdɪzəm,naɪɚɹɪzəm
6075,nudist,6,7,nulisk,7,,nuːdɪst,nuːlɪsk
6076,nudity,6,7,nudory,7,,nuːdᵻɾi,nuːdɚɹi
6077,nugget,6,5,nukket,5,,nʌɡɪt,nʌkɪt
6078,nuisance,8,7,noidance,6,,nuːsəns,nɔɪdəns
6079,nullification,13,11,nulliforalion,12,,nʌlɪfɪkeɪʃən,nʌlɪfɔːɹæliən
6080,nullify,7,6,nullory,6,,nʌlᵻfaɪ,nʌlɚɹi
6081,numb,4,3,nurl,4,,nʌm,nɜːl
6082,number,6,6,nimbar,6,,nʌmbɚ,nɪmbɑːɹ
6083,numerable,9,10,numoraple,10,,nuːmɚɹəbəl,nuːmɔːɹæpəl
6084,numeral,7,8,numoran,8,,nuːmɚɹəl,nuːmɔːɹən
6085,numerate,8,8,numorase,8,,nuːmɚɹeɪt,nuːmɔːɹeɪz
6086,numerical,9,10,nucerital,10,,nuːmɛɹɪkəl,nuːsɚɹɪɾəl
6087,numerous,8,8,numobous,8,,nuːmɚɹəs,nuːmɑːbəs
6088,numskull,8,7,nimskall,7,,nʌmskʌl,nɪmskɔːl
6089,nurse,5,4,nunge,4,,nɜːs,nʌndʒ
6090,nursery,7,7,nurseny,7,,nɜːsɚɹi,nɜːsni
6091,nurture,7,6,nartude,7,,nɜːtʃɚ,nɑːɹɾuːd
6092,nut,3,3,nooth,3,,nʌt,nuːθ
6093,nutrient,8,9,nutroert,9,,njuːtɹiənt,nʌtɹoʊɚt
6094,nutrition,9,9,nutrotive,9,,njuːtɹɪʃən,nʌtɹətɪv
6095,nuts,4,4,nups,4,,nʌts,nʌps
6096,nutshell,8,5,nurshill,6,,nʌtʃɛl,nɜːshɪl
6097,nutty,5,4,nuddy,4,,nʌɾi,nʌdi
6098,nylon,5,5,nolin,5,,naɪlɑːn,nɑːlɪn
6099,nylons,6,6,nolins,6,,naɪlɑːnz,nɑːlɪnz
6100,nymph,5,4,nyarn,5,,nɪmf,njɑːɹn
6101,oak,3,2,ook,2,,oʊk,uːk
6102,oasis,5,5,oamis,5,,oʊeɪsɪs,oʊmiz
6103,oat,3,2,oot,2,,oʊt,uːt
6104,oath,4,2,ooth,2,,oʊθ,uːθ
6105,oatmeal,7,5,ootmeat,5,,oʊtmiəl,uːtmiːt
6106,obedient,8,8,obarient,8,,oʊbiːdiənt,oʊbɑːɹɹiənt
6107,obese,5,4,obede,4,,oʊbiːz,oʊbɛd
6108,obey,4,3,obuy,3,,oʊbeɪ,ɑːbaɪ
6109,obituary,8,9,obitoany,8,,oʊbɪtʃuːɛɹi,ɑːbaɪtoʊni
6110,object,6,6,orjert,6,,ɑːbdʒɛkt,ɔːɹdʒɚt
6111,objective,9,8,objictave,8,,ɑːbdʒɛktɪv,ɑːbdʒɪkteɪv
6112,objectivity,11,11,objectavony,11,,ɑːbdʒɪktɪvᵻɾi,ɑːbdʒɛktɐvəni
6113,obligate,8,7,oblugale,7,,ɑːblᵻɡeɪt,əbluːɡeɪl
6114,obligation,10,9,obdisative,9,,ɑːblɪɡeɪʃən,ɑːbdɪsətɪv
6115,oblige,6,5,obluge,5,,əblaɪdʒ,əbluːdʒ
6116,oblique,7,5,oplutch,5,,oʊbliːk,ɑːplʌtʃ
6117,oblivion,8,8,oblirion,8,,əblɪviən,əblɪɹiən
6118,obnoxious,9,8,obnaxious,9,,ɑːbnɑːkʃəs,ɑːbnækʃəs
6119,obscene,7,5,opscone,6,,əbsiːn,ɑːpskoʊn
6120,obscure,7,7,opscore,6,,əbskjʊɹ,ɑːpskɔːɹ
6121,observable,10,10,observatle,10,,əbzɜːvəbəl,əbzɜːvæɾəl
6122,observation,11,10,obverdative,10,,ɑːbzɚveɪʃən,ɑːbvɚdətɪv
6123,observatory,11,11,observotamy,11,,əbzɜːvətɔːɹi,əbzɜːvətæmi
6124,observe,7,6,opsarve,6,,əbzɜːv,ɑːpsɑːɹv
6125,obsess,6,5,opsuss,5,,əbsɛs,ɑːpsʌs
6126,obsession,9,7,obsellion,8,,əbsɛʃən,əbsɛliən
6127,obsolete,8,7,obsulere,8,,ɑːbsəliːt,əbsuːlɚ
6128,obstacle,8,8,obstomle,8,,ɑːbstəkəl,əbstɑːməl
6129,obstetrician,12,11,obstatronian,12,,ɑːbstɪtɹɪʃən,ɑːbstɐtɹoʊniən
6130,obstruct,8,8,opstrict,8,,əbstɹʌkt,ɑːpstɹɪkt
6131,obtain,6,5,optail,5,,əbteɪn,ɑːptɪl
6132,obvious,7,6,obmious,6,,ɑːbviəs,ɑːbmiəs
6133,occasion,8,6,occosive,6,,əkeɪʒən,ɑːkoʊsɪv
6134,occasional,10,7,occusionar,9,,əkeɪʒənəl,ɑːkjuːʒənɑːɹ
6135,occupancy,9,9,ocrubanty,9,,ɑːkjʊpənsi,ɑːkɹuːbənti
6136,occupation,10,9,occiputive,8,,ɑːkjʊpeɪʃən,ɑːksɪpjuːɾɪv
6137,occupy,6,6,occory,5,,ɑːkjʊpaɪ,ɑːkɚɹi
6138,occur,5,4,ottur,4,,əkɜː,ɑːɾəɚ
6139,occurrence,10,7,occuddence,8,,əkɜːɹəns,ɑːkʌdəns
6140,ocean,5,4,oceal,4,,oʊʃən,oʊsəl
6141,oceangoing,10,8,oteurdoing,8,,oʊʃəŋɡoʊɪŋ,oʊtɜːdoʊɪŋ
6142,oceanic,7,7,ocoarid,7,,oʊʃɪænɪk,ɑːkɔːɹɪd
6143,octagon,7,7,octogin,7,,ɑːktæɡən,ɑːktədʒɪn
6144,octagonal,9,8,ocrepotal,9,,ɑːktɐɡənəl,ɑːkɹɪpɑːɾəl
6145,octave,6,5,ortade,5,,ɑːktɪv,ɔːɹɾeɪd
6146,October,7,7,Octumer,8,,ɑːktoʊbɚ,ɑːktuːmɚ
6147,octopus,7,7,octupis,7,,ɑːktəpəs,ɑːktuːpiz
6148,odd,3,2,oif,2,,ɑːd,ɔɪf
6149,oddity,6,5,oddeky,5,,ɑːdᵻɾi,ɑːdɛki
6150,odds,4,3,jodds,4,,ɑːdz,dʒɑːdz
6151,odor,4,4,obor,4,,oʊdɚ,ɑːbɚ
6152,odyssey,7,5,odossay,5,,ɑːdɪsi,oʊdəseɪ
6153,off,3,2,oss,2,,ɔf,ɑːs
6154,offbeat,7,5,ossboat,5,,ɔfbiːt,ɑːsboʊt
6155,offend,6,5,ossend,5,,əfɛnd,ɑːsɛnd
6156,offense,7,5,ossense,5,,əfɛns,ɑːsɛns
6157,offensive,9,7,offunsave,7,,əfɛnsɪv,ɔfənseɪv
6158,offer,5,4,osser,4,,ɔfɚ,ɑːsɚ
6159,offering,8,6,offeming,6,,ɔfɚɹɪŋ,ɔfiːmɪŋ
6160,offhand,7,6,ollhack,5,,ɔfhænd,ɑːlhæk
6161,office,6,4,ossice,4,,ɑːfɪs,ɑːsɪs
6162,officer,7,6,offocen,6,,ɑːfɪsɚ,ɔfəsən
6163,official,8,6,offocion,7,,əfɪʃəl,ɔfəʃən
6164,officiate,9,7,ofriliase,8,,əfɪʃɪeɪt,ɑːfɹɪlɪeɪs
6165,offset,6,5,ossnet,5,,ɔfsɛt,ɑːsnɪt
6166,oil,3,2,oin,2,,ɔɪl,ɔɪn
6167,oink,4,3,oint,3,,ɔɪŋk,ɔɪnt
6168,ointment,8,7,otchmint,6,,ɔɪntmənt,ɑːtʃmɪnt
6169,okay,4,3,okoy,3,,oʊkeɪ,ɑːkɔɪ
6170,old,3,3,ord,3,,oʊld,ɔːɹd
6171,olive,5,4,osild,5,,ɑːlɪv,ɑːsɪld
6172,omelet,6,6,omorette,6,,ɑːmlət,ɑːmɔːɹɛt
6173,omen,4,4,omoon,4,,oʊmɛn,ɑːmuːn
6174,ominous,7,6,omonius,7,,ɑːmɪnəs,ɑːmoʊnɪəs
6175,omit,4,4,omut,4,,oʊmɪt,ɑːmʌt
6176,once,4,4,odge,2,,wʌns,ɑːdʒ
6177,oncoming,8,7,oncaming,7,,ɑːŋkʌmɪŋ,ɑːŋkeɪmɪŋ
6178,one,3,3,ove,2,,wʌn,oʊv
6179,ongoing,7,6,onguing,7,,ɑːŋɡoʊɪŋ,ɑːŋɪŋ
6180,onion,5,5,omiom,5,,ʌniən,oʊmɪəm
6181,onions,6,6,omiols,6,,ʌniənz,oʊmɪɑːlz
6182,onlooker,8,7,onleeker,7,,ɑːnlʊkɚ,ɑːnliːkɚ
6183,onward,6,6,omwart,6,,ɑːnwɚd,ɑːmwɔːɹt
6184,ooze,4,2,ooge,2,,uːz,uːdʒ
6185,opal,4,4,opil,4,,oʊpəl,ɑːpəl
6186,opaque,6,4,opique,4,,oʊpeɪk,ɑːpiːk
6187,open,4,4,opang,4,,oʊpən,ɑːpæŋ
6188,opener,6,6,opiner,6,,oʊpənɚ,ɑːpɪnɚ
6189,openhanded,10,10,opinlanden,10,,oʊpənhændᵻd,ɑːpɪnləndən
6190,opening,7,6,opering,6,,oʊpənɪŋ,ɑːpɚɹɪŋ
6191,opera,5,5,oparo,5,,ɑːpɚɹə,ɑːpæɹoʊ
6192,operable,8,8,opetanle,8,,ɑːpɚɹəbəl,oʊptænəl
6193,operate,7,6,oporale,6,,ɑːpɚɹeɪt,ɑːpɔːɹeɪl
6194,operation,9,8,opetative,8,,ɑːpɚɹeɪʃən,oʊptətɪv
6195,operative,9,8,operotics,9,,ɑːpɚɹətɪv,ɑːpɚɹɑːɾɪks
6196,opinion,7,7,opunion,7,,əpɪniən,ɑːpjuːniən
6197,opium,5,5,opaim,4,,oʊpiəm,ɑːpeɪm
6198,opponent,8,7,oppurent,7,,əpoʊnənt,ɑːpjʊɹɹənt
6199,opportune,9,8,oppurtane,7,,ɑːpɚtuːn,ɑːpɚteɪn
6200,oppose,6,4,obbose,4,,əpoʊz,ɑːboʊs
6201,opposite,8,6,oppusate,6,,ɑːpəzɪt,ɑːpjuːseɪt
6202,opposition,10,8,oppisative,8,,ɑːpəzɪʃən,ɑːpɪsətɪv
6203,oppress,7,5,obbress,5,,əpɹɛs,ɑːbɹɛs
6204,oppression,10,7,opprellion,8,,əpɹɛʃən,ɑːpɹɛliən
6205,optic,5,5,orfic,5,,ɑːptɪk,ɔːɹfɪk
6206,optical,7,7,optobal,7,,ɑːptɪkəl,ɑːptoʊbəl
6207,optician,8,7,optorian,8,,ɑːptɪʃən,ɑːptoʊɹiən
6208,optics,6,6,oltids,6,,ɑːptɪks,oʊltɪdz
6209,optimism,8,9,optarism,9,,ɑːptɪmɪzəm,ɑːptɚɹɪzəm
6210,optimistic,10,10,optamintis,10,,ɑːptɪmɪstɪk,ɑːptɐmɪntiz
6211,optimum,7,7,optorum,7,,ɑːptɪməm,ɑːptoʊɹəm
6212,option,6,5,oltive,5,,ɑːpʃən,oʊltɪv
6213,optometry,9,9,optimopry,9,,ɑːptoʊmətɹi,ɑːptɪmɑːpɹi
6214,oral,4,4,oril,5,,ɔːɹəl,ɔːɹəl
6215,orange,6,4,olarge,5,,ɔɹɪndʒ,oʊlɑːɹdʒ
6216,orator,6,6,orotar,6,,ɔːɹəɾɚ,ɔːɹoʊɾɚ
6217,orbit,5,5,olbut,5,,ɔːɹbɪt,ɑːlbʌt
6218,orchard,7,6,olchord,6,,ɔːɹtʃɚd,ɑːlkɔːɹd
6219,orchestra,9,8,orchistro,8,,ɔːɹkᵻstɹə,ɔːɹkɪstɹoʊ
6220,orchestral,10,9,orchisprol,9,,ɔːɹkᵻstɹəl,ɔːɹkɪspɹɑːl
6221,orchestrate,11,9,orchistrane,9,,ɔːɹkᵻstɹeɪt,ɔːɹkɪstɹeɪn
6222,orchestration,13,11,orchactrotive,11,,ɔːɹkᵻstɹeɪʃən,ɔːɹtʃɐktɹɑːɾɪv
6223,orchid,6,5,olchad,5,,ɔːɹkɪd,ɑːltʃæd
6224,ordain,6,5,oldaim,5,,ɔːɹdeɪn,oʊldeɪm
6225,ordeal,6,5,oldeat,6,,ɔːɹdiəl,oʊldiːt
6226,order,5,5,oldar,4,,ɔːɹdɚ,oʊldɑːɹ
6227,orderly,7,7,ormerly,6,,ɔːɹdɚli,ɔːɹmɚli
6228,ordinance,9,8,orpirance,8,,ɔːɹdɪnəns,ɔːɹpɜːɹəns
6229,ordinarily,10,9,ordinoramy,10,,ɔːɹdɪnɛɹᵻli,ɔːɹdɪnɔːɹæmi
6230,ordinary,8,7,ordunory,8,,ɔːɹdɪnɛɹi,ɔːɹdʒuːnɚɹi
6231,ordination,10,8,orficative,9,,ɔːɹdᵻneɪʃən,ɔːɹfɪkətɪv
6232,organ,5,5,olgun,5,,ɔːɹɡən,ɑːlɡʌn
6233,organic,7,7,orgonid,7,,ɔːɹɡænɪk,ɔːɹɡənɪd
6234,organism,8,9,ordanize,7,,ɔːɹɡənɪzəm,ɔːɹdənaɪz
6235,organist,8,8,orgonist,8,,ɔːɹɡɐnɪst,ɔːɹɡənɪst
6236,organization,12,11,organoramion,12,,ɔːɹɡɐnᵻzeɪʃən,ɔːɹɡænoʊɹæmiən
6237,organize,8,7,orgonase,7,,ɔːɹɡənaɪz,ɔːɹɡəneɪs
6238,orgasm,6,7,ongism,7,,ɔːɹɡæzəm,ɑːŋɪzəm
6239,orient,6,6,ocieth,5,,ɔːɹiənt,oʊsiəθ
6240,oriental,8,7,oriesmal,8,,ɔːɹɪɛntəl,ɔːɹɪsməl
6241,orientation,11,10,odientotive,10,,ɔːɹiənteɪʃən,oʊdiəntɑːɾɪv
6242,origin,6,6,orogan,6,,ɔːɹɪdʒɪn,ɔːɹoʊɡən
6243,original,8,7,oridical,8,,ɚɹɪdʒɪnəl,ɔːɹɪdɪkəl
6244,originally,10,9,origonappy,9,,ɚɹɪdʒɪnəli,ɔːɹɪɡɑːnæpi
6245,originate,9,8,oridicate,8,,ɚɹɪdʒᵻneɪt,ɔːɹɪdᵻkeɪt
6246,ornament,8,8,orfabent,7,,ɔːɹnəmənt,ɔːɹfeɪbənt
6247,ornamental,10,9,orsadencal,10,,ɔːɹnəmɛntəl,ɔːɹsɐdɛŋkəl
6248,ornamentation,13,12,ornaminlarion,13,,ɔːɹnəmənteɪʃən,ɔːɹnɐmɪnlɑːɹɹiən
6249,orphan,6,5,olphun,5,,ɔːɹfən,ɑːlfʌn
6250,orphanage,9,7,orphinase,7,,ɔːɹfənɪdʒ,ɔːɹfɪneɪs
6251,orthodox,8,8,orthudax,8,,ɔːɹθədɑːks,ɔːɹθjuːdæks
6252,orthopedics,11,10,orthuporics,10,,ɔːɹθoʊpiːdɪks,ɔːɹθjuːpɔːɹɪks
6253,oscillate,9,6,oscimmate,6,,ɑːsɪleɪt,ɑːsɪmeɪt
6254,ostrich,7,6,ortruff,6,,ɑːstɹɪtʃ,ɔːɹtɹʌf
6255,other,5,4,othor,4,,ʌðɚ,ɑːθɚ
6256,otter,5,4,oller,4,,ɑːɾɚ,ɑːlɚ
6257,ounce,5,3,arnce,4,,aʊns,ɑːɹns
6258,out,3,2,zout,3,,aʊt,zaʊt
6259,outboard,8,7,ortboads,7,,aʊtbɔːɹd,ɔːɹtboʊdz
6260,outbound,8,6,ortbeash,6,,aʊtbaʊnd,ɔːɹtbiːʃ
6261,outbreak,8,6,ortbleak,7,,aʊtbɹeɪk,ɔːɹtbliːk
6262,outburst,8,7,ortblust,8,,aʊtbɜːst,ɔːɹtblʌst
6263,outcast,7,6,ortbast,7,,aʊtkæst,ɔːɹtbæst
6264,outclass,8,6,ortcrass,7,,aʊtklæs,ɔːɹtkɹæs
6265,outcome,7,5,ortcame,6,,aʊtkʌm,ɔːɹtkeɪm
6266,outcry,6,5,ortbry,6,,aʊtkɹaɪ,ɔːɹtbɹi
6267,outdated,8,7,outduted,8,,aʊtdeɪɾᵻd,aʊtduːɾᵻd
6268,outdoor,7,5,ortdeer,6,,aʊtdɔːɹ,ɔːɹtdɪɹ
6269,outdoors,8,6,ortdeers,7,,aʊtdɔːɹz,ɔːɹtdɪɹz
6270,outer,5,4,orten,5,,aʊɾɚ,ɔːɹʔn̩
6271,outfield,8,6,ortfooth,6,,aʊtfiːld,ɔːɹtfʊθ
6272,outfit,6,5,ortfat,6,,aʊtfɪt,ɔːɹtfæt
6273,outfox,6,6,ortfog,6,,aʊtfɑːks,ɔːɹtfɑːɡ
6274,outgoing,8,6,outguing,7,,aʊtɡoʊɪŋ,aʊtɡɪŋ
6275,outgrow,7,5,ortgraw,7,,aʊtɡɹoʊ,ɔːɹtɡɹɔː
6276,outgrowth,9,6,outgrouse,6,,aʊtɡɹoʊθ,aʊtɡɹaʊs
6277,outhouse,8,5,orthoose,6,,aʊthaʊs,ɔːɹθuːs
6278,outing,6,4,orting,5,,aʊɾɪŋ,ɔːɹɾɪŋ
6279,outlaw,6,4,ortlow,5,,aʊtlɔː,ɔːɹtloʊ
6280,outlive,7,5,ortlove,6,,aʊtlɪv,ɔːɹtlʌv
6281,outlook,7,5,ortleek,6,,aʊtlʊk,ɔːɹtliːk
6282,outpatient,10,8,outporient,9,,aʊtpeɪʃənt,aʊtpɔːɹiənt
6283,outpost,7,6,ortposh,6,,aʊtpoʊst,ɔːɹtpɑːʃ
6284,outrage,7,5,ortlage,6,,aʊtɹeɪdʒ,ɔːɹtlɪdʒ
6285,outrageous,10,7,ouromeous,7,,aʊtɹeɪdʒəs,aʊɚɹoʊmiəs
6286,outrank,7,6,ortrink,7,,aʊtɹæŋk,ɔːɹtɹɪŋk
6287,outreach,8,5,ortseach,6,,aʊtɹiːtʃ,ɔːɹtsiːtʃ
6288,outright,8,5,outrirch,6,,aʊtɹaɪt,aʊtɹɜːtʃ
6289,outrun,6,5,ortrin,6,,aʊtɹʌn,ɔːɹtɹɪn
6290,outset,6,5,ortsit,6,,aʊtsɛt,ɔːɹtsɪt
6291,outshine,8,4,ortshone,5,,aʊtʃaɪn,ɔːɹtʃoʊn
6292,outside,7,5,ortsade,6,,aʊtsaɪd,ɔːɹtseɪd
6293,outsider,8,7,ousoden,6,,aʊtsaɪdɚ,aʊsoʊdən
6294,outsize,7,5,outsaze,5,,aʊtsaɪz,aʊtseɪz
6295,outspread,9,7,ortspreal,9,,aʊtspɹɛd,ɔːɹtspɹiːəl
6296,outstanding,11,9,oustunding,8,,aʊtstændɪŋ,aʊstʌndɪŋ
6297,outwear,7,5,ortwore,6,,aʊtwɛɹ,ɔːɹtwɔːɹ
6298,oval,4,4,ovil,5,,oʊvəl,oʊvəl
6299,ovary,5,5,ovomy,5,,oʊvɚɹi,oʊvəmi
6300,oven,4,4,oper,4,,ʌvən,ɑːpɚ
6301,over,4,4,ovar,4,,oʊvɚ,oʊvɑːɹ
6302,overact,7,7,ovorart,7,,oʊvɚɹækt,oʊvɔːɹɑːɹt
6303,overage,7,6,ovabase,6,,oʊvɚɹeɪdʒ,oʊvɐbeɪs
6304,overall,7,6,ovaruth,6,,oʊvɚɹɔːl,oʊvɑːɹɹuːθ
6305,overalls,8,7,ovamulls,7,,oʊvɚɹɔːlz,oʊvɐmʌlz
6306,overboard,9,8,ovarbeard,8,,oʊvɚbɔːɹd,oʊvɑːɹbɪɹd
6307,overburden,10,9,overbendum,9,,oʊvɚbɜːdən,oʊvɚbɛndəm
6308,overcast,8,8,ovarcase,7,,oʊvɚkæst,oʊvɑːɹkeɪs
6309,overcharge,10,8,ovarchurge,8,,oʊvɚtʃɑːɹdʒ,oʊvɑːɹtʃɜːdʒ
6310,overcloud,9,8,ovarclord,9,,oʊvɚklaʊd,oʊvɑːɹklɔːɹd
6311,overcoat,8,7,ovarcort,8,,oʊvɚkoʊt,oʊvɑːɹkɔːɹt
6312,overcome,8,7,ovardome,7,,oʊvɚkʌm,oʊvɑːɹdoʊm
6313,overexpose,10,10,oberempate,9,,oʊvɚɹɛkspoʊz,oʊbɹɪmpeɪt
6314,overflow,8,7,ovarflaw,6,,oʊvɚfloʊ,oʊvɑːɹflɔː
6315,overgrow,8,7,ovargraw,6,,oʊvɚɡɹoʊ,oʊvɑːɹɡɹɔː
6316,overhand,8,8,ovarhind,8,,oʊvɚhænd,oʊvɑːɹhaɪnd
6317,overhang,8,7,ovarlang,7,,oʊvɚhæŋ,oʊvɑːɹlæŋ
6318,overhaul,8,7,ovarmaul,6,,oʊvɚhɔːl,oʊvɑːɹmɔːl
6319,overhead,8,7,ovarmead,7,,oʊvɚhɛd,oʊvɑːɹmiːd
6320,overhear,8,7,ovarlear,7,,oʊvɚhɪɹ,oʊvɑːɹlɪɹ
6321,overjoy,7,6,ovarjay,6,,oʊvɚdʒɔɪ,oʊvɑːɹdʒeɪ
6322,overlap,7,7,ovarlop,7,,oʊvɚlæp,oʊvɑːɹləp
6323,overleap,8,7,ovarloof,7,,oʊvɚliːp,oʊvɑːɹluːf
6324,overlook,8,7,ovarfook,7,,oʊvɚlʊk,oʊvɑːɹfʊk
6325,overpass,8,7,ovarpiss,7,,oʊvɚpæs,oʊvɑːɹpɪs
6326,overreach,9,7,ovarrelch,8,,oʊvɚɹiːtʃ,oʊvɐɹɛltʃ
6327,overseas,8,7,ovarfeas,7,,oʊvɚsiːz,oʊvɑːɹfiəz
6328,overseer,8,7,ovarmeer,7,,oʊvɚsiːɚ,oʊvɑːɹmɪɹ
6329,overshadow,10,8,oberstitor,10,,oʊvɚʃædoʊ,oʊbɚstɪɾɚ
6330,overshoot,9,7,ovarsheet,7,,oʊvɚʃuːt,oʊvɑːɹʃiːt
6331,oversight,9,7,ovarmight,7,,oʊvɚsaɪt,oʊvɑːɹmaɪt
6332,oversize,8,7,ovarsaze,7,,oʊvɚsaɪz,oʊvɑːɹseɪz
6333,overt,5,5,ovart,5,,oʊvɜːt,oʊvɑːɹt
6334,overtake,8,7,ovartale,7,,oʊvɚteɪk,oʊvɑːɹteɪl
6335,overthrow,9,7,ovarshrow,7,,oʊvɚθɹoʊ,oʊvɑːɹʃɹoʊ
6336,overtime,8,7,ovartame,7,,oʊvɚtaɪm,oʊvɑːɹteɪm
6337,overturn,8,8,ovartarn,8,,oʊvɚtɜːn,oʊvɑːɹtɑːɹn
6338,ovum,4,4,ovam,4,,oʊvəm,oʊvæm
6339,owe,3,1,oit,2,,oʊ,ɔɪt
6340,owl,3,2,zowl,3,,aʊl,zoʊl
6341,own,3,2,oge,2,,oʊn,oʊdʒ
6342,ownership,9,7,ownorshop,7,,oʊnɚʃɪp,oʊnɔːɹʃɑːp
6343,ox,2,3,jonk,4,,ɑːks,dʒɔŋk
6344,oxen,4,5,oken,4,,ɑːksən,oʊkən
6345,oxford,6,7,okfard,6,,ɑːksfɚd,ɑːkfɑːɹd
6346,oxidation,9,9,oxidutive,10,,ɑːksɪdeɪʃən,ɑːksɪdʒuːɾɪv
6347,oxidize,7,7,oxodaze,7,,ɑːksɪdaɪz,ɑːksədeɪz
6348,oxygen,6,7,oxoten,7,,ɑːksɪdʒən,ɑːksoʊʔn̩
6349,oyster,6,5,orsten,6,,ɔɪstɚ,ɔːɹsʔn̩
6350,ozone,5,4,ozane,4,,oʊzoʊn,ɑːzeɪn
6351,pace,4,3,pape,3,,peɪs,peɪp
6352,pacemaker,9,8,pacelaken,8,,peɪsmeɪkɚ,peɪsleɪkən
6353,pacer,5,5,picen,5,,peɪsɚ,paɪsən
6354,pacific,7,7,parifin,7,,pɐsɪfɪk,pæɹɪfɪn
6355,pacification,12,11,paciforalion,12,,pæsɪfɪkeɪʃən,pæsɪfɔːɹæliən
6356,pacifier,8,8,pacorier,7,,pæsɪfaɪɚ,pækɚɹiɚ
6357,pack,4,3,pank,4,,pæk,pæŋk
6358,package,7,5,pickade,5,,pækɪdʒ,pɪkeɪd
6359,packer,6,5,picken,5,,pækɚ,pɪkən
6360,packet,6,5,pucket,5,,pækɪt,pʌkɪt
6361,pact,4,4,poing,3,,pækt,poʊɪŋ
6362,pad,3,3,pid,3,,pæd,pɪd
6363,padding,7,5,pabbing,5,,pædɪŋ,pæbɪŋ
6364,paddle,6,4,paffle,5,,pædəl,pæfəl
6365,padlock,7,6,paspock,6,,pædlɑːk,pæspɑːk
6366,page,4,3,pabe,3,,peɪdʒ,peɪb
6367,pageant,7,6,payeash,4,,pædʒənt,peɪiːʃ
6368,paid,4,3,pait,3,,peɪd,peɪt
6369,pain,4,3,pome,3,,peɪn,pɑːm
6370,painstaking,11,9,painstaling,9,,peɪnsteɪkɪŋ,peɪnsteɪlɪŋ
6371,paint,5,4,poink,4,,peɪnt,pɔɪŋk
6372,paintbrush,10,8,pointbrosh,8,,peɪntbɹʌʃ,pɔɪntbɹɑːʃ
6373,painting,8,6,painging,5,,peɪntɪŋ,peɪŋɪŋ
6374,pair,4,3,parp,4,,pɛɹ,pɑːɹp
6375,pajamas,7,7,pyjiman,7,,pɐdʒɑːməz,paɪdʒɪmən
6376,pal,3,3,pab,3,,pæl,pæb
6377,palace,6,5,polade,5,,pælɪs,pɑːleɪd
6378,palatable,9,9,palotemle,9,,pæləɾəbəl,pæloʊɾəməl
6379,pale,4,3,poil,3,,peɪl,pɔɪl
6380,paleface,8,6,parnfall,6,,peɪlfeɪs,pɑːɹnfɔːl
6381,pallbearer,10,8,palltearen,8,,pælbɛɹɚ,pæltɛɹən
6382,palm,4,4,palsh,4,,pɑːm,pælʃ
6383,pamper,6,6,pimpen,6,,pæmpɚ,pɪmpən
6384,pamphlet,8,7,pimphler,7,,pæmflɪt,pɪmflɚ
6385,pan,3,3,pien,4,,pæn,piːn
6386,panama,6,6,panomo,6,,pænəmɑː,pænoʊmoʊ
6387,pancake,7,6,parlake,6,,pæŋkeɪk,pɑːɹleɪk
6388,pancreas,8,8,parcrues,7,,pæŋkɹiəs,pɑːɹkɹuːz
6389,panda,5,5,pindo,5,,pændə,pɪndoʊ
6390,panel,5,4,punel,5,,pænəl,pʌnəl
6391,panic,5,5,ponid,5,,pænɪk,pɑːnɪd
6392,panorama,8,8,panorena,8,,pænɚɹæmə,pænɔːɹnə
6393,pant,4,4,punt,4,,pænt,pʌnt
6394,panther,7,6,ponthor,6,,pænθɚ,pɔnθɚ
6395,pantry,6,6,pindry,6,,pæntɹi,pɪndɹi
6396,pants,5,5,zants,5,,pænts,zænts
6397,panty,5,5,pindy,5,,pænti,pɪndi
6398,papa,4,4,pipi,4,,pɑːpə,pɪpi
6399,papaya,6,5,papiyo,6,,pɐpaɪə,pæpɪjoʊ
6400,paper,5,5,popar,5,,peɪpɚ,pɑːpɑːɹ
6401,paperback,9,8,palerbick,8,,peɪpɚbæk,pælɚbɪk
6402,paperclip,9,9,palerclap,8,,peɪpɚklɪp,pælɚklæp
6403,paprika,7,7,paproko,7,,pæpɹɪkə,pæpɹoʊkoʊ
6404,par,3,3,pof,3,,pɑːɹ,pɑːf
6405,parachute,9,7,parochate,7,,pæɹəʃuːt,pæɹətʃeɪt
6406,parade,6,5,porood,5,,pɚɹeɪd,pɔːɹuːd
6407,paradise,8,7,parodase,7,,pæɹədaɪs,pæɹədeɪs
6408,paradox,7,8,parodux,8,,pæɹədɑːks,pæɹədʌks
6409,paraffin,8,7,paraddin,7,,pæɹəfɪn,pæɹədɪn
6410,paragraph,9,8,parogriph,8,,pæɹəɡɹæf,pæɹəɡɹɪf
6411,parakeet,8,7,parokeel,8,,pæɹəkiːt,pæɹoʊkəl
6412,parallel,8,7,parammel,7,,pæɹəlɛl,pæɹəməl
6413,parallelogram,13,12,parallulagrim,12,,pæɹəlɛləɡɹæm,pæɹəljuːlæɡɹɪm
6414,paralysis,9,9,patalydis,9,,pɚɹæləsɪs,pæɾɐlɪdiz
6415,paralyze,8,7,paroloze,7,,pæɹəlaɪz,pæɹəloʊz
6416,paranoia,8,7,paroloia,8,,pæɹənɔɪə,pæɹəlɔɪə
6417,paranoid,8,7,paronaid,7,,pæɹənɔɪd,pæɹəneɪd
6418,paraphrase,10,8,parophruse,8,,pæɹəfɹeɪz,pæɹəfɹuːs
6419,parasite,8,7,parosate,7,,pæɹəsaɪt,pæɹəseɪt
6420,parasitic,9,9,parasetis,9,,pæɹəsɪɾɪk,pæɹəzɛɾiz
6421,paratrooper,11,10,parasleeper,10,,pæɹətɹuːpɚ,pæɹəsliːpɚ
6422,parcel,6,6,porcen,6,,pɑːɹsəl,pɔːɹsən
6423,pardon,6,5,pordan,6,,pɑːɹdən,pɔːɹdən
6424,parent,6,6,panems,6,,pɛɹənt,peɪnəmz
6425,parental,8,7,parintul,8,,pɚɹɛntəl,pɛɹɪntʌl
6426,parenthesis,11,10,palentorsus,11,,pɚɹɛnθəsɪs,peɪləntɔːɹsəs
6427,parenthood,10,9,parertheed,9,,pɛɹənthʊd,pɛɹəθiːd
6428,paring,6,5,piring,5,,pɛɹɪŋ,paɪɚɹɪŋ
6429,parish,6,5,porise,5,,pæɹɪʃ,pɔːɹaɪz
6430,park,4,4,parsh,4,,pɑːɹk,pɑːɹʃ
6431,parka,5,5,purko,5,,pɑːɹkə,pɜːkoʊ
6432,parkway,7,6,parflay,6,,pɑːɹkweɪ,pɑːɹfleɪ
6433,parliament,10,9,parliurent,9,,pɑːɹləmənt,pɑːɹlɪjuːɹənt
6434,parliamentarian,15,14,parliaminlarion,13,,pɑːɹləməntɛɹiən,pɑːɹləmɪnlɑːɹɹiən
6435,parliamentary,13,12,parliaminlany,12,,pɑːɹləmɛntɚɹi,pɑːɹləmɪnləni
6436,parlor,6,6,purlur,6,,pɑːɹlɚ,pɜːlɜː
6437,parody,6,6,parumy,6,,pæɹədi,pɑːɹɹʌmi
6438,parole,6,5,porale,5,,pɚɹoʊl,pɔːɹeɪl
6439,parrot,6,5,paggot,5,,pæɹət,pæɡət
6440,parsley,7,6,porslem,7,,pɑːɹsli,pɔːɹsləm
6441,part,4,4,parl,4,,pɑːɹt,pɑːɹl
6442,partake,7,6,pantape,6,,pɑːɹteɪk,pænteɪp
6443,partial,7,6,purtian,7,,pɑːɹʃəl,pɜːʃən
6444,partiality,10,10,partianory,10,,pɑːɹʃɪælᵻɾi,pɑːɹʃiənɚɹi
6445,partially,9,7,partianny,7,,pɑːɹʃəli,pɑːɹʃiəni
6446,participate,11,10,partimisate,10,,pɑːɹtɪsᵻpeɪt,pɑːɹtɪmᵻseɪt
6447,participle,10,10,parturigle,9,,pɑːɹtɪsɪpəl,pɑːɹtʃɚɹɪɡəl
6448,particle,8,8,parople,7,,pɑːɹɾɪkəl,pæɹɑːpəl
6449,particular,10,11,partitunar,10,,pɚtɪkjʊlɚ,pɑːɹɾɪtuːnɑːɹ
6450,particularize,13,13,particolasase,12,,pɚtɪkjʊlɚɹaɪz,pɑːɹɾɪkɑːlɐseɪs
6451,parting,7,6,parmint,7,,pɑːɹɾɪŋ,pɑːɹmɪnt
6452,partition,9,8,partorion,8,,pɑːɹtɪʃən,pɑːɹtɔːɹiən
6453,partly,6,6,portmy,6,,pɑːɹtli,pɔːɹtmi
6454,partner,7,7,paltmer,7,,pɑːɹtnɚ,pæltmɚ
6455,partridge,9,7,patroids,7,,pɑːɹtɹɪdʒ,pætɹɔɪdz
6456,party,5,5,porby,5,,pɑːɹɾi,pɔːɹbi
6457,pass,4,3,paff,3,,pæs,pæf
6458,passable,8,7,passabro,7,,pæsəbəl,pæsæbɹoʊ
6459,passage,7,5,parrage,6,,pæsɪdʒ,pæɹɪdʒ
6460,passbook,8,6,pissbool,6,,pæsbʊk,pɪsbuːl
6461,passe,5,4,pazze,4,,pæs,pæz
6462,passenger,9,8,passungen,8,,pæsɪndʒɚ,pæsʌndʒən
6463,passerby,8,7,passorpy,7,,pæsɚbaɪ,pæsɔːɹpi
6464,passing,7,5,pazzing,5,,pæsɪŋ,pæzɪŋ
6465,passion,7,5,pallion,6,,pæʃən,pæliən
6466,passionate,10,7,passiorase,8,,pæʃənət,pæsɪɹeɪz
6467,passive,7,5,pattive,5,,pæsɪv,pættɪv
6468,passover,8,7,passovar,8,,pæsoʊvɚ,pæsəvɑːɹ
6469,passport,8,7,pisspork,7,,pæspɔːɹt,pɪspɔːɹk
6470,past,4,4,paist,4,,pæst,peɪɪst
6471,pasta,5,5,pusto,5,,pɑːstə,pʌstoʊ
6472,paste,5,4,poust,4,,peɪst,paʊst
6473,pasteurization,14,12,pasteuromarion,13,,pæstjuːɹᵻzeɪʃən,pæstjuːɹəmæɹiən
6474,pasteurize,10,8,pasteunase,8,,pæstjuːɹaɪz,pæstjuːneɪs
6475,pastime,7,6,pistide,6,,pæstaɪm,pɪstaɪd
6476,pastor,6,6,pustar,6,,pæstɚ,pʌstɑːɹ
6477,pastoral,8,8,pasturen,9,,pæstɚɹəl,pæstʃɚɹən
6478,pastry,6,6,padshy,5,,peɪstɹi,pædʃi
6479,pasture,7,6,pistude,7,,pæstʃɚ,pɪstuːd
6480,pat,3,3,zat,3,,pæt,zæt
6481,patch,5,3,pades,4,,pætʃ,peɪdz
6482,patent,6,5,pulent,6,,pæʔn̩t,pjʊlənt
6483,paternity,9,9,paberticy,9,,pətɜːnᵻɾi,pæbɚtɪsi
6484,path,4,3,palled,4,,pæθ,pɔːld
6485,pathetic,8,7,pathitin,7,,pɐθɛɾɪk,pæθɪtɪn
6486,pathologist,11,10,patherogize,9,,pæθɑːlədʒɪst,pæθɚɹɑːdʒaɪz
6487,pathway,7,5,puthwar,6,,pæθweɪ,pʌθwɔːɹ
6488,patience,8,6,palieves,6,,peɪʃəns,pæliːvz
6489,patient,7,6,pofient,7,,peɪʃənt,poʊfiənt
6490,patio,5,5,pariu,5,,pæɾɪoʊ,pɛɹɪuː
6491,patriarch,9,8,patruarce,8,,peɪtɹɪɑːɹk,pætɹuːɑːɹs
6492,patriot,7,7,pafloit,7,,peɪtɹɪət,pæflɔɪt
6493,patriotic,9,9,patraetid,9,,peɪtɹɪɑːɾɪk,pætɹiːtɪd
6494,patriotism,10,11,patraegise,9,,peɪtɹɪətɪzəm,pætɹiːdʒaɪz
6495,patrol,6,6,pothil,5,,pɐtɹoʊl,pɑːθɪl
6496,patron,6,6,poclon,6,,peɪtɹən,pɑːklɑːn
6497,patronage,9,8,patrinade,8,,pætɹənɪdʒ,pætɹɪneɪd
6498,patronize,9,8,patrinase,8,,pætɹənaɪz,pætɹɪneɪs
6499,patter,6,5,paffer,5,,pæɾɚ,pæfɚ
6500,pattern,7,6,pabbern,6,,pætɚn,pæbɚn
6501,patty,5,4,pabby,4,,pæɾi,pæbi
6502,pause,5,3,paifs,4,,pɔːz,peɪfs
6503,pave,4,3,pash,3,,peɪv,pæʃ
6504,pavilion,8,8,pavulion,8,,pɐvɪliən,pævjuːliən
6505,paving,6,5,pabing,5,,peɪvɪŋ,peɪbɪŋ
6506,paw,3,2,pam,3,,pɔː,pæm
6507,pawn,4,3,purn,4,,pɔːn,pɜːn
6508,pay,3,2,poy,2,,peɪ,pɔɪ
6509,payable,7,6,payobly,7,,peɪəbəl,peɪɑːbli
6510,paycheck,8,5,paschuck,5,,peɪtʃɛk,pæʃʌk
6511,payer,5,4,paber,5,,peɪɚ,peɪbɚ
6512,payment,7,6,pasmant,7,,peɪmənt,pæzmənt
6513,pea,3,2,peege,3,,piː,piːdʒ
6514,peacemaker,10,8,peacelaken,8,,piːsmeɪkɚ,piːsleɪkən
6515,peach,5,3,pilth,4,,piːtʃ,pɪlθ
6516,peacock,7,5,piacuck,6,,piːkɑːk,paɪəkʌk
6517,peak,4,3,peaf,3,,piːk,piːf
6518,peanut,6,5,pianit,6,,piːnʌt,piənɪt
6519,pearl,5,4,pealm,4,,pɜːl,piːlm
6520,peas,4,3,peam,4,,piːz,piːm
6521,peasant,7,6,pearint,7,,pɛzənt,pɪɹɪnt
6522,pebble,6,5,peggle,5,,pɛbəl,pɛɡəl
6523,peck,4,3,poik,3,,pɛk,pɔɪk
6524,peculiar,8,9,pecomiar,7,,pɪkjuːlɪɹ,pɛkoʊmaɪɚ
6525,pedal,5,4,podil,5,,pɛdəl,pɑːdɪl
6526,pedestal,8,7,pedistil,8,,pɛdɪstəl,pɛdɪstɪl
6527,pedestrian,10,10,pedistroan,10,,pədɛstɹiən,pɛdɪstɹoʊn
6528,pediatrician,12,11,pediotrurian,12,,piːdɪɐtɹɪʃən,pɛdɪətɹʊɹɹiən
6529,peep,4,3,peedge,3,,piːp,piːdʒ
6530,peephole,8,6,peemcole,6,,piːphoʊl,piːmkoʊl
6531,peg,3,2,pem,3,,pɛɡ,pɛm
6532,pelican,7,7,peloran,7,,pɛlɪkən,pɛlɔːɹən
6533,pelt,4,4,pern,3,,pɛlt,pɜːn
6534,pelvis,6,6,pilvit,6,,pɛlvɪs,pɪlvɪt
6535,pen,3,3,peb,3,,pɛn,pɛb
6536,penalize,8,7,penilase,7,,piːnəlaɪz,pɛnɪleɪz
6537,penalty,7,7,penilry,7,,pɛnəlɾi,pɛnɪlɹi
6538,pencil,6,6,pinfel,6,,pɛnsəl,pɪnfəl
6539,pendant,7,7,panmint,7,,pɛndənt,pænmɪnt
6540,pending,7,6,pinding,6,,pɛndɪŋ,pɪndɪŋ
6541,penetrate,9,8,penotrale,8,,pɛnɪtɹeɪt,pɛnətɹeɪl
6542,penetration,11,10,penatritive,10,,pɛnɪtɹeɪʃən,pɛnætɹᵻtɪv
6543,penetrative,11,10,penetritist,11,,pɛnɪtɹətɪv,pɛnɪtɹɪɾɪst
6544,penguin,7,7,pinguit,7,,pɛŋɡwɪn,pɪŋɡwɪt
6545,penholder,9,9,penhalden,9,,pɛnhoʊldɚ,pɛnhældən
6546,penicillin,10,9,penicollen,9,,pɛnɪsɪlᵻn,pɛnɪkɑːlən
6547,peninsula,9,9,penistuna,10,,pənɪnsjʊlə,pɛnɪstuːnə
6548,penis,5,5,panus,6,,piːnɪs,pænəs
6549,penitentiary,12,11,penitingiary,12,,pɛnɪtɛnʃjɚɹi,pɛnaɪtɪŋɡjɚɹi
6550,penknife,8,6,pinknofe,6,,pɛnnaɪf,pɪŋknoʊf
6551,penmanship,10,9,penminshop,9,,pɛnmənʃɪp,pɛnmɪnʃɑːp
6552,pennant,7,6,punnand,6,,pɛnənt,pʌnænd
6553,pennies,7,5,pezzies,5,,pɛnɪz,pɛzɪz
6554,penniless,9,7,pennoress,7,,pɛnɪləs,pɛnɔːɹɛs
6555,penny,5,4,pezzy,4,,pɛni,pɛzi
6556,pension,7,6,punsoon,6,,pɛnʃən,pʌnsuːn
6557,pensive,7,6,pinsave,6,,pɛnsɪv,pɪnseɪv
6558,pentagon,8,8,pentogin,8,,pɛntæɡən,pɛntədʒɪn
6559,penthouse,9,7,pintheese,7,,pɛnthaʊs,pɪnθiːs
6560,people,6,5,perble,6,,piːpəl,pɜːbəl
6561,pep,3,3,pedge,3,,pɛp,pɛdʒ
6562,pepper,6,5,pemmer,5,,pɛpɚ,pɛmɚ
6563,perceive,8,6,parceide,6,,pɚsiːv,pɑːɹsiːd
6564,percent,7,7,penfent,7,,pɚsɛnt,pɛnfənt
6565,percentile,10,9,percintale,8,,pɚsɛntaɪl,pɜːsɪnteɪl
6566,percept,7,7,pencopt,7,,pɚsɛpt,pɛŋkɑːpt
6567,perceptible,11,11,percelnibly,10,,pɚsɛptᵻbəl,pɜːsɪlnᵻbli
6568,perception,10,9,perciprion,9,,pɚsɛpʃən,pɜːsɪpɹiən
6569,perceptive,10,9,perciptave,9,,pɚsɛptɪv,pɜːsɪpteɪv
6570,perch,5,4,penth,4,,pɜːtʃ,pɛnθ
6571,percussion,10,8,percullion,9,,pɚkʌʃən,pɜːkʌliən
6572,perfect,7,7,pennuct,6,,pɜːfɛkt,pɛnʌkt
6573,perfectibility,14,14,perfectobalory,13,,pɚfɛktəbɪlᵻɾi,pɚfɛktəbælɚɹi
6574,perfection,10,9,perficrion,9,,pɚfɛkʃən,pɜːfɪkɹiən
6575,perfecto,8,8,perfictu,8,,pɚfɛktoʊ,pɜːfɪktuː
6576,perforation,11,10,pernodative,10,,pɜːfɚɹeɪʃən,pɜːnədətɪv
6577,perform,7,7,penfort,7,,pɚfɔːɹm,pɛnfɔːɹt
6578,performance,11,10,perfurdance,9,,pɚfɔːɹməns,pɜːfɜːdəns
6579,perfume,7,7,penfull,6,,pɜːfjuːm,pɛnfʊl
6580,perhaps,7,7,penhade,6,,pɚhæps,pɛnheɪd
6581,perimeter,9,9,perameber,9,,pɚɹɪmɪɾɚ,pɛɹeɪmbɚ
6582,period,6,6,pediun,6,,piəɹɪəd,piːdɪʌn
6583,periodic,8,8,pemiotis,8,,piəɹɪɑːdɪk,pɛmɪoʊɾiz
6584,perish,6,5,parise,5,,pɛɹɪʃ,pæɹaɪz
6585,perk,4,4,perf,4,,pɜːk,pɜːf
6586,permanent,9,9,permorent,9,,pɜːmənənt,pɜːmɔːɹənt
6587,permeability,12,12,permeobalomy,12,,pɜːməbɪlᵻɾi,pɜːmɪəbæləmi
6588,permeable,9,9,permeorle,9,,pɜːməbəl,pɜːmɪɔːɹl
6589,permissible,11,10,permastinle,10,,pɚmɪsᵻbəl,pɜːmɐstɪnəl
6590,permission,10,8,permussoon,7,,pɚmɪʃən,pɜːməsuːn
6591,permissive,10,8,permillive,8,,pɚmɪsɪv,pɜːmɪlɪv
6592,permit,6,6,parmut,6,,pɜːmɪt,pɑːɹmʌt
6593,peroxide,8,8,peruxade,7,,pəɹɑːksaɪd,pɛɹəkseɪd
6594,perpendicular,13,14,perpendocilan,13,,pɜːpəndɪkjʊlɚ,pɜːpəndoʊsɪlæn
6595,perpetrate,10,9,perpotrale,9,,pɜːpɪtɹeɪt,pɜːpətɹeɪl
6596,perpetual,9,9,perpotuan,9,,pɚpɛtʃuːəl,pɜːpətuːən
6597,perpetuate,10,10,perdetuase,10,,pɚpɛtʃuːeɪt,pɜːdɪtuːeɪs
6598,persecute,9,9,persocate,8,,pɜːsɪkjuːt,pɜːsəkeɪt
6599,persecution,11,11,persicative,10,,pɜːsɪkjuːʃən,pɜːsɪkətɪv
6600,persecutor,10,11,persicalor,10,,pɜːsɪkjuːɾɚ,pɜːsɪkælɚ
6601,persevere,9,8,persovese,8,,pɜːsɪvɪɹ,pɜːsoʊviːz
6602,Persian,7,6,Porsial,7,,pɜːʒən,pɔːɹsɪəl
6603,persist,7,7,purbist,7,,pɚsɪst,pɜːbɪst
6604,person,6,6,pensin,6,,pɜːsən,pɛnsɪn
6605,personable,10,10,persoratle,9,,pɜːsənəbəl,pɜːsɔːɹæɾəl
6606,personal,8,8,persunan,8,,pɜːsənəl,pɚsʌnən
6607,personality,11,11,personilamy,11,,pɜːsənælᵻɾi,pɜːsɑːnɪlæmi
6608,personalize,11,10,permonaride,10,,pɜːsənəlaɪz,pɜːmənɑːɹɹaɪd
6609,personify,9,9,persoridy,8,,pɜːsɑːnᵻfaɪ,pɜːsɔːɹɪdi
6610,personnel,9,8,persorrel,8,,pɜːsənɛl,pɜːsɔɹəl
6611,perspective,11,10,perspictave,9,,pɚspɛktɪv,pɚspɪkteɪv
6612,perspiration,12,11,perstaritive,11,,pɚspɚɹeɪʃən,pɜːstɑːɹɹᵻtɪv
6613,perspire,8,8,parstire,8,,pɚspaɪɚ,pɑːɹstaɪɚ
6614,persuade,8,7,parsuage,7,,pɚsweɪd,pɑːɹsweɪdʒ
6615,persuasion,10,9,persiarion,9,,pɚsweɪʒən,pɜːsaɪɚɹiən
6616,pertinent,9,8,pertorent,9,,pɜːtɪnənt,pɜːɾɔːɹənt
6617,perturb,7,7,parture,6,,pɚtɜːb,pɑːɹtʃɚ
6618,perversion,10,9,pervorsoon,8,,pɚvɜːʒən,pɜːvɔːɹsuːn
6619,pervert,7,7,parvent,7,,pɚvɜːt,pɑːɹvənt
6620,pest,4,4,pesh,3,,pɛst,pɛʃ
6621,pester,6,6,pisner,6,,pɛstɚ,pɪsnɚ
6622,pesticide,9,8,pestocade,8,,pɛstɪsaɪd,pɛstəkeɪd
6623,pet,3,3,poit,3,,pɛt,pɔɪt
6624,petal,5,4,putan,5,,pɛɾəl,pjuːtən
6625,petite,6,5,pitide,5,,pətiːt,pɪɾaɪd
6626,petition,8,7,petorion,8,,pətɪʃən,pɛtɔːɹiən
6627,petrify,7,7,petromy,7,,pɛtɹᵻfaɪ,pɛtɹəmi
6628,petroleum,9,9,petruloem,9,,pətɹoʊliːəm,pɛtɹuːloʊᵻm
6629,petticoat,9,7,pettucate,8,,pɛɾɪkoʊt,pɛɾuːkeɪt
6630,petty,5,4,peffy,4,,pɛɾi,pɛfi
6631,pew,3,3,gew,3,,pjuː,dʒjuː
6632,pewter,6,6,pawten,5,,pjuːɾɚ,pɔːʔn̩
6633,phantom,7,6,phintop,6,,fæntəm,fɪntɑːp
6634,pharmacy,8,7,pharmory,6,,fɑːɹməsi,fɑːɹmɚɹi
6635,phase,5,3,phise,3,,feɪz,faɪz
6636,pheasant,8,6,phealand,7,,fɛzənt,fiːlənd
6637,phenomenon,10,9,phenorelon,9,,fɪnɑːmɪnən,fɛnɔːɹlən
6638,philosopher,11,9,philisother,9,,fɪlɑːsəfɚ,fɪlɪsɑːθɚ
6639,philosophic,11,9,philostitac,10,,fɪləsɑːfɪk,fɪləstɪɾæk
6640,philosophy,10,8,philisomic,9,,fɪlɑːsəfi,fɪlɪsɑːmɪk
6641,phobia,6,5,phoboa,5,,foʊbiə,fəboʊə
6642,phoenix,7,6,phoobix,6,,fiːnɪks,fuːbɪks
6643,phone,5,3,phoing,3,,foʊn,foʊɪŋ
6644,phonograph,10,8,phomogriph,8,,fɑːnəɡɹæf,fɑːməɡɹɪf
6645,phonographic,12,10,phonugrophin,10,,fɑːnəɡɹæfɪk,fɑːnəɡɹɑːfɪn
6646,phosphate,9,6,phisplate,7,,fɑːsfeɪt,fɪspleɪt
6647,phosphorus,10,8,phosphiros,8,,fɑːsfɔːɹəs,fəsfiəɹoʊz
6648,photo,5,4,phuta,4,,foʊɾoʊ,fjuːɾə
6649,photoelectric,13,12,photoelictrac,12,,foʊɾoʊᵻlɛktɹɪk,foʊɾoʊᵻlɪktɹæk
6650,photogenic,10,9,photugerid,9,,foʊɾoʊdʒɛnɪk,fɑːɾuːdʒɚɹɪd
6651,photograph,10,8,phorogriph,8,,foʊɾəɡɹæf,fɔːɹəɡɹɪf
6652,photographer,12,10,photolnather,10,,fətɑːɡɹəfɚ,foʊɾoʊlnæðɚ
6653,photographic,12,10,photaphormil,10,,foʊɾəɡɹæfɪk,fɑːɾɐfɔːɹmɪl
6654,photography,11,9,photolnapic,10,,fətɑːɡɹəfi,foʊɾoʊlnæpɪk
6655,photosynthesis,14,12,photosanthomis,12,,foʊɾoʊsɪnθəsɪs,foʊɾoʊsænθəmɪs
6656,phrase,6,4,phrath,4,,fɹeɪz,fɹæθ
6657,phrasing,8,6,phramint,7,,fɹeɪzɪŋ,fɹæmɪnt
6658,physic,6,5,phosid,5,,fɪzɪk,fɑːsɪd
6659,physical,8,7,physocan,7,,fɪzɪkəl,faɪsɑːkən
6660,physician,9,7,physorian,8,,fɪzɪʃən,faɪsɔːɹiən
6661,physicist,9,8,physodist,8,,fɪzɪsɪst,faɪsədɪst
6662,physics,7,6,phypics,6,,fɪzɪks,fɪpɪks
6663,physiology,10,9,physialiny,9,,fɪzɪɑːlədʒi,fɪzɪælɪni
6664,physique,8,5,phosaque,5,,fɪziːk,fɑːsæk
6665,pianist,7,7,pionise,6,,piənɪst,pɪɑːnaɪz
6666,piano,5,5,piona,5,,piænoʊ,pɪoʊnə
6667,pick,4,3,pive,3,,pɪk,paɪv
6668,picket,6,5,pocker,5,,pɪkɪt,pɑːkɚ
6669,pickings,8,6,pinkints,7,,pɪkɪŋz,pɪŋkɪnts
6670,pickle,6,5,pockle,5,,pɪkəl,pɑːkəl
6671,pickpocket,10,8,pickpucken,8,,pɪkpɑːkɪt,pɪkpʌkən
6672,pickup,6,5,pockip,5,,pɪkʌp,pɑːkɪp
6673,picky,5,4,pucky,4,,pɪki,pʌki
6674,picnic,6,6,pifric,6,,pɪknɪk,pɪfɹɪk
6675,pictorial,9,9,pictamian,9,,pɪktɔːɹɪəl,pɪkteɪmiən
6676,picture,7,6,pintude,7,,pɪktʃɚ,pɪntuːd
6677,picturesque,11,9,pictarisque,9,,pɪktʃɚɹɛsk,pɪktɑːɹɹɪsk
6678,pie,3,2,pith,3,,paɪ,pɪθ
6679,piece,5,3,poose,3,,piːs,puːs
6680,pier,4,3,poim,3,,pɪɹ,pɔɪm
6681,pierce,6,4,pields,5,,pɪɹs,piːldz
6682,piety,5,5,piory,5,,paɪəɾi,pɪɔːɹi
6683,pig,3,3,pime,3,,pɪɡ,paɪm
6684,pigeon,6,5,pugeon,6,,pɪdʒən,pjuːdʒən
6685,piggish,7,5,pibbish,5,,pɪɡɪʃ,pɪbɪʃ
6686,piggyback,9,7,piggobick,7,,pɪɡɪbæk,pɪɡəbɪk
6687,pigheaded,9,8,pigherden,9,,pɪɡhɛdᵻd,pɪɡhɚdən
6688,pigment,7,7,pugmint,7,,pɪɡmənt,pʌɡmɪnt
6689,pigmentation,12,11,pigmincative,11,,pɪɡmənteɪʃən,pɪɡmɪŋkətɪv
6690,pile,4,3,pilk,4,,paɪl,pɪlk
6691,piled,5,4,poozed,4,,paɪld,puːzd
6692,pilgrim,7,7,palgrum,7,,pɪlɡɹɪm,pælɡɹəm
6693,pill,4,3,pims,4,,pɪl,pɪmz
6694,pillar,6,5,pimmar,5,,pɪlɚ,pɪmɚ
6695,pillbox,7,7,pullbix,7,,pɪlbɑːks,pʊlbɪks
6696,pillow,6,4,pullox,6,,pɪloʊ,pʊlɑːks
6697,pilot,5,5,pulat,5,,paɪlət,pjʊlæt
6698,pimp,4,4,pilt,4,,pɪmp,pɪlt
6699,pimple,6,6,pumply,6,,pɪmpəl,pʌmpli
6700,pin,3,3,pib,3,,pɪn,pɪb
6701,pinch,5,4,pidge,3,,pɪntʃ,pɪdʒ
6702,pincushion,10,8,pincustine,9,,pɪŋkʊʃən,pɪŋkəstiːn
6703,pine,4,3,zine,3,,paɪn,ziːn
6704,pineapple,9,7,pineadfle,8,,paɪnæpəl,pɪniːdfəl
6705,ping,4,3,pung,3,,pɪŋ,pʌŋ
6706,pinhole,7,6,punwods,7,,pɪnhoʊl,pʌnwɑːdz
6707,pink,4,4,ponk,4,,pɪŋk,pɔŋk
6708,pinkeye,7,5,punkede,6,,pɪŋkaɪ,pʌŋkɛd
6709,pinky,5,5,ponky,5,,pɪŋki,pɔŋki
6710,pinpoint,8,7,panpaint,7,,pɪnpɔɪnt,pænpeɪnt
6711,pint,4,4,poant,4,,paɪnt,poʊnt
6712,pinup,5,5,ponup,5,,pɪnʌp,pɑːnʌp
6713,pioneer,7,6,piotour,6,,paɪənɪɹ,pɪɑːɾʊɹ
6714,pious,5,4,pogus,5,,paɪəs,poʊɡəs
6715,pipe,4,3,pupe,4,,paɪp,pjuːp
6716,pipeline,8,6,punelime,7,,paɪplaɪn,pʌnɪlaɪm
6717,piping,6,5,piding,5,,paɪpɪŋ,paɪdɪŋ
6718,piracy,6,6,piromy,6,,paɪɚɹəsi,pɪɹəmi
6719,pirate,6,5,parase,6,,paɪɹət,pæɹəz
6720,pistachio,9,8,pistucrio,9,,pɪstæʃɪoʊ,pɪstʌkɹɪoʊ
6721,pistol,6,5,postil,6,,pɪstəl,poʊstɪl
6722,pit,3,3,poith,3,,pɪt,pɔɪθ
6723,pitch,5,3,pietch,4,,pɪtʃ,paɪətʃ
6724,pitcher,7,5,putcher,5,,pɪtʃɚ,pʌtʃɚ
6725,pitchfork,9,7,patchfurk,7,,pɪtʃfɔːɹk,pætʃfɜːk
6726,pitfall,7,6,pimfull,6,,pɪtfɔːl,pɪmfʊl
6727,pitiful,7,7,pitofal,7,,pɪɾifəl,pɪɾɑːfəl
6728,pituitary,9,10,pitoidary,9,,pɪtuːətɛɹi,pɪɾɔɪdɛɹi
6729,pity,4,4,pumy,5,,pɪɾi,pʌmi
6730,pivot,5,5,puvor,5,,pɪvət,pjuːvɚ
6731,pixie,5,5,pixid,6,,pɪksi,pɪksɪd
6732,pizza,5,5,pirra,4,,piːtsə,pɜːɹə
6733,place,5,4,plart,5,,pleɪs,plɑːɹt
6734,placement,9,8,plucemint,8,,pleɪsmənt,pluːsɪmɪnt
6735,plagiarize,10,8,plamiarase,9,,pleɪdʒɚɹaɪz,plæmaɪɚɹeɪz
6736,plague,6,4,plarce,5,,pleɪɡ,plɑːɹs
6737,plainclothesman,15,12,plainclathesmen,12,,pleɪŋkloʊðsmən,pleɪŋklɐθɛsmɛn
6738,plainness,9,7,plaitress,7,,pleɪnnəs,pleɪtɹəs
6739,plaintiff,9,7,plairtuff,7,,pleɪntɪf,plɛɹɾʌf
6740,plaintive,9,7,plairtave,7,,pleɪntɪv,plɛɹɾeɪv
6741,plan,4,4,ploon,4,,plæn,pluːn
6742,plane,5,4,plave,4,,pleɪn,pleɪv
6743,planet,6,6,plarem,6,,plænɪt,plɛɹm
6744,planetarium,11,11,planetorius,11,,plænɪtɛɹiəm,plænɪtɔːɹɪəs
6745,plank,5,5,plare,4,,plæŋk,plɛɹ
6746,plant,5,5,plabs,5,,plænt,plæbz
6747,plantation,10,9,plantotive,9,,plænteɪʃən,plæntətɪv
6748,planter,7,7,plintem,7,,plæntɚ,plɪntəm
6749,plaque,6,4,plafes,5,,plæk,pleɪfs
6750,plasma,6,6,platmo,6,,plæzmə,plætmoʊ
6751,plaster,7,7,platren,7,,plæstɚ,plætɹən
6752,plastic,7,7,platric,7,,plæstɪk,plætɹɪk
6753,plate,5,4,plale,4,,pleɪt,pleɪl
6754,plateau,7,5,plutead,6,,plætoʊ,pluːɾiːd
6755,platform,8,8,plotfirm,8,,plætfɔːɹm,plɑːtfɜːm
6756,platinum,8,8,platonim,8,,plætɪnəm,plætɑːnɪm
6757,platoon,7,6,praroon,6,,plɐtuːn,pɹæɹuːn
6758,platter,7,6,pladder,6,,plæɾɚ,plædɚ
6759,platypus,8,8,platumis,8,,plæɾɪpəs,plɑːɾuːmɪs
6760,plausible,9,8,plausomle,8,,plɔːzᵻbəl,plɔːsɑːməl
6761,play,4,3,plab,4,,pleɪ,plæb
6762,player,6,5,ployen,5,,pleɪɚ,plɔɪən
6763,playmate,8,6,placmard,8,,pleɪmeɪt,plækmɑːɹd
6764,plaza,5,5,plosa,5,,plɑːzə,ploʊsə
6765,plea,4,3,plar,4,,pliː,plɑːɹ
6766,plead,5,4,pread,4,,pliːd,pɹiːæd
6767,pleaded,7,6,pleaken,6,,pliːdᵻd,pliːkən
6768,pleasant,8,7,pleakand,7,,plɛzənt,pliːkænd
6769,please,6,4,pleash,4,,pliːz,pliːʃ
6770,pleasurable,11,10,pleasoratle,10,,plɛʒɚɹəbəl,pliːsɔːɹæɾəl
6771,pleasure,8,6,pleaduse,7,,plɛʒɚ,pliːdʒuːs
6772,pledge,6,4,plince,5,,plɛdʒ,plɪns
6773,plentiful,9,9,plentofal,9,,plɛntifəl,plɛntɑːfəl
6774,plenty,6,6,plisdy,6,,plɛnti,plɪsdi
6775,pliable,7,7,pliagra,7,,plaɪəbəl,plaɪəɡɹə
6776,pliers,6,6,pruers,6,,plaɪɚz,pɹuːɚz
6777,plot,4,4,plit,4,,plɑːt,plɪt
6778,ploy,4,3,plog,4,,plɔɪ,plɑːɡ
6779,pluck,5,4,plock,4,,plʌk,plɑːk
6780,plug,4,4,plur,4,,plʌɡ,plɜː
6781,plum,4,4,plem,4,,plʌm,plɛm
6782,plumber,7,6,plimber,7,,plʌmɚ,plɪmbɚ
6783,plumbing,8,6,plormint,8,,plʌmɪŋ,plɔːɹmɪnt
6784,plump,5,5,plude,4,,plʌmp,pluːd
6785,plunge,6,5,pludge,4,,plʌndʒ,plʌdʒ
6786,plunger,7,7,plonten,7,,plʌndʒɚ,plɔnʔn̩
6787,plural,6,6,plorel,6,,plʊɹɹəl,plɔːɹəl
6788,plurality,9,9,plutanicy,9,,plʊɹɹælᵻɾi,pluːtɐnɪsi
6789,plus,4,4,pruse,4,,plʌs,pɹuːs
6790,plush,5,4,plung,4,,plʌʃ,plʌŋ
6791,pneumonia,9,8,pneuminoa,8,,nuːmoʊniə,nuːmɪnoʊə
6792,poach,5,3,poath,3,,poʊtʃ,poʊθ
6793,pocket,6,5,pucken,5,,pɑːkɪt,pʌkən
6794,poem,4,3,poex,5,,poʊᵻm,poʊks
6795,poet,4,4,poel,4,,poʊɪt,poʊl
6796,poetic,6,6,poerin,6,,poʊɛɾɪk,poʊɚɹɪn
6797,poetry,6,6,poanfy,6,,poʊɪtɹi,poʊnfi
6798,point,5,4,poits,4,,pɔɪnt,pɔɪts
6799,pointed,7,6,poingen,6,,pɔɪntᵻd,poʊɪndʒən
6800,pointer,7,6,poinger,6,,pɔɪntɚ,poʊɪŋɡɚ
6801,poise,5,3,powse,3,,pɔɪz,paʊz
6802,poison,6,5,paisen,5,,pɔɪzən,peɪzən
6803,poisoner,8,7,poisinen,7,,pɔɪzənɚ,pɔɪsaɪnən
6804,poke,4,3,pote,3,,poʊk,poʊt
6805,poker,5,5,poger,5,,poʊkɚ,poʊdʒɚ
6806,pokey,5,4,pogey,4,,poʊki,poʊdʒi
6807,polar,5,5,pilat,5,,poʊlɚ,pɪlæt
6808,polarity,8,8,polorimy,8,,poʊlæɹᵻɾi,pɑːlɔːɹɪmi
6809,polarization,12,11,polarolarion,12,,poʊlɚɹᵻzeɪʃən,poʊlɚɹoʊlɑːɹɹiən
6810,pole,4,3,powl,3,,poʊl,paʊl
6811,police,6,5,pilace,5,,pəliːs,pɪleɪs
6812,policeman,9,8,poluceren,8,,pəliːsmən,pɑːluːsɚɹən
6813,policy,6,6,polico,6,,pɑːlɪsi,pɑːlɪkoʊ
6814,Polish,6,5,Pilush,5,,poʊlɪʃ,pɪlʌʃ
6815,polite,6,5,pulate,5,,pəlaɪt,pjʊleɪt
6816,politic,7,7,polutip,7,,pɑːlətɪk,pɑːluːtɪp
6817,political,9,9,policinal,9,,pəlɪɾɪkəl,pɑːlɪsɪnəl
6818,politician,10,9,polirinian,10,,pɑːlɪtɪʃən,pɑːlɪɹɪniən
6819,politics,8,8,polutips,8,,pɑːlətɪks,pɑːluːtɪps
6820,pollen,6,5,podden,5,,pɑːlən,pɑːdən
6821,pollinate,9,7,pollunale,7,,pɑːlᵻneɪt,pəljuːneɪl
6822,pollute,7,5,poffute,6,,pəluːt,pɑːfjuːt
6823,pollution,9,7,pollirion,8,,pəluːʃən,pəlɪɹiən
6824,polo,4,4,pulu,4,,poʊloʊ,puːluː
6825,poltergeist,11,10,poltarheist,9,,poʊltɚɡaɪst,poʊltɑːɹheɪst
6826,polygon,7,7,pologin,7,,pɑːlɪɡɑːn,pɑːlədʒɪn
6827,Polynesian,10,9,Polonorion,10,,pɑːlɪniːʒən,pɑːlənɔːɹiən
6828,polynomial,10,10,polynusial,11,,pɑːlɪnoʊmɪəl,pɑːlɪnuːziəl
6829,poncho,6,5,panchu,5,,pɑːntʃoʊ,pæntʃuː
6830,pond,4,4,pont,4,,pɑːnd,pɔnt
6831,ponder,6,6,panmer,6,,pɑːndɚ,pænmɚ
6832,pony,4,4,pamy,4,,poʊni,peɪmi
6833,poodle,6,4,peemle,5,,puːdəl,piːməl
6834,pool,4,3,poong,3,,puːl,puːŋ
6835,poop,4,3,poon,3,,puːp,puːn
6836,poor,4,3,poob,3,,pʊɹ,puːb
6837,pop,3,3,poig,3,,pɑːp,pɔɪɡ
6838,popcorn,7,7,pipcurn,7,,pɑːpkɔːɹn,pɪpkɜːn
6839,pope,4,3,poth,3,,poʊp,pɑːθ
6840,poppy,5,4,pobby,4,,pɑːpi,pɑːbi
6841,popular,7,8,popolan,7,,pɑːpjʊlɚ,pɑːpəlæn
6842,popularity,10,11,populamory,11,,pɑːpjʊlæɹᵻɾi,pɑːpjʊlæmɚɹi
6843,popularize,10,10,populanics,11,,pɑːpjʊlɚɹaɪz,pɑːpjʊlænɪks
6844,populate,8,8,popolale,7,,pɑːpjʊleɪt,pɑːpəleɪl
6845,population,10,10,popuralion,11,,pɑːpjʊleɪʃən,pɑːpjʊɹɹæliən
6846,porcelain,9,8,porcolale,8,,pɔːɹsɪlɪn,pɔːɹkəleɪl
6847,porch,5,4,pierge,4,,pɔːɹtʃ,pɪɹdʒ
6848,porcupine,9,9,porcopane,8,,pɔːɹkjuːpaɪn,pɔːɹkəpeɪn
6849,pork,4,4,zok,3,,pɔːɹk,zɑːk
6850,porn,4,4,porl,4,,pɔːɹn,pɔːɹl
6851,pornographic,12,11,pordophormis,11,,pɔːɹnəɡɹæfɪk,pɔːɹdəfɔːɹmɪs
6852,pornography,11,10,pornilrotic,11,,pɔːɹnɑːɡɹəfi,pɔːɹnɪlɹɑːɾɪk
6853,porridge,8,5,pottidge,5,,pɔɹɪdʒ,pɑːɾɪdʒ
6854,port,4,4,pong,3,,pɔːɹt,pɑːŋ
6855,portable,8,8,portabro,8,,pɔːɹɾəbəl,pɔːɹtæbɹoʊ
6856,portal,6,5,partol,6,,pɔːɹɾəl,pɑːɹɾɑːl
6857,porter,6,6,parten,6,,pɔːɹɾɚ,pɑːɹʔn̩
6858,portfolio,9,9,portfurio,9,,pɔːɹtfoʊlɪoʊ,pɔːɹtfjʊɹɹɪoʊ
6859,porthole,8,7,parthale,7,,pɔːɹthoʊl,pɑːɹθeɪl
6860,portion,7,6,purtoon,6,,pɔːɹʃən,pɜːtuːn
6861,portrait,8,7,purtroit,7,,pɔːɹtɹɪt,pɜːtɹɔɪt
6862,Portuguese,10,8,Portoguede,8,,pɔːɹtʃəɡiːz,pɔːɹɾəɡɛd
6863,pose,4,3,zose,3,,poʊz,zoʊs
6864,posit,5,5,pasit,5,,pɑːzɪt,pæsɪt
6865,position,8,7,posotoon,7,,pəzɪʃən,pɑːsətuːn
6866,positive,8,7,posotire,8,,pɑːzᵻtɪv,pɑːsətaɪɚ
6867,possess,7,5,paddess,5,,pəzɛs,pædɛs
6868,possession,10,7,possellion,8,,pəzɛʃən,pəsɛliən
6869,possessive,10,7,possellive,7,,pəzɛsɪv,pɑːsɪlɪv
6870,possibility,11,10,possibalomy,10,,pɑːsəbɪlᵻɾi,pɑːsɪbæləmi
6871,possible,8,7,possotle,7,,pɑːsᵻbəl,pɑːsɑːɾəl
6872,possibly,8,7,possomly,7,,pɑːsᵻbli,pɑːsəmli
6873,possum,6,5,poddum,5,,pɑːsəm,pɑːdəm
6874,post,4,4,pove,3,,poʊst,poʊv
6875,postage,7,6,puntase,6,,poʊstɪdʒ,pʌnteɪs
6876,postal,6,6,pusgal,6,,poʊstəl,pʌsɡəl
6877,postcard,8,8,pistcurd,8,,poʊstkɑːɹd,pɪstkɜːd
6878,postdate,8,7,pistdaze,7,,poʊstdeɪt,pɪstdeɪz
6879,poster,6,6,pister,6,,poʊstɚ,pɪstɚ
6880,posterior,9,9,postodior,8,,pɑːstɪɹiɚ,poʊstoʊdjɚ
6881,postgraduate,12,11,postgriduale,12,,poʊstɡɹɐdʒuːeɪt,poʊstɡɹɪduːeɪl
6882,postman,7,7,pistman,7,,poʊstmən,pɪstmən
6883,postmark,8,8,pistmurk,8,,poʊstmɑːɹk,pɪstmɜːk
6884,postnasal,9,8,postnosil,9,,poʊstneɪzəl,poʊstnɑːsəl
6885,postnatal,9,8,postnotil,9,,poʊstneɪɾəl,poʊstnətɪl
6886,postpone,8,6,pistpane,7,,poʊstpoʊn,pɪstpeɪn
6887,postscript,10,10,pistscrict,9,,poʊstskɹɪpt,pɪstskɹɪkt
6888,posture,7,6,pastude,7,,pɔstʃɚ,pæstuːd
6889,postwar,7,7,pastwad,7,,poʊstwɔːɹ,pæstwɑːd
6890,pot,3,3,pom,3,,pɑːt,pɑːm
6891,potassium,9,8,potarriun,8,,pətæsiəm,pɑːɾɐɹɪʌn
6892,potato,6,6,potota,6,,pəteɪɾoʊ,pɑːɾoʊɾə
6893,potbelly,8,7,potbemmy,7,,pɑːtbɛli,pɑːtbɛmi
6894,potent,6,5,putint,6,,poʊtənt,pjuːtɪnt
6895,potential,9,8,potintian,9,,pətɛnʃəl,poʊtɪnʃən
6896,potentiality,12,12,potenrianoty,12,,pətɛnʃɪælᵻɾi,poʊtənɹiənɑːɾi
6897,potion,6,5,patioon,6,,poʊʃən,pæɾɪuːn
6898,potluck,7,6,polduck,6,,pɑːtlʌk,poʊldʌk
6899,potter,6,5,podder,5,,pɑːɾɚ,pɑːdɚ
6900,pottery,7,6,potteny,6,,pɑːɾɚɹi,pɑːtɛni
6901,pouch,5,3,zouch,3,,paʊtʃ,zaʊtʃ
6902,poultry,7,6,pounfly,6,,poʊltɹi,paʊnflaɪ
6903,pounce,6,4,pounge,4,,paʊns,paʊndʒ
6904,pound,5,4,poont,4,,paʊnd,puːnt
6905,pout,4,3,poush,3,,paʊt,paʊʃ
6906,poverty,7,7,povarly,7,,pɑːvɚɾi,pɑːvɑːɹli
6907,powder,6,5,pawmer,5,,paʊdɚ,pɔːmɚ
6908,power,5,4,pumen,6,,paʊɚ,pjuːmɛn
6909,pox,3,4,polsh,4,,pɑːks,pɑːlʃ
6910,practicability,14,14,practicobalory,14,,pɹæktɪsəbɪlᵻɾi,pɹæktɪkɑːbɐlɚɹi
6911,practical,9,9,practocan,9,,pɹæktɪkəl,pɹæktɑːkən
6912,practicality,12,12,practicolary,12,,pɹæktɪkælᵻɾi,pɹæktɪkoʊlɛɹi
6913,practically,11,10,practocanny,10,,pɹæktɪkli,pɹæktəkæni
6914,practitioner,12,11,pracritiveal,11,,pɹæktɪʃənɚ,pɹækɹɪtɪviəl
6915,prairie,7,5,proidie,5,,pɹɛɹi,pɹɔɪdi
6916,praise,6,4,prarce,5,,pɹeɪz,pɹɑːɹs
6917,pram,4,4,prum,4,,pɹæm,pɹʌm
6918,prance,6,5,prames,5,,pɹæns,pɹeɪmz
6919,prank,5,5,proonk,5,,pɹæŋk,pɹuːŋk
6920,pray,4,3,proy,3,,pɹeɪ,pɹɔɪ
6921,prayer,6,4,proyen,6,,pɹɛɹ,pɹɔɪən
6922,preach,6,4,prooch,4,,pɹiːtʃ,pɹuːtʃ
6923,preadolescence,14,12,preadimescerce,12,,pɹiːædəlɛsəns,pɹiːædaɪmsɚs
6924,prearrange,10,8,preappange,8,,pɹiːɚɹeɪndʒ,pɹiːæpændʒ
6925,precaution,10,8,precaplion,10,,pɹɪkɔːʃən,pɹɪkæpliən
6926,precede,7,6,procere,6,,pɹɪsiːd,pɹoʊsɚ
6927,precedent,9,9,precodint,9,,pɹɛsᵻdənt,pɹiːkoʊdɪnt
6928,preceding,9,8,preceming,8,,pɹɪsiːdɪŋ,pɹɪsiːmɪŋ
6929,precinct,8,8,procunct,8,,pɹiːsɪŋkt,pɹɑːkʌŋkt
6930,precious,8,6,probrous,7,,pɹɛʃəs,pɹɑːbɹəs
6931,precipitate,11,10,precupotale,10,,pɹɪsɪpᵻteɪt,pɹɪkjuːpəteɪl
6932,precipitation,13,12,precipomarion,13,,pɹɪsɪpɪteɪʃən,pɹɪsɪpəmæɹiən
6933,precise,7,6,promuse,7,,pɹɪsaɪs,pɹɑːmjuːz
6934,precisian,9,8,precurian,10,,pɹɪsɪʒən,pɹɪkjʊɹɹiən
6935,preconceive,11,9,precomceart,10,,pɹiːkənsiːv,pɹiːkɑːmsɪɹt
6936,precook,7,6,procoot,6,,pɹiːkʊk,pɹoʊkuːt
6937,precursor,9,9,precarmor,9,,pɹɪkɜːsɚ,pɹɪkɑːɹmɚ
6938,predator,8,8,predotar,8,,pɹɛdəɾɚ,pɹɪdɑːɾɚ
6939,predecessor,11,10,predecelnor,11,,pɹɛdᵻsɛsɚ,pɹɪdɛsɛlnɚ
6940,predestination,14,13,predestoralion,14,,pɹɪdɛstɪneɪʃən,pɹɪdɛstɔːɹæliən
6941,predetermine,12,11,pretecernoid,11,,pɹɪdɪtɜːmɪn,pɹɪtɛsɚnɔɪd
6942,predicament,11,11,predisarent,11,,pɹɪdɪkəmənt,pɹiːdɪsæɹənt
6943,predicate,9,8,predocale,8,,pɹɛdᵻkeɪt,pɹɪdɑːkeɪl
6944,predict,7,7,prolict,7,,pɹɪdɪkt,pɹɑːlɪkt
6945,predominate,11,10,predolicate,10,,pɹɪdɑːmᵻneɪt,pɹɪdɑːlᵻkeɪt
6946,preface,7,6,profade,6,,pɹɛfəs,pɹɑːfeɪd
6947,prefer,6,6,profar,6,,pɹɪfɜː,pɹɑːfɑːɹ
6948,preferable,10,10,prefesanle,10,,pɹɪfɜːɹəbəl,pɹɪfɛsænəl
6949,preferably,10,10,prefesatle,10,,pɹɛfɹəbli,pɹɪfɛsæɾəl
6950,preference,10,9,prefedance,9,,pɹɛfɹəns,pɹɪfɛdəns
6951,prefix,6,7,profax,7,,pɹiːfɪks,pɹɑːfæks
6952,preflight,9,7,profaight,6,,pɹɪflaɪt,pɹɑːfeɪt
6953,pregnant,8,8,prognint,8,,pɹɛɡnənt,pɹɑːɡnɪnt
6954,preheat,7,6,prohoot,6,,pɹɪhiːt,pɹoʊhuːt
6955,prehistoric,11,11,preristolid,11,,pɹiːhɪstɔːɹɪk,pɹɪɹɪstəlɪd
6956,prejudge,8,6,projodge,6,,pɹɪdʒʌdʒ,pɹɑːdʒɑːdʒ
6957,prejudice,9,8,prejomice,8,,pɹɛdʒuːdɪs,pɹɪdʒɑːmɪs
6958,prejudicial,11,10,prejuminial,11,,pɹɛdʒuːdɪʃəl,pɹɪdʒuːmɪnɪəl
6959,preliminary,11,11,prelimonamy,11,,pɹɪlɪmɪnɛɹi,pɹɪlɪmənæmi
6960,prelude,7,7,prolade,6,,pɹeɪluːd,pɹɑːleɪd
6961,premature,9,8,premotude,9,,pɹɪmətʃʊɹ,pɹɪmɑːɾuːd
6962,premed,6,6,promid,6,,pɹiːmd,pɹɑːmɪd
6963,premedical,10,10,premodipal,10,,pɹɪmɛdɪkəl,pɹɪmɑːdɪpəl
6964,premier,7,6,prolied,6,,pɹəmɪɹ,pɹoʊlid
6965,premiere,8,7,proniere,6,,pɹəmɪɹ,pɹoʊniɛɹ
6966,premise,7,6,prexite,6,,pɹɛmɪs,pɹɪksaɪt
6967,premium,7,7,promain,6,,pɹiːmiəm,pɹɑːmeɪn
6968,preoccupation,13,12,preoccopinion,12,,pɹɪɑːkjʊpeɪʃən,pɹɪɑːkəpɪniən
6969,preoccupied,11,10,preorcanied,10,,pɹɪɑːkjʊpaɪd,pɹɪɔːɹkənid
6970,preparation,11,10,prepalative,10,,pɹɛpɚɹeɪʃən,pɹɪpælətɪv
6971,preparatory,11,11,preparotiny,11,,pɹɪpæɹətɔːɹi,pɹɪpæɹətɪni
6972,prepare,7,6,propond,7,,pɹɪpɛɹ,pɹəpɑːnd
6973,prepay,6,5,propoy,5,,pɹɪpeɪ,pɹəpɔɪ
6974,preposition,11,10,prepoditive,10,,pɹɛpəzɪʃən,pɹɪpɑːdᵻtɪv
6975,preposterous,12,11,prebostenius,12,,pɹɪpɔstɚɹəs,pɹɪbəstiːnɪəs
6976,prerecord,9,9,premecurd,9,,pɹiːɹᵻkɔːɹd,pɹɪmɛkɜːd
6977,prerequisite,12,11,preremoiside,10,,pɹiːɹɛkwɪsɪt,pɹiːɹᵻmɔɪsaɪd
6978,prerogative,11,10,prerosatics,11,,pɹɪɹɑːɡətɪv,pɹɪɹəsæɾɪks
6979,Presbyterian,12,12,presbaturiat,12,,pɹɛzbɪtɪɹiən,pɹɪsbætʃɚɹɪæt
6980,preschool,9,7,proschoot,7,,pɹiːskuːl,pɹəskuːt
6981,prescribe,9,8,proscrabe,8,,pɹɪskɹaɪb,pɹəskɹeɪb
6982,presence,8,7,prolense,7,,pɹɛzəns,pɹoʊlɛns
6983,present,7,7,pridert,7,,pɹɛzənt,pɹaɪdɜːt
6984,presentation,12,11,presernative,11,,pɹɛzənteɪʃən,pɹɪsɜːnətɪv
6985,preservation,12,11,presendative,11,,pɹɛzɚveɪʃən,pɹɪzɛndətɪv
6986,preservative,12,11,preservatist,12,,pɹɪzɜːvətɪv,pɹɪzɜːvətɪst
6987,preserve,8,7,prosense,7,,pɹɪzɜːv,pɹoʊsɛns
6988,preset,6,6,prosut,6,,pɹiːsɛt,pɹɑːsʌt
6989,preside,7,6,pronile,6,,pɹɪsaɪd,pɹɑːnaɪl
6990,president,9,9,presorent,9,,pɹɛzɪdənt,pɹɪsɔːɹənt
6991,presidential,12,11,presimencial,11,,pɹɛzɪdɛnʃəl,pɹɪsaɪmənʃəl
6992,press,5,4,pruss,4,,pɹɛs,pɹʌs
6993,pressure,8,6,preddure,6,,pɹɛʃɚ,pɹɛdʒɚ
6994,pressurize,10,8,pressorase,8,,pɹɛʃɚɹaɪz,pɹɛsɔːɹeɪz
6995,prestige,8,7,prostage,7,,pɹɛstiːʒ,pɹɑːsteɪdʒ
6996,presume,7,7,procurt,7,,pɹɪzuːm,pɹəkɜːt
6997,presumption,11,10,presimptoon,10,,pɹɪsʌmpʃən,pɹɪsɪmptuːn
6998,presumptuous,12,11,presimppious,10,,pɹɪsʌmptʃuːəs,pɹɪsɪmpiəs
6999,pretend,7,7,protind,7,,pɹɪtɛnd,pɹɑːtɪnd
7000,pretext,7,8,protert,7,,pɹiːtɛkst,pɹoʊɾɜːt
7001,pretty,6,5,preddy,5,,pɹɪɾi,pɹɛdi
7002,prevail,7,6,provoin,6,,pɹɪveɪl,pɹɑːvɔɪn
7003,prevalent,9,9,prevolint,9,,pɹɛvələnt,pɹɪvɑːlɪnt
7004,prevent,7,7,provint,7,,pɹɪvɛnt,pɹɑːvɪnt
7005,preview,7,6,proniew,6,,pɹiːvjuː,pɹoʊnjuː
7006,previous,8,7,prevaios,7,,pɹiːviəs,pɹɪveɪoʊz
7007,previously,10,9,preriousny,9,,pɹiːviəsli,pɹɪɹiəsnaɪ
7008,price,5,4,prift,5,,pɹaɪs,pɹɪft
7009,priceless,9,7,pruceness,7,,pɹaɪsləs,pɹuːsnəs
7010,prick,5,4,prock,4,,pɹɪk,pɹɑːk
7011,prickle,7,6,pruckle,6,,pɹɪkəl,pɹʌkəl
7012,prickly,7,7,pruckly,6,,pɹɪkli,pɹʌkli
7013,pride,5,4,prife,4,,pɹaɪd,pɹaɪf
7014,priest,6,5,proost,5,,pɹiːst,pɹuːst
7015,primal,6,6,pronal,6,,pɹaɪməl,pɹoʊnəl
7016,primarily,9,9,primodicy,9,,pɹaɪmɛɹᵻli,pɹɪmədɪsi
7017,primary,7,7,primony,7,,pɹaɪmɚɹi,pɹɪməni
7018,prime,5,4,pripe,4,,pɹaɪm,pɹaɪp
7019,primer,6,6,promer,6,,pɹaɪmɚ,pɹoʊmɚ
7020,primeval,8,8,primoral,8,,pɹaɪmiːvəl,pɹɪmɚɹəl
7021,primitive,9,8,primotave,8,,pɹɪmᵻtɪv,pɹɪməteɪv
7022,prince,6,5,princh,5,,pɹɪns,pɹɪntʃ
7023,princess,8,7,prondess,7,,pɹɪnsɛs,pɹɑːndɛs
7024,principal,9,9,princoral,9,,pɹɪnsɪpəl,pɹɪŋkɚɹəl
7025,principality,12,12,principolany,12,,pɹɪnsɪpælᵻɾi,pɹɪnsɪpɑːləni
7026,print,5,5,pring,4,,pɹɪnt,pɹɪŋ
7027,prior,5,5,plien,5,,pɹaɪɚ,pliːn
7028,priority,8,8,priotiry,8,,pɹaɪɔːɹᵻɾi,pɹaɪətaɪɚɹi
7029,prism,5,6,prosm,6,,pɹɪzəm,pɹɑːzəm
7030,prison,6,6,profin,6,,pɹɪzən,pɹɑːfɪn
7031,prisoner,8,8,prisinen,8,,pɹɪzənɚ,pɹɪsaɪnən
7032,privacy,7,7,privory,7,,pɹaɪvəsi,pɹɪvɚɹi
7033,private,7,6,provale,6,,pɹaɪvət,pɹoʊveɪl
7034,privilege,9,8,privomege,8,,pɹɪvᵻlɪdʒ,pɹɪvoʊmdʒ
7035,prize,5,4,prisk,5,,pɹaɪz,pɹɪsk
7036,pro,3,3,prie,4,,pɹoʊ,pɹaɪ
7037,probability,11,11,probabalomy,11,,pɹɑːbəbɪlᵻɾi,pɹɑːbəbæləmi
7038,probable,8,8,probabro,8,,pɹɑːbəbəl,pɹɑːbəbɹoʊ
7039,probably,8,8,probofly,8,,pɹɑːbəbli,pɹɑːbɑːfli
7040,probation,9,8,proborion,9,,pɹoʊbeɪʃən,pɹəbɔːɹiən
7041,probe,5,4,prosk,5,,pɹoʊb,pɹɑːsk
7042,problem,7,7,preblen,8,,pɹɑːbləm,pɹɪblən
7043,procedure,9,8,procodare,8,,pɹəsiːdʒɚ,pɹoʊkɑːdɛɹ
7044,proceed,7,6,preceep,6,,pɹəsiːd,pɹɪsiːp
7045,proceeds,8,7,preceeps,7,,pɹoʊsiːdz,pɹɪsiːps
7046,process,7,6,prefess,6,,pɹɑːsɛs,pɹɪfɛs
7047,procession,10,8,procellion,9,,pɹəsɛʃən,pɹoʊsəliən
7048,proclaim,8,7,precloin,7,,pɹəkleɪm,pɹɪklɔɪn
7049,proclamation,12,11,proclunative,11,,pɹɑːklɐmeɪʃən,pɹɑːkluːnətɪv
7050,procrastinate,13,12,procratrilate,12,,pɹoʊkɹæstᵻneɪt,pɹəkɹætɹᵻleɪt
7051,produce,7,7,prebuce,7,,pɹəduːs,pɹɪbjuːs
7052,product,7,7,praduct,7,,pɹɑːdʌkt,pɹædʌkt
7053,production,10,9,prodictoon,9,,pɹədʌkʃən,pɹɑːdɪktuːn
7054,productivity,12,12,productinory,12,,pɹɑːdəktɪvᵻɾi,pɹɑːdəktɪnɚɹi
7055,profane,7,6,predane,6,,pɹəfeɪn,pɹɪdeɪn
7056,profanity,9,9,profiridy,9,,pɹəfænᵻɾi,pɹɑːfɪɹɪdi
7057,profession,10,8,profellion,9,,pɹəfɛʃən,pɹoʊfəliən
7058,professional,12,10,promestiveal,12,,pɹəfɛʃənəl,pɹoʊmstɪviəl
7059,professor,9,8,profellor,8,,pɹəfɛsɚ,pɹoʊfəlɚ
7060,proficient,10,9,profurient,10,,pɹəfɪʃənt,pɹəfjʊɹɹiənt
7061,profile,7,6,prefule,7,,pɹoʊfaɪl,pɹɪfjuːl
7062,profit,6,6,prefid,6,,pɹɑːfɪt,pɹɪfɪd
7063,profound,8,7,prefourd,7,,pɹəfaʊnd,pɹɪfɜːd
7064,progress,8,7,pregruss,7,,pɹɑːɡɹɛs,pɹɪɡɹʌs
7065,progression,11,9,progrellion,10,,pɹəɡɹɛʃən,pɹəɡɹɛliən
7066,progressive,11,9,progrellive,9,,pɹəɡɹɛsɪv,pɹɑːɡɹɪlɪv
7067,prohibit,8,8,prohubin,8,,pɹəhɪbɪt,pɹoʊhjuːbɪn
7068,prohibition,11,10,prohuborion,11,,pɹəhɪbɪʃən,pɹoʊhjuːbɔːɹiən
7069,prohibitive,11,10,prohisition,10,,pɹəhɪbᵻtɪv,pɹoʊhɪsɪʃən
7070,prohibitory,11,11,prohibotany,11,,pɹəhɪbɪtɔːɹi,pɹəhɪbətəni
7071,project,7,7,prejict,7,,pɹɑːdʒɛkt,pɹɪdʒɪkt
7072,projectile,10,8,projictale,9,,pɹədʒɛktəl,pɹɑːdʒɪkteɪl
7073,projector,9,9,projictar,9,,pɹədʒɛktɚ,pɹɑːdʒɪktɚ
7074,prologue,8,6,pretobes,7,,pɹoʊlɑːɡ,pɹɪtoʊbz
7075,prolong,7,6,prelonk,7,,pɹəlɔŋ,pɹɪlɔŋk
7076,prolongation,12,11,prolengitive,11,,pɹəlɔŋɡeɪʃən,pɹoʊlɛndʒᵻtɪv
7077,prominent,9,9,promorent,9,,pɹɑːmɪnənt,pɹɑːmɔːɹənt
7078,promiscuity,11,12,promitruidy,11,,pɹɑːmɪskjuːɪɾi,pɹɑːmɪtɹuːɪdi
7079,promiscuously,13,13,promestuouscy,12,,pɹəmɪskjuːəsli,pɹoʊmstʃuːaʊsi
7080,promise,7,6,propick,6,,pɹɑːmɪs,pɹəpɪk
7081,promote,7,6,premond,7,,pɹəmoʊt,pɹɪmənd
7082,prompt,6,6,proompt,6,,pɹɑːmpt,pɹuːmpt
7083,prone,5,4,proun,4,,pɹoʊn,pɹaʊn
7084,pronoun,7,6,presoon,6,,pɹoʊnaʊn,pɹɪsuːn
7085,pronounce,9,7,prenience,8,,pɹənaʊns,pɹɪniəns
7086,pronouncement,13,11,probouncerent,11,,pɹənaʊnsmənt,pɹɑːbaʊnsɚɹənt
7087,pronto,6,6,prenso,6,,pɹɔntoʊ,pɹɛnsoʊ
7088,proof,5,4,prook,4,,pɹuːf,pɹʊk
7089,prop,4,4,prap,4,,pɹɑːp,pɹæp
7090,propaganda,10,10,propagendi,10,,pɹɑːpɐɡændə,pɹɑːpɐdʒɛndi
7091,propane,7,6,prenane,6,,pɹoʊpeɪn,pɹɪneɪn
7092,propel,6,6,prenel,6,,pɹəpɛl,pɹɪnɛl
7093,propeller,9,8,propemmer,8,,pɹəpɛlɚ,pɹəpɛmɚ
7094,proper,6,6,praper,6,,pɹɑːpɚ,pɹeɪpɚ
7095,property,8,8,propormy,8,,pɹɑːpɚɾi,pɹəpɔːɹmi
7096,prophecy,8,7,prophony,7,,pɹɑːfəsi,pɹɑːfəni
7097,proportion,10,9,propurtoon,9,,pɹəpɔːɹʃən,pɹəpɚtuːn
7098,propose,7,6,prebont,7,,pɹəpoʊz,pɹɪbɔnt
7099,proposition,11,10,proposative,10,,pɹɑːpəzɪʃən,pɹəpɑːsətɪv
7100,proprietary,11,11,procrietily,11,,pɹəpɹaɪətɛɹi,pɹəkɹaɪəɾɪli
7101,proprietor,10,10,proproetar,9,,pɹəpɹaɪəɾɚ,pɹɑːpɹoʊɾɚ
7102,prosecute,9,9,prosocate,8,,pɹɑːsɪkjuːt,pɹɑːsəkeɪt
7103,prosecution,11,11,proselutive,10,,pɹɑːsɪkjuːʃən,pɹɑːsluːtɪv
7104,prosecutor,10,11,propelunor,11,,pɹɑːsɪkjuːɾɚ,pɹəpɛlʌnɚ
7105,prospect,8,8,prespict,8,,pɹɑːspɛkt,pɹɪspɪkt
7106,prospective,11,10,prospictave,10,,pɹəspɛktɪv,pɹɑːspɪkteɪv
7107,prospector,10,10,prospictar,10,,pɹəspɛktɚ,pɹɑːspɪktɚ
7108,prosper,7,7,protser,7,,pɹɑːspɚ,pɹɑːtsɚ
7109,prosperity,10,10,prosmericy,10,,pɹəspɛɹᵻɾi,pɹɑːzmɚɹɪsi
7110,prosperous,10,9,prospenius,10,,pɹɑːspɚɹəs,pɹəspiːnɪəs
7111,prostitute,10,10,prostotate,9,,pɹɑːstɪtuːt,pɹɑːstoʊteɪt
7112,prostitution,12,12,prostarutive,11,,pɹɑːstɪtuːʃən,pɹɑːstɑːɹɹuːɾɪv
7113,protagonist,11,11,protenocist,11,,pɹoʊɾɐɡənɪst,pɹoʊtnəsɪst
7114,protect,7,7,pretert,7,,pɹətɛkt,pɹɪtɜːt
7115,protection,10,9,protictoon,9,,pɹətɛkʃən,pɹɑːɾɪktuːn
7116,protector,9,9,protictar,9,,pɹətɛktɚ,pɹɑːɾɪktɚ
7117,protege,7,7,protode,7,,pɹoʊɾəʒeɪ,pɹoʊɾoʊd
7118,protein,7,6,pretoon,6,,pɹoʊtiːn,pɹɪtuːn
7119,protest,7,7,pretist,7,,pɹoʊtɛst,pɹɪtɪst
7120,protestant,10,10,protisrant,10,,pɹɑːɾɪstənt,pɹɑːɾɪsɹənt
7121,protocol,8,8,protical,8,,pɹoʊɾəkɑːl,pɹɑːɾɪkəl
7122,proton,6,6,premon,6,,pɹoʊtɑːn,pɹɪmɑːn
7123,prototype,9,8,protitape,8,,pɹoʊɾoʊtaɪp,pɹɑːɾɪteɪp
7124,protrude,8,7,pretrode,7,,pɹətɹuːd,pɹɪtɹoʊd
7125,proud,5,4,prouf,4,,pɹaʊd,pɹuːf
7126,prove,5,4,prosh,4,,pɹuːv,pɹɑːʃ
7127,proven,6,6,preden,6,,pɹuːvən,pɹɪdɛn
7128,proverb,7,7,prevebs,7,,pɹɑːvɜːb,pɹɪvɛbz
7129,provide,7,6,precile,6,,pɹəvaɪd,pɹɪsaɪl
7130,providence,10,9,provorence,9,,pɹɑːvɪdəns,pɹɑːvɔːɹəns
7131,province,8,7,prevance,7,,pɹɑːvɪns,pɹɪvæns
7132,provincial,10,9,provondial,10,,pɹəvɪnʃəl,pɹəvɑːndɪəl
7133,provocation,11,10,provorative,10,,pɹɑːvəkeɪʃən,pɹɑːvɹətɪv
7134,provocative,11,10,provicatics,11,,pɹəvɑːkətɪv,pɹɑːvɪkæɾɪks
7135,provoke,7,6,prebuke,7,,pɹəvoʊk,pɹɪbjuːk
7136,prowl,5,4,proid,4,,pɹaʊl,pɹɔɪd
7137,proximate,9,9,proxomale,9,,pɹɑːksᵻmeɪt,pɹɑːksəmeɪl
7138,proximity,9,10,proxamidy,10,,pɹɑːksɪmᵻɾi,pɹɑːksɐmɪdi
7139,prudently,9,9,prufently,9,,pɹuːdəntli,pɹuːfəntli
7140,prune,5,4,prunt,5,,pɹuːn,pɹʌnt
7141,pry,3,3,proidge,4,,pɹaɪ,pɹɔɪdʒ
7142,Psyche,6,4,phycho,4,,saɪkiː,fɪtʃoʊ
7143,psychiatric,11,9,psytriantic,10,,saɪkɪætɹɪk,sɪtɹiəntɪk
7144,psychiatrist,12,10,psychoitrust,10,,saɪkaɪətɹɪst,saɪkoʊɪtɹʌst
7145,psychiatry,10,8,psychoipry,8,,saɪkaɪətɹi,saɪkoʊɪpɹi
7146,psychic,7,5,phychoc,5,,saɪkɪk,fɪtʃɑːk
7147,psychoanalysis,14,12,psychoanilamis,12,,saɪkoʊɐnæləsɪs,saɪkoʊænɪlɑːmiz
7148,psychological,13,11,psycholagoral,11,,saɪkəlɑːdʒɪkəl,saɪkoʊlæɡɚɹəl
7149,psychologist,12,10,psybrilomist,11,,saɪkɑːlədʒɪst,sɪbɹɪləmɪst
7150,psychology,10,8,psybrilomy,9,,saɪkɑːlədʒi,sɪbɹɪləmi
7151,psychopath,10,7,psychimath,7,,saɪkoʊpæθ,saɪkɪmæθ
7152,pub,3,3,pob,3,,pʌb,pɑːb
7153,puberty,7,8,puterby,8,,pjuːbɚɾi,pjuːɾɚbi
7154,public,6,6,pultic,6,,pʌblɪk,pʌltɪk
7155,publication,11,10,pubridative,10,,pʌblɪkeɪʃən,pʌbɹɪdətɪv
7156,publicity,9,9,publidiry,9,,pʌblɪsᵻɾi,pʌblɪdaɪɚɹi
7157,publicize,9,8,publocase,8,,pʌblɪsaɪz,pʌbləkeɪs
7158,publish,7,6,pultish,6,,pʌblɪʃ,pʌltɪʃ
7159,puck,4,3,pooge,3,,pʌk,puːdʒ
7160,pucker,6,5,purker,6,,pʌkɚ,pɜːkɚ
7161,pudding,7,5,poobbing,5,,pʊdɪŋ,puːbɪŋ
7162,puddle,6,4,purrle,5,,pʌdəl,pɜːl
7163,puff,4,3,pult,4,,pʌf,pʌlt
7164,puke,4,4,pume,4,,pjuːk,pjuːm
7165,pull,4,3,pulk,4,,pʊl,pʌlk
7166,pulley,6,4,purrey,4,,pʊli,pɜːɹi
7167,pullover,8,7,pullovar,7,,pʊloʊvɚ,pʊloʊvɑːɹ
7168,pulp,4,4,purb,4,,pʌlp,pɜːb
7169,pulpit,6,6,pudpot,6,,pʌlpɪt,pʌdpɑːt
7170,pulse,5,4,powth,3,,pʌls,paʊθ
7171,pulverize,9,8,pulvoraze,8,,pʌlvɚɹaɪz,pʌlvɔːɹeɪz
7172,pump,4,4,poomp,4,,pʌmp,puːmp
7173,pumpkin,7,7,pimpkun,7,,pʌmpkɪn,pɪmpkʌn
7174,pun,3,3,poost,4,,pʌn,puːst
7175,punch,5,4,pumes,5,,pʌntʃ,pjuːmz
7176,punctual,8,8,punctiol,8,,pʌŋktʃuːəl,pʌŋktɪɑːl
7177,punctuality,11,11,punctuanimy,11,,pʌŋktʃuːælᵻɾi,pʌŋktuːænɪmi
7178,punctuate,9,9,punctiase,8,,pʌŋktʃuːeɪt,pʌŋkʃɪeɪs
7179,punctuation,11,11,puncruative,10,,pʌŋktʃuːeɪʃən,pʌŋkɹuːətɪv
7180,puncture,8,7,punktule,8,,pʌŋktʃɚ,pʌŋktʃəl
7181,punish,6,5,pinish,5,,pʌnɪʃ,pɪnɪʃ
7182,punishment,10,9,punoshrent,9,,pʌnɪʃmənt,pʌnɑːʃɹənt
7183,punk,4,4,poish,3,,pʌŋk,pɔɪʃ
7184,pup,3,3,pum,3,,pʌp,pʌm
7185,pupil,5,6,popal,5,,pjuːpəl,poʊpəl
7186,puppet,6,5,pubbet,5,,pʌpɪt,pʌbɪt
7187,puppy,5,4,pubby,4,,pʌpi,pʌbi
7188,purchase,8,6,parchade,6,,pɜːtʃɪs,pɑːɹtʃeɪd
7189,pure,4,4,puth,3,,pjʊɹ,pʌθ
7190,purge,5,4,pusks,5,,pɜːdʒ,pʌsks
7191,purification,12,12,puriforalion,12,,pjʊɹɹɪfɪkeɪʃən,pjʊɹɹɪfɔːɹæliən
7192,purifier,8,9,purolien,9,,pjʊɹɹɪfaɪɚ,pjʊɹɹoʊliən
7193,purify,6,7,puromy,7,,pjʊɹɹᵻfaɪ,pjʊɹɹəmi
7194,purist,6,7,parust,6,,pjʊɹɹɪst,pɑːɹɹʌst
7195,puritan,7,9,purotin,8,,pjʊɹɹɪtən,pjʊɹɹətɪn
7196,purity,6,7,purony,7,,pjʊɹɹᵻɾi,pjʊɹɹəni
7197,purple,6,6,parble,6,,pɜːpəl,pɑːɹbəl
7198,purpose,7,6,parpase,6,,pɜːpəs,pɑːɹpeɪs
7199,purse,5,4,purns,5,,pɜːs,pɜːnz
7200,pursue,6,5,parsud,6,,pɚsuː,pɑːɹsʌd
7201,pursuit,7,6,parsait,6,,pɚsuːt,pɑːɹseɪt
7202,pus,3,3,zus,3,,pʌs,zʌs
7203,push,4,3,pute,4,,pʊʃ,pjuːt
7204,pussy,5,4,puzzy,4,,pʊsi,pʌzi
7205,pussyfoot,9,7,pussofeet,7,,pʊsɪfʊt,pʊsoʊfɪt
7206,put,3,3,poodge,3,,pʊt,puːdʒ
7207,putout,6,5,pitort,6,,pjuːɾaʊt,pɪɾɔːɹt
7208,putter,6,5,pugger,5,,pʊɾɚ,pʌɡɚ
7209,puzzle,6,5,puttle,5,,pʌzəl,pʌɾəl
7210,pygmy,5,5,pynmy,5,,pɪɡmi,pɪnmi
7211,pyramid,7,7,pyromud,7,,pɪɹɐmɪd,paɪɹəmʌd
7212,pyromania,9,9,pylominua,9,,paɪɹoʊmeɪniə,paɪləmɪnuːə
7213,python,6,5,paglon,6,,paɪθən,pæɡlɑːn
7214,quack,5,4,quock,4,,kwæk,kwɑːk
7215,quad,4,4,quap,4,,kwɑːd,kwæp
7216,quadrangle,10,10,quadrunple,10,,kwɑːdɹæŋɡəl,kwɑːdɹʌnpəl
7217,quadrangular,12,13,quadrengitar,12,,kwɑːdɹæŋɡjʊlɚ,kwɑːdɹəndʒɪɾɚ
7218,quadrant,8,8,quidrint,8,,kwɑːdɹənt,kwɪdɹɪnt
7219,quadratic,9,9,quadrotin,9,,kwɑːdɹæɾɪk,kwɑːdɹətɪn
7220,quadrilateral,13,13,quadrilitenal,13,,kwɑːdɹɪlæɾɚɹəl,kwɑːdɹɪlaɪtnəl
7221,quadruple,9,9,quadromle,9,,kwɑːdɹuːpəl,kwɑːdɹɑːməl
7222,quadruplet,10,10,quadroglet,10,,kwɑːdɹuːplɪt,kwɑːdɹɑːɡlɪt
7223,quaint,6,5,quaits,5,,kweɪnt,kweɪts
7224,quake,5,4,quate,4,,kweɪk,kweɪt
7225,quaker,6,6,qualer,6,,kweɪkɚ,kwɔlɚ
7226,qualification,13,12,qualiforalion,13,,kwɔlɪfɪkeɪʃən,kwɔlɪfɔːɹæliən
7227,qualify,7,7,qualomy,7,,kwɔlᵻfaɪ,kwɔləmi
7228,quality,7,7,qualory,7,,kwɔlᵻɾi,kwɔlɚɹi
7229,qualm,5,4,quarf,5,,kwɑːm,kwɑːɹf
7230,quantitative,12,11,quantulatics,12,,kwɔntᵻteɪɾɪv,kwɔntʃʊlæɾɪks
7231,quantity,8,8,quantomy,8,,kwɔntᵻɾi,kwɔntəmi
7232,quarantine,10,9,quarintone,9,,kwɔːɹəntiːn,kwɑːɹɹɪntoʊn
7233,quarrel,7,6,quammel,6,,kwɔːɹəl,kwæməl
7234,quart,5,5,quace,4,,kwɔːɹt,kweɪs
7235,quarter,7,7,qualper,7,,kwɔːɹɾɚ,kwɔlpɚ
7236,quarterly,9,9,quartormy,9,,kwɔːɹɾɚli,kwɔːɹɾɔːɹmi
7237,quartet,7,7,qualpet,7,,kwɔːɹtɛt,kwɔlpɪt
7238,quartz,6,6,quault,5,,kwɔːɹts,kwɔlt
7239,queasy,6,5,querby,6,,kwiːzi,kwɜːbi
7240,queer,5,4,queeg,4,,kwɪɹ,kwiːɡ
7241,quench,6,5,quence,5,,kwɛntʃ,kwɛns
7242,quest,5,5,quost,5,,kwɛst,kwɑːst
7243,question,8,7,quertoon,7,,kwɛstʃən,kwɜːtuːn
7244,questionnaire,13,9,questoonnaive,10,,kwɛstʃənɛɹ,kwɛstuːnaɪiːv
7245,quick,5,4,quink,5,,kwɪk,kwɪŋk
7246,quicken,7,6,quinken,7,,kwɪkən,kwɪŋkən
7247,quickie,7,5,quinkie,6,,kwɪki,kwɪŋki
7248,quiet,5,5,quiel,5,,kwaɪət,kwiːl
7249,quill,5,4,quoll,4,,kwɪl,kwɑːl
7250,quilt,5,5,quift,5,,kwɪlt,kwɪft
7251,quintuplet,10,11,quintoblet,10,,kwɪntuːplɪt,kwɪntɑːblət
7252,quirk,5,5,quish,4,,kwɜːk,kwɪʃ
7253,quit,4,4,quat,4,,kwɪt,kwæt
7254,quits,5,5,quipe,4,,kwɪts,kwaɪp
7255,quiver,6,6,quiben,6,,kwɪvɚ,kwaɪbən
7256,quiz,4,4,quiv,4,,kwɪz,kwɪv
7257,quota,5,5,quita,4,,kwoʊɾə,kiːɾə
7258,quotation,9,8,quototoon,8,,kwoʊteɪʃən,kwɑːɾətuːn
7259,quote,5,4,quole,4,,kwoʊt,kwoʊl
7260,quotient,8,7,quitaint,6,,kwoʊʃənt,kwɪteɪnt
7261,rabbi,5,4,ribbo,4,,ɹæbaɪ,ɹɪboʊ
7262,rabbit,6,5,ribbot,5,,ɹæbɪt,ɹɪbɑːt
7263,raccoon,7,5,rabsoon,6,,ɹækuːn,ɹæbsuːn
7264,race,4,3,rois,3,,ɹeɪs,ɹɔɪz
7265,racecourse,10,7,radegourse,7,,ɹeɪskɔːɹs,ɹeɪdɡɜːs
7266,racial,6,5,rofial,5,,ɹeɪʃəl,ɹoʊfɪəl
7267,racism,6,7,rocasm,7,,ɹeɪsɪzəm,ɹɑːkæzəm
7268,rack,4,3,roub,3,,ɹæk,ɹaʊb
7269,racketeer,9,7,rackoteem,7,,ɹækɪtɪɹ,ɹækoʊɾəm
7270,racquet,7,5,ricquen,6,,ɹækɪt,ɹɪkwən
7271,radar,5,5,rodur,5,,ɹeɪdɑːɹ,ɹɑːdjʊɹ
7272,radial,6,6,radoal,6,,ɹeɪdɪəl,ɹeɪdoʊl
7273,radiant,7,7,radaint,6,,ɹeɪdiənt,ɹeɪdeɪnt
7274,radiate,7,6,radoase,6,,ɹeɪdɪeɪt,ɹeɪdoʊs
7275,radiation,9,8,radualion,10,,ɹeɪdɪeɪʃən,ɹeɪduːæliən
7276,radiator,8,8,raduabor,8,,ɹeɪdɪeɪɾɚ,ɹeɪduːæbɚ
7277,radical,7,7,radomal,7,,ɹædɪkəl,ɹeɪdɑːməl
7278,radio,5,5,ramia,5,,ɹeɪdɪoʊ,ɹæmiə
7279,radioactivity,13,13,radioardicity,13,,ɹeɪdɪoʊæktɪvᵻɾi,ɹeɪdɪoʊɑːɹdɪsᵻɾi
7280,radiology,9,9,radialiny,9,,ɹeɪdɪɑːlədʒi,ɹeɪdɪælɪni
7281,radish,6,5,rodose,5,,ɹædɪʃ,ɹɑːdoʊs
7282,radium,6,6,rabiun,6,,ɹeɪdiəm,ɹæbɪʌn
7283,radius,6,6,rafios,6,,ɹeɪdɪəs,ɹæfɪoʊz
7284,raffle,6,5,rallel,5,,ɹæfəl,ɹælɛl
7285,raft,4,4,rard,4,,ɹæft,ɹɑːɹd
7286,rag,3,3,rab,3,,ɹæɡ,ɹæb
7287,rage,4,3,rabe,3,,ɹeɪdʒ,ɹeɪb
7288,ragged,6,5,rajjed,5,,ɹæɡᵻd,ɹɑːdʒdʒd
7289,ragtime,7,6,raytame,5,,ɹæɡtaɪm,ɹeɪɾeɪm
7290,raid,4,3,roid,3,,ɹeɪd,ɹɔɪd
7291,rail,4,3,reith,3,,ɹeɪl,ɹiːθ
7292,railing,7,5,roiling,5,,ɹeɪlɪŋ,ɹɔɪlɪŋ
7293,railroad,8,6,rainread,6,,ɹeɪlɹoʊd,ɹeɪnɹiːd
7294,rain,4,3,rawn,3,,ɹeɪn,ɹɔːn
7295,rainbow,7,5,reenber,6,,ɹeɪnboʊ,ɹiːɛnbɜː
7296,rainstorm,9,8,railstorn,8,,ɹeɪnstɔːɹm,ɹeɪlstɔːɹn
7297,rainy,5,4,roiny,4,,ɹeɪni,ɹɔɪni
7298,raise,5,3,rarce,4,,ɹeɪz,ɹɑːɹs
7299,raisin,6,5,roisun,5,,ɹeɪzən,ɹɔɪsʌn
7300,rake,4,3,rauk,3,,ɹeɪk,ɹɔːk
7301,rally,5,4,rolly,4,,ɹæli,ɹoʊli
7302,ram,3,3,rom,3,,ɹæm,ɹɑːm
7303,ramble,6,6,rimbly,7,,ɹæmbəl,ɹɪmbli
7304,ramp,4,4,roomp,4,,ɹæmp,ɹuːmp
7305,rampage,7,6,rimbage,6,,ɹæmpeɪdʒ,ɹɪmbɪdʒ
7306,rampant,7,7,rimpart,7,,ɹæmpənt,ɹɪmpɑːɹt
7307,ran,3,3,rin,3,,ɹæn,ɹɪn
7308,ranch,5,4,roinch,4,,ɹæntʃ,ɹɔɪntʃ
7309,random,6,6,raprom,6,,ɹændəm,ɹæpɹɑːm
7310,rang,4,3,rabs,4,,ɹæŋ,ɹæbz
7311,range,5,4,rarge,4,,ɹeɪndʒ,ɹɑːɹdʒ
7312,ranger,6,6,rungen,6,,ɹeɪndʒɚ,ɹʌndʒən
7313,rank,4,4,ronk,4,,ɹæŋk,ɹɔŋk
7314,ransack,7,6,rapsops,7,,ɹænsæk,ɹæpsəps
7315,ransom,6,6,rartom,6,,ɹænsəm,ɹɑːɹɾəm
7316,rap,3,3,rop,3,,ɹæp,ɹɑːp
7317,rape,4,3,ralt,4,,ɹeɪp,ɹɔlt
7318,rapid,5,5,ripid,5,,ɹæpɪd,ɹɪpɪd
7319,rapidity,8,8,ramidipy,8,,ɹæpɪdᵻɾi,ɹæmɪdɪpi
7320,rapidly,7,7,rapodry,7,,ɹæpɪdli,ɹæpɑːdɹi
7321,rapist,6,6,rasits,6,,ɹeɪpɪst,ɹæsɪts
7322,rare,4,3,rarl,4,,ɹɛɹ,ɹɑːɹl
7323,rarity,6,6,rarony,6,,ɹɛɹəɾi,ɹæɹəni
7324,rascal,6,6,rusdal,6,,ɹæskəl,ɹʌsdəl
7325,rash,4,3,rosh,3,,ɹæʃ,ɹɑːʃ
7326,rasp,4,4,rosp,4,,ɹæsp,ɹɑːsp
7327,raspberry,9,7,raspmerty,8,,ɹæsbɛɹi,ɹæspmɚɾi
7328,rat,3,3,rer,3,,ɹæt,ɹə
7329,rate,4,3,roish,3,,ɹeɪt,ɹɔɪʃ
7330,ratification,12,11,ratifomalion,12,,ɹæɾɪfɪkeɪʃən,ɹæɾɪfəmæliən
7331,ratify,6,6,ratomy,6,,ɹæɾᵻfaɪ,ɹæɾəmi
7332,rating,6,5,rafint,6,,ɹeɪɾɪŋ,ɹæfɪnt
7333,ratio,5,5,rotia,5,,ɹeɪʃɪoʊ,ɹoʊʃə
7334,ration,6,5,rotoon,5,,ɹæʃən,ɹoʊtuːn
7335,rational,8,7,ratoonal,7,,ɹæʃənəl,ɹætuːnəl
7336,rationale,9,7,ratoonase,7,,ɹæʃənæl,ɹætuːneɪs
7337,rationalism,11,10,rativealics,10,,ɹæʃənəlɪzəm,ɹæɾɪviːlɪks
7338,rationalistic,13,12,rativealostim,12,,ɹæʃənəlɪstɪk,ɹæɾɪviːlɑːstɪm
7339,rationality,11,10,rationolary,10,,ɹæʃənælᵻɾi,ɹæʃənoʊlɛɹi
7340,rationalize,11,8,ratoonasase,9,,ɹæʃənəlaɪz,ɹætuːnɐseɪs
7341,rattle,6,4,rawwle,5,,ɹæɾəl,ɹɔːwəl
7342,rattler,7,5,rabbler,6,,ɹætlɚ,ɹæblɚ
7343,rattlesnake,11,8,rattlisnare,9,,ɹæɾəlsneɪk,ɹætlɪsnɛɹ
7344,rattling,8,6,razzling,6,,ɹæɾəlɪŋ,ɹæzlɪŋ
7345,rattrap,7,7,raddrap,7,,ɹætɹæp,ɹædɹæp
7346,ravage,6,5,rafade,5,,ɹævɪdʒ,ɹæfeɪd
7347,rave,4,3,relch,4,,ɹeɪv,ɹɛltʃ
7348,raven,5,5,ragen,5,,ɹeɪvən,ɹeɪdʒən
7349,ravioli,7,7,radiola,7,,ɹævɪoʊli,ɹeɪdɪoʊlɑː
7350,ravish,6,5,ragise,5,,ɹævɪʃ,ɹædʒaɪz
7351,raw,3,2,rew,3,,ɹɔː,ɹɛw
7352,ray,3,2,roig,3,,ɹeɪ,ɹɔɪɡ
7353,razor,5,5,ruzen,5,,ɹeɪzɚ,ɹuːzən
7354,razorback,9,8,raborzack,8,,ɹeɪzɚbæk,ɹæbɔːɹzæk
7355,reach,5,3,zeach,3,,ɹiːtʃ,ziːtʃ
7356,react,5,5,roart,5,,ɹɪækt,ɹɔːɹt
7357,reaction,8,7,reabcoon,7,,ɹɪækʃən,ɹiːbkuːn
7358,reactive,8,7,reabtain,7,,ɹɪæktɪv,ɹiːbteɪn
7359,read,4,3,roud,3,,ɹiːd,ɹaʊd
7360,readability,11,10,readabalomy,10,,ɹiːdəbɪlᵻɾi,ɹiːdɐbæləmi
7361,readable,8,7,readabro,7,,ɹiːdəbəl,ɹiːdæbɹoʊ
7362,reading,7,5,reating,5,,ɹiːdɪŋ,ɹiːɾɪŋ
7363,ready,5,4,reaty,4,,ɹɛdi,ɹiːɾi
7364,real,4,4,reot,4,,ɹiːəl,ɹɪɑːt
7365,realism,7,8,reolusm,8,,ɹiːəlɪzəm,ɹɪɑːlʌzəm
7366,realistic,9,9,reolustin,9,,ɹiːəlɪstɪk,ɹɪɑːləstɪn
7367,reality,7,7,reolidy,7,,ɹɪælᵻɾi,ɹɪɑːlɪdi
7368,realization,11,10,rearibative,10,,ɹiːəlᵻzeɪʃən,ɹɪɹɪbətɪv
7369,realize,7,6,reasive,6,,ɹiːəlaɪz,ɹiːsɪv
7370,realm,5,4,reaux,5,,ɹɛlm,ɹoʊ
7371,realtor,7,7,reantar,7,,ɹiːəltɚ,ɹiːæntɚ
7372,realty,6,6,reanty,6,,ɹiːəlti,ɹiːənti
7373,reap,4,3,roop,3,,ɹiːp,ɹuːp
7374,rear,4,3,rure,4,,ɹɪɹ,ɹɪɹ
7375,reason,6,5,raebon,5,,ɹiːzən,ɹiːbən
7376,reasonable,10,9,reaseratle,9,,ɹiːzənəbəl,ɹiːsɹæɾəl
7377,reassure,8,6,reatture,7,,ɹiːəʃʊɹ,ɹiːɐtjʊɹ
7378,rebate,6,5,robase,5,,ɹiːbeɪt,ɹoʊbeɪs
7379,rebel,5,5,raben,5,,ɹɛbəl,ɹeɪbən
7380,rebellion,9,8,rebettion,8,,ɹᵻbɛliən,ɹᵻbɛtʃən
7381,rebirth,7,6,robarth,6,,ɹᵻbɜːθ,ɹoʊbɑːɹθ
7382,rebound,7,6,rofound,6,,ɹᵻbaʊnd,ɹɑːfaʊnd
7383,rebuttal,8,6,rebummal,7,,ɹᵻbʌɾəl,ɹᵻbʌməl
7384,recall,6,5,rocull,5,,ɹiːkɔːl,ɹɑːkʌl
7385,recap,5,5,rocup,5,,ɹᵻkæp,ɹɑːkʌp
7386,recede,6,5,rocade,5,,ɹᵻsiːd,ɹɑːkeɪd
7387,receipt,7,5,rocoopt,6,,ɹᵻsiːt,ɹɑːkuːpt
7388,receivable,10,9,receoviple,10,,ɹᵻsiːvəbəl,ɹᵻsɪɑːvɪpəl
7389,receive,7,5,rovieve,5,,ɹᵻsiːv,ɹoʊviːv
7390,recent,6,6,rocert,6,,ɹiːsənt,ɹoʊsɜːt
7391,receptacle,10,10,recentigle,10,,ɹᵻsɛptəkəl,ɹiːsəntɪɡəl
7392,reception,9,8,recoprion,9,,ɹᵻsɛpʃən,ɹᵻkɑːpɹiən
7393,receptive,9,8,recoptave,8,,ɹᵻsɛptɪv,ɹᵻkɑːpteɪv
7394,receptivity,11,11,receptavony,11,,ɹᵻsɪptɪvᵻɾi,ɹᵻsɛptɐvəni
7395,receptor,8,8,recoplor,8,,ɹᵻsɛptɚ,ɹᵻkɑːplɔːɹ
7396,recess,6,5,rocuss,5,,ɹiːsɛs,ɹɑːkʌs
7397,recession,9,7,recellion,8,,ɹᵻsɛʃən,ɹᵻsɛliən
7398,recessive,9,7,recellive,7,,ɹᵻsɛsɪv,ɹᵻsɛlɪv
7399,recipe,6,6,recome,6,,ɹɛsᵻpiː,ɹiːkʌm
7400,recipient,9,9,recopaint,8,,ɹᵻsɪpiənt,ɹᵻkɑːpeɪnt
7401,reciprocal,10,10,recirdomal,10,,ɹᵻsɪpɹəkəl,ɹᵻsɜːdɑːməl
7402,recital,7,6,recutan,7,,ɹᵻsaɪɾəl,ɹᵻkətæn
7403,recitation,10,9,recimative,9,,ɹᵻsɪteɪʃən,ɹᵻsɪmətɪv
7404,recite,6,5,rocate,5,,ɹᵻsaɪt,ɹɑːkeɪt
7405,reckless,8,6,relftess,7,,ɹɛkləs,ɹᵻlftɛs
7406,reckon,6,5,ruckon,5,,ɹɛkən,ɹʌkən
7407,reclaim,7,6,roclomb,6,,ɹᵻkleɪm,ɹɑːklɑːm
7408,recline,7,6,roscone,6,,ɹᵻklaɪn,ɹɑːskoʊn
7409,recognition,11,10,recotnutive,11,,ɹɛkəɡnɪʃən,ɹᵻkɑːtnuːtɪv
7410,recognize,9,8,recofnase,8,,ɹɛkəɡnaɪz,ɹᵻkɑːfneɪs
7411,recoil,6,5,rocoid,5,,ɹᵻkɔɪl,ɹɑːkɔɪd
7412,recollect,9,8,recottect,8,,ɹɛkəlɛkt,ɹᵻkɑːɾɛkt
7413,recollection,12,10,recoppeclion,11,,ɹɛkəlɛkʃən,ɹᵻkəpɛkliən
7414,recommend,9,8,recollend,8,,ɹɛkəmɛnd,ɹᵻkɑːlɛnd
7415,reconcile,9,8,recordile,8,,ɹɛkənsaɪl,ɹᵻkɔːɹdaɪl
7416,reconciliation,14,13,reconcinearion,13,,ɹɛkənsɪlɪeɪʃən,ɹɛkənsɪnɪɹiən
7417,reconsider,10,10,recormidel,10,,ɹiːkənsɪdɚ,ɹᵻkɔːɹmɪdəl
7418,reconstruct,11,11,recomstrame,10,,ɹiːkənstɹʌkt,ɹiːkəmstɹeɪm
7419,record,6,6,regose,5,,ɹɛkɚd,ɹᵻɡoʊs
7420,recorder,8,8,recarden,8,,ɹᵻkɔːɹdɚ,ɹᵻkɑːɹdən
7421,recording,9,8,recarding,8,,ɹᵻkɔːɹdɪŋ,ɹᵻkɑːɹdɪŋ
7422,recount,7,6,roclunt,7,,ɹᵻkaʊnt,ɹɑːklʌnt
7423,recover,7,7,recoher,7,,ɹᵻkʌvɚ,ɹᵻkoʊhɚ
7424,recreate,8,7,recroase,7,,ɹiːkɹiːeɪt,ɹᵻkɹoʊs
7425,recreation,10,9,recleative,9,,ɹɛkɹiːeɪʃən,ɹᵻkliəɾɪv
7426,recreative,10,9,recroalive,9,,ɹɛkɹiətɪv,ɹᵻkɹoʊlɪv
7427,recruit,7,6,rocreit,6,,ɹᵻkɹuːt,ɹɑːkɹeɪt
7428,rectal,6,6,rocdal,6,,ɹɛktəl,ɹɑːkdəl
7429,rectangle,9,9,rectongly,9,,ɹɛktæŋɡəl,ɹɛktɑːŋli
7430,rectangular,11,12,rectergilas,11,,ɹɛktæŋɡjʊlɚ,ɹɛktɚdʒɪləz
7431,rectify,7,7,rectoly,7,,ɹɛktᵻfaɪ,ɹɛktɑːli
7432,rectum,6,6,redpum,6,,ɹɛktəm,ɹɛdpəm
7433,recuperate,10,9,reciparase,9,,ɹᵻkjuːpɚɹeɪt,ɹᵻsɪpɐɹeɪz
7434,red,3,3,rud,3,,ɹɛd,ɹʌd
7435,reddish,7,5,rezzish,5,,ɹɛdɪʃ,ɹɛzɪʃ
7436,redeem,6,5,rodeen,5,,ɹᵻdiːm,ɹoʊdən
7437,redemption,10,9,redimptoon,9,,ɹᵻdɛmpʃən,ɹᵻdɪmptuːn
7438,redistrict,10,10,redirtruct,10,,ɹiːdɪstɹɪkt,ɹiːdɜːtɹʌkt
7439,redskin,7,7,ridskan,7,,ɹɛdskɪn,ɹɪdskən
7440,reduce,6,6,rodace,5,,ɹᵻduːs,ɹɑːdeɪs
7441,reduction,9,8,redictive,8,,ɹᵻdʌkʃən,ɹᵻdɪktɪv
7442,redundancy,10,10,redenranly,10,,ɹᵻdʌndənsi,ɹiːdɛnɹənli
7443,reef,4,3,rouf,3,,ɹiːf,ɹuːf
7444,reek,4,3,reeg,3,,ɹiːk,ɹiːɡ
7445,refer,5,5,rofar,5,,ɹᵻfɜː,ɹɑːfɑːɹ
7446,referable,9,9,refelagle,9,,ɹᵻfɜːɹəbəl,ɹᵻfɛlæɡəl
7447,referee,7,6,reforoo,6,,ɹɛfɚɹiː,ɹᵻfɔːɹuː
7448,reference,9,8,reforerce,8,,ɹɛfɹəns,ɹᵻfɔːɹəs
7449,refill,6,5,rofull,5,,ɹᵻfɪl,ɹɑːfʊl
7450,refine,6,5,rofune,6,,ɹᵻfaɪn,ɹɑːfjuːn
7451,refinement,10,9,refonerent,9,,ɹᵻfaɪnmənt,ɹᵻfoʊnɹənt
7452,refinery,8,8,refilony,8,,ɹᵻfaɪnɚɹi,ɹᵻfɪləni
7453,reflect,7,7,roflert,7,,ɹᵻflɛkt,ɹɑːflɚt
7454,reflection,10,9,refliclion,10,,ɹᵻflɛkʃən,ɹᵻflɪkliən
7455,reflex,6,7,roflux,7,,ɹiːflɛks,ɹɑːflʌks
7456,reflexive,9,9,refluxave,9,,ɹᵻflɛksɪv,ɹᵻflʌkseɪv
7457,reform,6,6,rofort,6,,ɹᵻfɔːɹm,ɹɑːfɔːɹt
7458,reformation,11,10,refarmotive,10,,ɹᵻfɔːɹmeɪʃən,ɹᵻfɑːɹmoʊtɪv
7459,reformatory,11,11,reformotany,11,,ɹᵻfɔːɹmətɔːɹi,ɹᵻfɔːɹmətəni
7460,reformer,8,8,refarmen,8,,ɹᵻfɔːɹmɚ,ɹᵻfɑːɹmɛn
7461,refrain,7,6,roflain,6,,ɹᵻfɹeɪn,ɹɑːfleɪn
7462,refresh,7,6,roflosh,6,,ɹᵻfɹɛʃ,ɹɑːflɑːʃ
7463,refrigerate,11,10,refricoraze,10,,ɹᵻfɹɪdʒɚɹeɪt,ɹᵻfɹɪkɔːɹeɪz
7464,refuge,6,6,rebuce,6,,ɹɛfjuːdʒ,ɹᵻbjuːs
7465,refugee,7,7,refoteem,7,,ɹɛfjuːdʒiː,ɹᵻfoʊɾəm
7466,refund,6,6,refunt,6,,ɹᵻfʌnd,ɹᵻfʌnt
7467,refuse,6,6,rofick,5,,ɹᵻfjuːz,ɹɑːfɪk
7468,regain,6,5,rogait,5,,ɹᵻɡeɪn,ɹɑːɡeɪt
7469,regenerate,10,9,regurolaze,9,,ɹiːdʒɛnɚɹeɪt,ɹᵻɡjʊɹɹəleɪz
7470,region,6,5,rogiom,6,,ɹiːdʒən,ɹoʊdʒɪəm
7471,regional,8,7,redional,8,,ɹiːdʒənəl,ɹᵻdɪɑːnəl
7472,register,8,8,regostar,8,,ɹɛdʒɪstɚ,ɹᵻɡɑːstɑːɹ
7473,registration,12,11,regimstative,11,,ɹɛdʒɪstɹeɪʃən,ɹɛdʒɪmstətɪv
7474,registry,8,8,regospry,8,,ɹɛdʒɪstɹi,ɹᵻɡɑːspɹi
7475,regress,7,6,rograss,6,,ɹᵻɡɹɛs,ɹɑːɡɹæs
7476,regret,6,6,roglit,6,,ɹᵻɡɹɛt,ɹɑːɡlɪt
7477,regular,7,8,regolor,7,,ɹɛɡjʊlɚ,ɹᵻɡɑːlɚ
7478,regularity,10,11,regulorany,11,,ɹɛɡjʊlæɹᵻɾi,ɹɛɡjʊlɔːɹəni
7479,regularize,10,10,regucarist,11,,ɹɛɡjʊlɚɹaɪz,ɹᵻɡjuːkɐɹɪst
7480,regulate,8,8,regolale,7,,ɹɛɡjʊleɪt,ɹᵻɡɑːleɪl
7481,regulation,10,10,regulimive,10,,ɹɛɡjʊleɪʃən,ɹɛɡjʊlɪmɪv
7482,regurgitate,11,10,regerpinate,10,,ɹᵻɡɜːdʒᵻteɪt,ɹᵻdʒɜːpᵻneɪt
7483,rehabilitate,12,11,rehabolatale,11,,ɹᵻhɐbɪlᵻteɪt,ɹᵻhæbəlæɾeɪl
7484,rehearsal,9,8,repearsan,8,,ɹᵻhɜːsəl,ɹᵻpɪɹsən
7485,rehearse,8,6,rohearve,6,,ɹᵻhɜːs,ɹoʊhɪɹv
7486,reimburse,9,8,reamturse,8,,ɹiːɪmbɜːs,ɹiːmtɜːs
7487,reincarnate,11,10,reimcesdate,10,,ɹiːɪŋkɑːɹneɪt,ɹiːɪmsɛzdeɪt
7488,reincarnation,13,12,reincornolion,13,,ɹiːɪŋkɑːɹneɪʃən,ɹiːɪŋkɔːɹnoʊliən
7489,reindeer,8,6,reendoor,6,,ɹeɪndɪɹ,ɹiːɛndoʊɚ
7490,reinforce,9,8,reimfarce,8,,ɹiːɪnfɔːɹs,ɹiːɪmfɑːɹs
7491,reject,6,6,rojest,6,,ɹᵻdʒɛkt,ɹoʊdʒɪst
7492,rejoice,7,5,rojuice,6,,ɹᵻdʒɔɪs,ɹɑːdʒuːs
7493,rejuvenate,10,9,rejavutate,9,,ɹᵻdʒuːvəneɪt,ɹᵻdʒævjuːteɪt
7494,relapse,7,6,rolipse,6,,ɹᵻlæps,ɹɑːlɪps
7495,relate,6,5,rolake,5,,ɹᵻleɪt,ɹɑːleɪk
7496,relation,8,7,relotive,7,,ɹᵻleɪʃən,ɹᵻlɑːɾɪv
7497,relative,8,7,relomive,7,,ɹɛlətɪv,ɹᵻlɑːmɪv
7498,relativity,10,10,relatavony,11,,ɹɛlətɪvᵻɾi,ɹᵻlæɾɐvəni
7499,relax,5,6,rolof,5,,ɹᵻlæks,ɹɑːlɑːf
7500,relaxation,10,11,relarative,9,,ɹᵻlɐkseɪʃən,ɹᵻlæɹətɪv
7501,relay,5,4,rolap,5,,ɹiːleɪ,ɹɑːlæp
7502,release,7,5,roleave,5,,ɹᵻliːs,ɹoʊleɪv
7503,relevance,9,8,relorance,8,,ɹɛlᵻvəns,ɹᵻlɔːɹəns
7504,relevant,8,8,relorant,8,,ɹɛlᵻvənt,ɹᵻlɔːɹənt
7505,reliable,8,8,reloiple,8,,ɹᵻlaɪəbəl,ɹᵻlɔɪpəl
7506,reliance,8,7,relaonce,7,,ɹᵻlaɪəns,ɹᵻleɪɑːns
7507,relic,5,5,rolid,5,,ɹɛlɪk,ɹɑːlɪd
7508,relief,6,5,rolieb,5,,ɹᵻliːf,ɹoʊlɪb
7509,relieve,7,5,roliere,5,,ɹᵻliːv,ɹoʊliɛɹ
7510,religion,8,7,relorion,8,,ɹᵻlɪdʒən,ɹᵻlɔːɹiən
7511,religious,9,7,relopious,8,,ɹᵻlɪdʒəs,ɹᵻloʊpiəs
7512,relinquish,10,9,relonguish,9,,ɹᵻlɪŋkwɪʃ,ɹᵻlɔŋɡwɪʃ
7513,relish,6,5,rolise,5,,ɹɛlɪʃ,ɹɑːlaɪz
7514,reluctance,10,9,relicpance,9,,ɹᵻlʌktəns,ɹᵻlɪkpəns
7515,rely,4,4,rory,4,,ɹᵻlaɪ,ɹɔːɹi
7516,remain,6,5,romaid,5,,ɹᵻmeɪn,ɹɑːmeɪd
7517,remark,6,6,romurk,6,,ɹᵻmɑːɹk,ɹɑːmɜːk
7518,remarkable,10,10,remateably,9,,ɹᵻmɑːɹkəbəl,ɹᵻmeɪɾəbli
7519,remedial,8,8,remorial,8,,ɹᵻmiːdɪəl,ɹᵻmɔːɹɪəl
7520,remedy,6,6,remoty,6,,ɹɛmədi,ɹᵻmɑːɾi
7521,remember,8,8,remumben,8,,ɹᵻmɛmbɚ,ɹᵻmʌmbən
7522,remind,6,6,romink,6,,ɹᵻmaɪnd,ɹɑːmɪŋk
7523,remission,9,7,remussoon,7,,ɹᵻmɪʃən,ɹᵻməsuːn
7524,remittance,10,7,remillance,8,,ɹᵻmɪtəns,ɹᵻmɪləns
7525,remnant,7,7,romnint,7,,ɹɛmnənt,ɹɑːmnɪnt
7526,remodel,7,6,remadel,7,,ɹᵻmɑːdəl,ɹᵻmeɪdəl
7527,remorse,7,6,romorps,7,,ɹᵻmɔːɹs,ɹɑːmɔːɹps
7528,remote,6,5,romope,5,,ɹᵻmoʊt,ɹɑːmoʊp
7529,removal,7,7,remaven,7,,ɹᵻmuːvəl,ɹᵻmeɪvən
7530,remove,6,5,romore,5,,ɹᵻmuːv,ɹɑːmɔːɹ
7531,renaissance,11,8,renaillance,8,,ɹɛnəsɑːns,ɹᵻneɪləns
7532,render,6,6,rundar,6,,ɹɛndɚ,ɹʌndɑːɹ
7533,rendezvous,10,7,rendizvoun,9,,ɹɑːndɪvuː,ɹɛndɪzvaʊn
7534,renegade,8,7,renogale,7,,ɹɛnəɡeɪd,ɹᵻnɑːɡeɪl
7535,renew,5,5,ronex,6,,ɹᵻnuː,ɹoʊnɛks
7536,renovate,8,7,renivale,7,,ɹɛnəveɪt,ɹᵻnɪveɪl
7537,renovation,10,9,renobative,9,,ɹɛnəveɪʃən,ɹᵻnɑːbətɪv
7538,renovator,9,9,renobamor,9,,ɹɛnəveɪɾɚ,ɹᵻnɑːbæmɚ
7539,rent,4,4,ront,4,,ɹɛnt,ɹɔnt
7540,rental,6,5,rintal,6,,ɹɛntəl,ɹɪntəl
7541,reorganize,10,9,reoldanive,9,,ɹɪɔːɹɡənaɪz,ɹɪoʊldɐnaɪv
7542,repair,6,5,ropaid,5,,ɹᵻpɛɹ,ɹɑːpeɪd
7543,repay,5,4,ropar,5,,ɹᵻpeɪ,ɹɑːpɑːɹ
7544,repeal,6,5,ropeam,6,,ɹᵻpiːl,ɹoʊpæm
7545,repeat,6,5,ropear,5,,ɹᵻpiːt,ɹoʊpɑːɹ
7546,repel,5,5,robel,5,,ɹᵻpɛl,ɹoʊbəl
7547,repetition,10,9,repegitive,9,,ɹɛpətɪʃən,ɹᵻpɛdʒᵻtɪv
7548,repetitive,10,9,reperition,9,,ɹᵻpɛɾᵻtɪv,ɹᵻpɪɹɪʃən
7549,replace,7,6,roprace,6,,ɹᵻpleɪs,ɹɑːpɹeɪs
7550,replacement,11,10,replucemint,10,,ɹᵻpleɪsmənt,ɹᵻpluːsɪmɪnt
7551,replenish,9,8,replinesh,8,,ɹᵻplɛnɪʃ,ɹɛplaɪnəʃ
7552,replica,7,7,replocu,7,,ɹɛplɪkə,ɹᵻplɑːkuː
7553,reply,5,5,robly,5,,ɹᵻplaɪ,ɹɑːbli
7554,report,6,6,robove,5,,ɹᵻpɔːɹt,ɹoʊboʊv
7555,repossess,9,7,repaddess,7,,ɹᵻpəzɛs,ɹᵻpædɛs
7556,represent,9,9,reprosish,8,,ɹɛpɹᵻzɛnt,ɹᵻpɹɑːsɪʃ
7557,reproach,8,6,roploach,6,,ɹᵻpɹoʊtʃ,ɹɑːploʊtʃ
7558,reproduce,9,9,repremuce,9,,ɹᵻpɹəduːs,ɹᵻpɹɛmjuːs
7559,reptile,7,6,ruptale,6,,ɹɛptaɪl,ɹʌpteɪl
7560,republic,8,8,repultic,8,,ɹᵻpʌblɪk,ɹᵻpʌltɪk
7561,repulse,7,6,rogulse,6,,ɹᵻpʌls,ɹɑːɡʌls
7562,repulsion,9,8,repolrion,9,,ɹᵻpʌlʃən,ɹᵻpɑːlɹiən
7563,repulsive,9,8,repolsite,8,,ɹᵻpʌlsɪv,ɹᵻpɑːlsaɪt
7564,reputation,10,10,repubative,10,,ɹɛpjuːteɪʃən,ɹᵻpjuːbətɪv
7565,request,7,7,roquist,7,,ɹᵻkwɛst,ɹɑːkwɪst
7566,require,7,7,rotrite,6,,ɹᵻkwaɪɚ,ɹɑːtɹaɪt
7567,rerun,5,5,roran,5,,ɹᵻɹʌn,ɹɔːɹən
7568,resale,6,5,rosade,5,,ɹiːseɪl,ɹɑːseɪd
7569,rescue,6,6,redpue,6,,ɹɛskjuː,ɹɛdpjuː
7570,research,8,6,rosearse,6,,ɹᵻsɜːtʃ,ɹoʊzɑːɹs
7571,resemblance,11,10,resumplance,10,,ɹᵻzɛmbləns,ɹᵻsʌmpləns
7572,resent,6,6,rosish,5,,ɹᵻzɛnt,ɹɑːsɪʃ
7573,reservation,11,10,resorgative,9,,ɹɛzɚveɪʃən,ɹᵻzɔːɹɡətɪv
7574,reserve,7,6,rosarve,6,,ɹɪzɜːv,ɹɑːsɑːɹv
7575,reserved,8,7,roselved,7,,ɹɪzɜːvd,ɹoʊzəlvd
7576,reservoir,9,9,resordoir,9,,ɹɛzɚvwɑːɹ,ɹᵻzɔːɹdwɑːɹ
7577,reside,6,5,rosude,6,,ɹᵻsaɪd,ɹɑːsuːd
7578,residence,9,8,resomence,8,,ɹɛzᵻdəns,ɹᵻzoʊməns
7579,residential,11,10,resigendiar,10,,ɹɛzᵻdɛnʃəl,ɹᵻsaɪdʒəndaɪɚ
7580,residue,7,7,resolue,7,,ɹɛsɪduː,ɹɛzəluː
7581,resign,6,5,rosion,6,,ɹɪzaɪn,ɹoʊʒən
7582,resignation,11,10,resimlative,10,,ɹɛzɪɡneɪʃən,ɹᵻsɪmlətɪv
7583,resigned,8,6,rosammed,6,,ɹɪzaɪnd,ɹɑːsæmd
7584,resin,5,5,rusid,5,,ɹɛzɪn,ɹuːsɪd
7585,resist,6,6,robits,6,,ɹᵻzɪst,ɹɑːbɪts
7586,resistor,8,8,resuslor,8,,ɹᵻsɪstɚ,ɹᵻsʌslɚ
7587,resolution,10,9,resolative,9,,ɹɛzəluːʃən,ɹᵻzɑːlətɪv
7588,resolve,7,6,rosalve,6,,ɹᵻzɑːlv,ɹoʊzælv
7589,resort,6,6,roboin,5,,ɹᵻzɔːɹt,ɹoʊbɔɪn
7590,resource,8,6,rosooked,6,,ɹᵻsɔːɹs,ɹɑːsʊkt
7591,respect,7,7,rospert,7,,ɹᵻspɛkt,ɹɑːspɚt
7592,respectable,11,11,restricatle,11,,ɹᵻspɛktəbəl,ɹᵻstɹɪkæɾəl
7593,respective,10,9,respictave,9,,ɹᵻspɛktɪv,ɹᵻspɪkteɪv
7594,respiration,11,10,resmilative,10,,ɹɛspᵻɹeɪʃən,ɹᵻsmɪlətɪv
7595,respirator,10,10,respurinor,10,,ɹᵻspɪɹeɪɾɚ,ɹᵻspjʊɹɹɪnɚ
7596,respiratory,11,11,respirotany,11,,ɹɛspɹətɔːɹi,ɹᵻspɪɹoʊtəni
7597,respond,7,7,rospand,7,,ɹᵻspɑːnd,ɹɑːspænd
7598,response,8,7,rospanse,7,,ɹᵻspɑːns,ɹɑːspæns
7599,responsibility,14,14,responsobalory,14,,ɹᵻspɑːnsəbɪlᵻɾi,ɹᵻspɑːnsəbælɚɹi
7600,responsible,11,11,respirlinle,11,,ɹᵻspɑːnsᵻbəl,ɹᵻspɜːlɪnəl
7601,rest,4,4,rell,3,,ɹɛst,ɹɛl
7602,restaurant,10,9,restanment,10,,ɹɛstɹɑːnt,ɹᵻstænmənt
7603,restless,8,7,ristness,7,,ɹɛstləs,ɹɪstnəs
7604,restoration,11,10,restucative,10,,ɹɛstɚɹeɪʃən,ɹᵻstuːkətɪv
7605,restore,7,6,roshond,7,,ɹᵻstɔːɹ,ɹɑːʃɑːnd
7606,restrain,8,7,rostraid,7,,ɹᵻstɹeɪn,ɹɑːstɹeɪd
7607,restraint,9,8,rostraink,8,,ɹᵻstɹeɪnt,ɹɑːstɹeɪŋk
7608,restrict,8,8,rostruct,8,,ɹᵻstɹɪkt,ɹɑːstɹʌkt
7609,restriction,11,10,restructoon,10,,ɹᵻstɹɪkʃən,ɹᵻstɹəktuːn
7610,result,6,6,rosilt,6,,ɹɪzʌlt,ɹɑːsɪlt
7611,resultant,9,8,resaltart,9,,ɹɪzʌltənt,ɹᵻzɔltɑːɹt
7612,resulting,9,8,remulting,8,,ɹɪzʌltɪŋ,ɹᵻmʌltɪŋ
7613,resume,6,5,rosame,5,,ɹᵻzuːm,ɹəsɑːmɛ
7614,resurrect,9,8,resummect,8,,ɹᵻsɚɹɛkt,ɹᵻsʌmɛkt
7615,resuscitate,11,9,resiscanate,10,,ɹᵻsʌsᵻteɪt,ɹᵻsɪskɐneɪt
7616,retail,6,5,rotine,5,,ɹiːteɪl,ɹoʊtiːn
7617,retain,6,5,rotail,5,,ɹᵻteɪn,ɹoʊɾeɪl
7618,retake,6,5,rotame,5,,ɹᵻteɪk,ɹoʊɾeɪm
7619,retaliate,9,8,retiliant,9,,ɹᵻtælɪeɪt,ɹɛɾɪliənt
7620,retard,6,6,rotark,6,,ɹᵻtɑːɹd,ɹoʊɾɑːɹk
7621,retina,6,5,retonu,6,,ɹɛtɪnə,ɹᵻtɑːnuː
7622,retire,6,6,roture,6,,ɹᵻtaɪɚ,ɹɑːtʃɚ
7623,retort,6,6,roturt,6,,ɹᵻtɔːɹt,ɹɑːɾɜːt
7624,retouch,7,5,rotoule,5,,ɹᵻtʌtʃ,ɹoʊɾuːl
7625,retrace,7,6,rotrake,6,,ɹᵻtɹeɪs,ɹɑːtɹeɪk
7626,retract,7,7,rotrart,7,,ɹᵻtɹækt,ɹɑːtɹɑːɹt
7627,retreat,7,6,rotreal,6,,ɹᵻtɹiːt,ɹɑːtɹiːəl
7628,retrieve,8,6,rotrieth,6,,ɹᵻtɹiːv,ɹɑːtɹiəθ
7629,retrospect,10,10,retruspict,10,,ɹɛtɹəspɛkt,ɹᵻtɹʌspɪkt
7630,return,6,6,roburn,6,,ɹᵻtɜːn,ɹɑːbɜːn
7631,reunion,7,8,reolion,7,,ɹiːjuːniən,ɹɪoʊliən
7632,reveal,6,5,roveat,6,,ɹᵻviːl,ɹoʊvæt
7633,revelation,10,9,revelotive,9,,ɹɛvɪleɪʃən,ɹɛvɪlɑːɾɪv
7634,revenge,7,6,roverge,6,,ɹᵻvɛndʒ,ɹoʊvɜːdʒ
7635,revenue,7,7,revonun,7,,ɹɛvənuː,ɹᵻvɑːnʌn
7636,reverence,9,8,revorerce,8,,ɹɛvɚɹəns,ɹᵻvɔːɹəs
7637,reversal,8,8,revornal,8,,ɹᵻvɜːsəl,ɹᵻvɔːɹnəl
7638,reverse,7,6,rovarse,6,,ɹᵻvɜːs,ɹɑːvɑːɹs
7639,review,6,5,romiew,5,,ɹᵻvjuː,ɹoʊmjuː
7640,revise,6,5,rovase,5,,ɹᵻvaɪz,ɹɑːveɪs
7641,revitalization,14,12,revitulazirion,14,,ɹᵻvaɪɾəlᵻzeɪʃən,ɹᵻvɪtʃəlɐzɪɹiən
7642,revitalize,10,8,repinalise,9,,ɹᵻvaɪɾəlaɪz,ɹᵻpɪnəlaɪz
7643,revival,7,7,revovan,7,,ɹᵻvaɪvəl,ɹᵻvɑːvæn
7644,revive,6,5,rovave,5,,ɹᵻvaɪv,ɹɑːveɪv
7645,revoke,6,5,rovake,5,,ɹᵻvoʊk,ɹɑːveɪk
7646,revolt,6,6,rovinct,7,,ɹᵻvoʊlt,ɹɑːvɪŋkt
7647,revolution,10,9,revomutive,9,,ɹɛvəluːʃən,ɹᵻvɑːmjuːtɪv
7648,revolve,7,6,rovalve,6,,ɹᵻvɑːlv,ɹoʊvælv
7649,revolver,8,8,revilven,8,,ɹᵻvɑːlvɚ,ɹᵻvɪlvən
7650,revulsion,9,8,revilsoon,8,,ɹᵻvʌlʃən,ɹᵻvɪlsuːn
7651,reward,6,6,roword,6,,ɹᵻwɔːɹd,ɹoʊɜːd
7652,rheumatism,10,9,rheumitize,7,,ɹuːmətɪzəm,ɹuːmɪtaɪz
7653,rhinestone,10,7,rhunestane,7,,ɹaɪnstoʊn,ɹuːnɪsteɪn
7654,rhinoceros,10,9,rhinoretus,9,,ɹaɪnɑːsɚɹəs,ɹaɪnɔːɹɛɾəs
7655,rhombus,7,6,rhimbis,6,,ɹɑːmbəs,ɹɪmbɪs
7656,rhubarb,7,6,rhymerb,6,,ɹuːbɑːɹb,ɹaɪmɜːb
7657,rhyme,5,3,rhyke,3,,ɹaɪm,ɹaɪk
7658,rhythm,6,5,rhuthm,5,,ɹɪðəm,ɹuːθəm
7659,rhythmic,8,6,rhymenic,6,,ɹɪðmɪk,ɹaɪmnɪk
7660,rib,3,3,yib,3,,ɹɪb,jɪb
7661,ribbon,6,5,rillon,5,,ɹɪbən,ɹɪlən
7662,rice,4,3,riek,4,,ɹaɪs,ɹiːk
7663,rich,4,3,ruch,3,,ɹɪtʃ,ɹʌtʃ
7664,riches,6,5,ruchen,5,,ɹɪtʃᵻz,ɹʌtʃən
7665,rid,3,3,yid,3,,ɹɪd,jɪd
7666,riddle,6,4,ribble,5,,ɹɪdəl,ɹɪbəl
7667,ride,4,3,rimp,4,,ɹaɪd,ɹɪmp
7668,rider,5,5,roder,5,,ɹaɪdɚ,ɹoʊdɚ
7669,ridge,5,3,ringe,4,,ɹɪdʒ,ɹɪŋɡ
7670,ridicule,8,8,ridocale,7,,ɹɪdɪkjuːl,ɹɪdəkeɪl
7671,ridiculous,10,10,rificunous,10,,ɹɪdɪkjʊləs,ɹɪfɪkʌnəs
7672,riding,6,5,roding,5,,ɹaɪdɪŋ,ɹoʊdɪŋ
7673,rifle,5,5,ragle,5,,ɹaɪfəl,ɹæɡəl
7674,rigging,7,5,ritting,5,,ɹɪɡɪŋ,ɹɪɾɪŋ
7675,right,5,3,rirge,4,,ɹaɪt,ɹɜːdʒ
7676,righteous,9,5,rutcheous,5,,ɹaɪtʃəs,ɹʌtʃiəs
7677,rightful,8,6,rutchtul,6,,ɹaɪtfəl,ɹʌtʃtʌl
7678,rigid,5,5,rogid,5,,ɹɪdʒɪd,ɹɑːdʒɪd
7679,rigidity,8,8,rigilicy,8,,ɹɪdʒɪdᵻɾi,ɹɪdʒɪlɪsi
7680,rigidly,7,7,rigodry,7,,ɹɪdʒɪdli,ɹɪɡɑːdɹi
7681,rigor,5,5,rogiur,5,,ɹɪɡɚ,ɹoʊdʒɪɜː
7682,rim,3,3,roim,3,,ɹɪm,ɹɔɪm
7683,ring,4,3,rint,4,,ɹɪŋ,ɹɪnt
7684,ringleader,10,8,ringleazer,8,,ɹɪŋɡliːdɚ,ɹɪŋɡliːzɚ
7685,rink,4,4,zaink,4,,ɹɪŋk,zeɪŋk
7686,rinse,5,4,rifes,4,,ɹɪns,ɹaɪfs
7687,riot,4,4,ruol,4,,ɹaɪət,rjuːɑːl
7688,rip,3,3,riep,4,,ɹɪp,ɹiːp
7689,ripe,4,3,rith,3,,ɹaɪp,ɹɪθ
7690,ripen,5,5,rapen,5,,ɹaɪpən,ɹeɪpən
7691,ripple,6,5,rimmle,5,,ɹɪpəl,ɹɪməl
7692,rise,4,3,rilt,4,,ɹaɪz,ɹɪlt
7693,risen,5,5,rusen,5,,ɹɪzən,ɹuːsən
7694,rising,6,5,rosing,5,,ɹaɪzɪŋ,ɹoʊzɪŋ
7695,risk,4,4,rask,4,,ɹɪsk,ɹæsk
7696,ritual,6,6,rimoal,6,,ɹɪtʃuːəl,ɹɪmoʊl
7697,ritualistic,11,12,rituilustim,11,,ɹɪtʃuːəlɪstɪk,ɹɪɾuːɪlʌstɪm
7698,rival,5,5,rovel,5,,ɹaɪvəl,ɹoʊvəl
7699,rivalry,7,7,rivolzy,7,,ɹaɪvəlɹi,ɹɪvɑːlzi
7700,river,5,5,riter,5,,ɹɪvɚ,ɹaɪɾɚ
7701,rivet,5,5,rovet,5,,ɹɪvɪt,ɹɑːvɪt
7702,road,4,3,zoad,3,,ɹoʊd,zoʊd
7703,roam,4,3,roax,4,,ɹoʊm,ɹoʊks
7704,roar,4,3,roin,3,,ɹɔːɹ,ɹɔɪn
7705,roast,5,4,roath,3,,ɹoʊst,ɹoʊθ
7706,rob,3,3,rog,3,,ɹɑːb,ɹɑːɡ
7707,robber,6,5,rozzer,5,,ɹɑːbɚ,ɹɑːzɚ
7708,robbery,7,6,robbeny,6,,ɹɑːbɚɹi,ɹɑːbɛni
7709,robe,4,3,zobe,3,,ɹoʊb,zoʊb
7710,robin,5,5,romid,5,,ɹɑːbɪn,ɹɑːmɪd
7711,robot,5,5,rabat,5,,ɹoʊbɑːt,ɹæbæt
7712,robust,6,6,rebist,6,,ɹoʊbʌst,ɹᵻbɪst
7713,rock,4,3,rogs,4,,ɹɑːk,ɹɑːɡz
7714,rocker,6,5,ricken,5,,ɹɑːkɚ,ɹɪkən
7715,rocket,6,5,rickat,5,,ɹɑːkɪt,ɹɪkæt
7716,rod,3,3,rieth,4,,ɹɑːd,ɹiːθ
7717,rodent,6,5,redint,6,,ɹoʊdənt,ɹᵻdɪnt
7718,rodeo,5,5,romea,5,,ɹoʊdɪoʊ,ɹoʊmiə
7719,roe,3,2,ree,2,,ɹoʊ,ɹiː
7720,roger,5,5,rugen,5,,ɹɑːdʒɚ,ɹuːdʒən
7721,rogue,5,3,roits,4,,ɹoʊɡ,ɹɔɪts
7722,role,4,3,rolt,4,,ɹoʊl,ɹoʊlt
7723,roller,6,5,rommer,5,,ɹoʊlɚ,ɹɑːmɚ
7724,roman,5,5,rumin,5,,ɹoʊmən,ɹuːmɪn
7725,romance,7,6,remarce,6,,ɹoʊmæns,ɹᵻmɑːɹs
7726,Romanian,8,8,Romorian,8,,ɹoʊmeɪniən,ɹəmɔːɹiən
7727,romantic,8,8,romintac,8,,ɹoʊmæntɪk,ɹɑːmɪntæk
7728,romanticism,11,12,romintacasm,12,,ɹoʊmæntɪsɪzəm,ɹɑːmɪntækæzəm
7729,romp,4,4,roms,4,,ɹɑːmp,ɹɑːmz
7730,roof,4,3,roong,3,,ɹuːf,ɹuːŋ
7731,rookie,6,4,roogie,4,,ɹʊki,ɹʊɡi
7732,room,4,3,raich,3,,ɹuːm,ɹeɪtʃ
7733,roommate,8,6,reammase,6,,ɹuːmeɪt,ɹiːæmeɪs
7734,roost,5,4,zoost,4,,ɹuːst,zuːst
7735,rooster,7,6,reesper,6,,ɹuːstɚ,ɹiːɛspɜː
7736,root,4,3,roit,3,,ɹuːt,ɹɔɪt
7737,rope,4,3,rofe,3,,ɹoʊp,ɹoʊf
7738,rose,4,3,roke,3,,ɹoʊz,ɹoʊk
7739,roster,6,6,risten,6,,ɹɑːstɚ,ɹɪsən
7740,rosy,4,4,rofy,4,,ɹoʊzi,ɹoʊfaɪ
7741,rot,3,3,roz,3,,ɹɑːt,ɹɑːz
7742,rotary,6,6,romany,6,,ɹoʊɾɚɹi,ɹoʊməni
7743,rotate,6,5,rutake,5,,ɹoʊteɪt,ɹuːɾeɪk
7744,rotation,8,7,romatoon,7,,ɹoʊteɪʃən,ɹɑːmɐtuːn
7745,rotator,7,7,romapor,7,,ɹoʊteɪɾɚ,ɹɑːmæpɚ
7746,rote,4,3,rodge,3,,ɹoʊt,ɹɑːdʒ
7747,rotten,6,4,rozzen,5,,ɹɑːʔn̩,ɹɑːzən
7748,rough,5,3,roulth,4,,ɹʌf,ɹoʊlθ
7749,roughage,8,5,reaseage,5,,ɹʌfɪdʒ,ɹiːsɪdʒ
7750,round,5,4,rount,4,,ɹaʊnd,ɹaʊnt
7751,roundabout,10,8,roundapoot,8,,ɹaʊndɐbaʊt,ɹaʊndɐpuːt
7752,roundup,7,6,rourtum,6,,ɹaʊndʌp,ɹɜːɾəm
7753,rouse,5,3,rease,3,,ɹaʊz,ɹiːs
7754,routine,7,5,roatane,5,,ɹuːtiːn,ɹoʊteɪn
7755,rowboat,7,5,rawbout,5,,ɹoʊboʊt,ɹɔːbaʊt
7756,rowdy,5,4,rawby,4,,ɹaʊdi,ɹɔːbi
7757,royal,5,4,rical,5,,ɹɔɪəl,ɹɪkəl
7758,rub,3,3,rilch,4,,ɹʌb,ɹɪltʃ
7759,rubber,6,5,rupper,5,,ɹʌbɚ,ɹʌpɚ
7760,rubbish,7,5,ruffish,5,,ɹʌbɪʃ,ɹʌfɪʃ
7761,rubble,6,5,rupple,5,,ɹʌbəl,ɹʌpəl
7762,ruby,4,4,ropy,4,,ɹuːbi,ɹoʊpi
7763,rude,4,3,rupe,3,,ɹuːd,ɹuːp
7764,ruffed,6,4,rudged,4,,ɹʌft,ɹʌdʒd
7765,ruffle,6,5,runnle,5,,ɹʌfəl,ɹʌnəl
7766,rug,3,3,rux,4,,ɹʌɡ,ɹʌks
7767,rugby,5,5,rigby,5,,ɹʌɡbi,ɹɪɡbi
7768,rugged,6,5,ruzzed,5,,ɹʌɡᵻd,ɹʌzd
7769,ruin,4,4,roen,4,,ɹuːɪn,ɹoʊn
7770,rule,4,3,roche,3,,ɹuːl,ɹɑːtʃ
7771,ruler,5,5,rooner,5,,ɹuːlɚ,ɹuːnɚ
7772,rumble,6,6,rimtle,6,,ɹʌmbəl,ɹɪmtəl
7773,rummage,7,5,ruppage,5,,ɹʌmɪdʒ,ɹʌpɪdʒ
7774,rumor,5,5,romar,5,,ɹuːmɚ,ɹɑːmɚ
7775,rump,4,4,raum,3,,ɹʌmp,ɹaʊm
7776,run,3,3,rielve,5,,ɹʌn,ɹiːlv
7777,runabout,8,7,runapoot,7,,ɹʌnɐbaʊt,ɹʌnɐpuːt
7778,runaround,9,8,runalouse,7,,ɹʌnɐɹaʊnd,ɹʌnɐlaʊs
7779,runaway,7,6,runawop,7,,ɹʌnəweɪ,ɹʌnæwəp
7780,rundown,7,6,rindoid,6,,ɹʌndaʊn,ɹaɪndɔɪd
7781,rung,4,3,rudge,3,,ɹʌŋ,ɹʌdʒ
7782,running,7,5,rupping,5,,ɹʌnɪŋ,ɹʌpɪŋ
7783,runny,5,4,ruzzy,4,,ɹʌni,ɹʌzi
7784,runoff,6,5,rinaff,5,,ɹʌnɔf,ɹɪnæf
7785,runt,4,4,rish,3,,ɹʌnt,ɹɪʃ
7786,runway,6,5,rinwoy,5,,ɹʌnweɪ,ɹɪnwɔɪ
7787,rupture,7,6,raptude,7,,ɹʌptʃɚ,ɹæptuːd
7788,rural,5,5,rorul,5,,ɹʊɹɹəl,ɹɔːɹʌl
7789,rush,4,3,ruke,4,,ɹʌʃ,ɹuːk
7790,Russian,7,5,Rullian,6,,ɹʌʃən,ɹʌliən
7791,rust,4,4,rost,4,,ɹʌst,ɹɑːst
7792,rustic,6,6,ructif,6,,ɹʌstɪk,ɹʌktɪf
7793,rustle,6,5,risple,6,,ɹʌsəl,ɹɪspəl
7794,Sabbath,7,5,Subbith,5,,sæbəθ,sʌbbɪθ
7795,sabotage,8,7,sabatale,7,,sæbətɑːʒ,sæbɐteɪl
7796,saccharin,9,7,sacchunin,7,,sækɚɹɪn,sækuːnɪn
7797,sack,4,3,sows,3,,sæk,soʊz
7798,sacred,6,6,sicrad,6,,seɪkɹɪd,sɪkɹæd
7799,sacrifice,9,8,sacroface,8,,sækɹᵻfaɪs,sækɹəfeɪs
7800,sacrificial,11,10,sacraditial,11,,sækɹɪfɪʃəl,sækɹɐdɪʃəl
7801,sacrilegious,12,10,sacramecious,11,,sækɹɪlɪdʒəs,sækɹeɪmʃəs
7802,sad,3,3,zoot,3,,sæd,zuːt
7803,sadden,6,4,sabben,5,,sædən,sæbən
7804,saddle,6,4,saffle,5,,sædəl,sæfəl
7805,sadist,6,6,sidust,6,,seɪdɪst,sɪdʌst
7806,sadistic,8,8,sadustin,8,,sɐdɪstɪk,sædəstɪn
7807,safe,4,3,sarf,4,,seɪf,sɑːɹf
7808,safety,6,5,satefy,5,,seɪfti,seɪtfaɪ
7809,sag,3,2,sig,3,,sæɡ,sɪɡ
7810,saga,4,4,sogu,4,,sɑːɡə,sɑːɡuː
7811,sage,4,3,sawl,3,,seɪdʒ,sɔːl
7812,said,4,3,sarp,4,,sɛd,sɑːɹp
7813,sailboat,8,6,sainbort,7,,seɪlboʊt,seɪnbɔːɹt
7814,sailor,6,5,sainor,5,,seɪlɚ,seɪnɚ
7815,saint,5,4,saste,4,,seɪnt,sæst
7816,sake,4,3,sodge,3,,seɪk,sɑːdʒ
7817,salad,5,5,solud,5,,sæləd,sɑːljuːd
7818,salamander,10,10,salominrer,10,,sælɐmændɚ,sæləmɪnɹə
7819,salami,6,6,salofi,6,,sɐlɑːmi,sæloʊfi
7820,salary,6,6,salopy,6,,sælɚɹi,sæləpi
7821,sale,4,3,sark,4,,seɪl,sɑːɹk
7822,salesgirl,9,8,sapesgirt,8,,seɪlsɡɜːl,seɪpsɡɜːt
7823,saliva,6,6,salovo,6,,səlaɪvə,sælʌvoʊ
7824,salivary,8,8,salivery,8,,sælɪvɛɹi,sælɪvɛɹi
7825,salmon,6,5,silmun,6,,sæmən,sɪlmʌn
7826,saloon,6,5,soleen,5,,sɐluːn,soʊlən
7827,salt,4,4,sooft,4,,sɔlt,suːft
7828,salutation,10,10,salunative,10,,sæluːteɪʃən,sæluːnətɪv
7829,salute,6,5,solate,5,,səluːt,sɑːleɪt
7830,salvage,7,6,silvase,6,,sælvɪdʒ,sɪlveɪs
7831,salvation,9,8,salvotoon,8,,sælveɪʃən,sælvətuːn
7832,sample,6,6,simdle,6,,sæmpəl,sɪmdəl
7833,sanctify,8,8,sanctony,8,,sæŋktᵻfaɪ,sæŋktəni
7834,sanction,8,7,sinctoon,7,,sæŋkʃən,sɪŋktuːn
7835,sanctuary,9,10,sancmuaty,10,,sæŋktjuːɛɹi,sæŋkmjuːəɾi
7836,sand,4,4,soond,4,,sænd,suːnd
7837,sandal,6,5,sundol,6,,sændəl,sʌndɑːl
7838,sandals,7,6,sunjals,7,,sændəlz,sʌndʒəlz
7839,sandbank,8,8,sankband,8,,sændbæŋk,sæŋkbænd
7840,sandman,7,7,sankmun,7,,sændmən,sæŋkmʌn
7841,sandpaper,9,9,sandpopar,9,,sændpeɪpɚ,sændpəpɑːɹ
7842,sandwich,8,7,sankwosh,7,,sændwɪtʃ,sæŋkwɑːʃ
7843,sane,4,3,sare,3,,seɪn,sɛɹ
7844,sang,4,3,sams,4,,sæŋ,sæmz
7845,sanitarium,10,10,sanitorior,9,,sænɪtɛɹiəm,sænɪtɔːɹɪɚ
7846,sanitary,8,8,sanibary,8,,sænətɛɹi,sænɪbɛɹi
7847,sanitation,10,9,sanilative,9,,sænɪteɪʃən,sænɪlətɪv
7848,sanitize,8,7,sanotase,7,,sænɪtaɪz,sænəteɪs
7849,sanity,6,6,sanory,6,,sænᵻɾi,sænɚɹi
7850,sank,4,4,sonk,4,,sæŋk,sɔŋk
7851,sap,3,3,sar,3,,sæp,sɑːɹ
7852,sapphire,8,6,supphure,6,,sæfaɪɚ,səfjʊɹ
7853,sappy,5,4,sabby,4,,sæpi,sæbi
7854,sarcasm,7,8,surcism,8,,sɑːɹkæzəm,sɜːsɪzəm
7855,sarcastic,9,9,sarcostin,9,,sɑːɹkæstɪk,sɑːɹkɔstɪn
7856,sardine,7,6,surdane,6,,sɑːɹdiːn,sɜːdeɪn
7857,sash,4,3,samp,4,,sæʃ,sæmp
7858,sassy,5,4,sutty,4,,sæsi,sʌɾi
7859,sat,3,3,sadge,3,,sæt,sædʒ
7860,Satan,5,4,Sotar,5,,seɪtən,sɑːɾɚ
7861,satchel,7,5,sutchen,5,,sætʃəl,sʌtʃən
7862,satellite,9,6,satollate,7,,sæɾəlaɪt,sæɾəleɪt
7863,satin,5,4,sutin,5,,sætɪn,suːtɪn
7864,satire,6,6,sutide,5,,sæɾaɪɚ,suːɾaɪd
7865,satisfaction,12,11,satusfictive,11,,sæɾɪsfækʃən,sæɾəsfɪktɪv
7866,satisfy,7,7,satosly,7,,sæɾɪsfaɪ,sæɾɑːsli
7867,saturate,8,7,satorale,7,,sætʃɚɹeɪt,sæɾɔːɹeɪl
7868,saturation,10,9,satunative,9,,sætʃɚɹeɪʃən,sætuːnətɪv
7869,Saturday,8,7,Satormay,7,,sæɾɚdeɪ,sæɾɔːɹmeɪ
7870,sauce,5,3,saifs,4,,sɔːs,seɪfs
7871,saucepan,8,6,sarcepin,7,,sɔːspən,sɑːɹsɪpɪn
7872,saucer,6,5,sarcen,6,,sɔːsɚ,sɑːɹsən
7873,sauerkraut,10,8,sarseflaut,8,,saʊɚkɹaʊt,sɑːɹsɪflaʊt
7874,sausage,7,5,suldage,6,,sɔːsɪdʒ,sʌldɪdʒ
7875,savage,6,5,sulade,5,,sævɪdʒ,suːleɪd
7876,save,4,3,sive,3,,seɪv,saɪv
7877,savior,6,6,saniong,6,,seɪvjɚ,sæniəŋɡ
7878,savor,5,5,sovar,5,,seɪvɚ,sɑːvɑːɹ
7879,saw,3,2,sab,3,,sɔː,sæb
7880,sawdust,7,6,safrust,7,,sɔːdʌst,sæfɹʌst
7881,saxophone,9,8,saxiphane,8,,sæksəfoʊn,sæksɪfeɪn
7882,say,3,2,saz,3,,seɪ,sæz
7883,scaffold,8,7,scarfoke,7,,skæfoʊld,skɑːɹfoʊk
7884,scald,5,5,scarn,5,,skɑːld,skɑːɹn
7885,scale,5,4,scaze,4,,skeɪl,skeɪz
7886,scaleless,9,6,scadeness,7,,skeɪlləs,skeɪdnəs
7887,scalp,5,5,scafe,4,,skælp,skeɪf
7888,scalpel,7,7,scatdel,7,,skælpəl,skætdəl
7889,scan,4,4,scap,4,,skæn,skæp
7890,scandal,7,6,scinnal,6,,skændəl,sɪnəl
7891,Scandinavian,12,12,scandonubiat,12,,skændɪneɪviən,skændənuːbɪæt
7892,scant,5,5,scont,5,,skænt,skɔnt
7893,scapegoat,9,7,scategort,8,,skeɪpɡoʊt,skæɾɪɡəət
7894,scar,4,4,snar,4,,skɑːɹ,snɑːɹ
7895,scarce,6,5,scarbs,6,,skɛɹs,skɑːɹbz
7896,scarcely,8,7,scurcely,7,,skɛɹsli,skɜːsli
7897,scarcity,8,8,scarcory,8,,skɛɹsᵻɾi,skɛɹsɚɹi
7898,scare,5,4,scave,4,,skɛɹ,skeɪv
7899,scarecrow,9,7,scurecraw,8,,skɛɹkɹoʊ,skjʊɹɹɪkɹɔː
7900,scarf,5,5,scash,4,,skɑːɹf,skæʃ
7901,scarlet,7,7,scurler,7,,skɑːɹlɪt,skɜːlɚ
7902,scatter,7,6,scadder,6,,skæɾɚ,skædɚ
7903,scavenge,8,7,scoverge,7,,skævɪndʒ,skʌvɚdʒ
7904,scavenger,9,9,scavonmer,9,,skævɪndʒɚ,skævɑːnmɚ
7905,scene,5,3,swene,4,,siːn,swiːn
7906,scenery,7,6,scenofy,6,,siːnɚɹi,sɛnəfaɪ
7907,scenic,6,5,sconid,6,,siːnɪk,skɑːnɪd
7908,schedule,8,6,schodude,7,,skɛdʒuːl,skɑːdʒuːd
7909,scheme,6,4,schels,6,,skiːm,ʃɛlz
7910,schizophrenia,13,12,schizopraclio,13,,skɪtsəfɹɛniə,skɪtsəpɹæklɪoʊ
7911,schizophrenic,13,12,schizostranis,13,,skɪtsəfɹɛnɪk,skɪtsəstɹɑːniz
7912,scholar,7,6,schaler,6,,skɑːlɚ,ʃeɪlɚ
7913,scholastic,10,9,scholistac,9,,skəlæstɪk,skɑːlɪstæk
7914,school,6,4,schook,4,,skuːl,skʊk
7915,science,7,5,slierns,6,,saɪəns,slɪɹnz
7916,scientific,10,9,scionrifin,9,,saɪəntɪfɪk,saɪənɹɪfɪn
7917,scientist,9,8,sciantast,8,,saɪəntɪst,saɪəntæst
7918,scissors,8,6,sciffors,6,,sɪsɚz,sɪfɔːɹs
7919,scold,5,5,scoil,4,,skoʊld,skɔɪl
7920,scoop,5,4,scieb,5,,skuːp,siːb
7921,scooter,7,6,scoomer,6,,skuːɾɚ,skuːmɚ
7922,scope,5,4,scoth,4,,skoʊp,skɑːθ
7923,scorch,6,5,scooth,4,,skɔːɹtʃ,skuːθ
7924,score,5,4,sconk,5,,skɔːɹ,skɔŋk
7925,scorn,5,5,scoin,4,,skɔːɹn,skɔɪn
7926,scorpion,8,8,scorbian,8,,skɔːɹpiən,skɔːɹbiən
7927,scotch,6,4,scotes,5,,skɑːtʃ,skoʊts
7928,Scottish,8,6,Scobbish,6,,skɑːɾɪʃ,skɑːbɪʃ
7929,scour,5,5,scoun,4,,skaʊɚ,skaʊn
7930,scout,5,4,slout,4,,skaʊt,slaʊt
7931,scowl,5,4,scowdge,4,,skaʊl,skaʊdʒ
7932,scrabble,8,7,scraddle,7,,skɹæbəl,skɹædəl
7933,scramble,8,8,scrimdle,8,,skɹæmbəl,skɹɪmdəl
7934,scrap,5,5,scran,5,,skɹæp,skɹæn
7935,scrape,6,5,scroom,5,,skɹeɪp,skɹuːm
7936,scratch,7,5,scrangs,6,,skɹætʃ,skɹæŋz
7937,scrawny,7,6,scrimby,7,,skɹɔːni,skɹɪmbi
7938,scream,6,5,screeth,5,,skɹiːm,skɹiːθ
7939,screech,7,5,screce,5,,skɹiːtʃ,skɹiːs
7940,screen,6,5,squeen,5,,skɹiːn,skwiːn
7941,screw,5,4,scrow,4,,skɹuː,skɹoʊ
7942,screwdriver,11,10,screwdruder,10,,skɹuːdɹaɪvɚ,skɹuːdɹuːdɚ
7943,screws,6,5,screve,5,,skɹuːz,skɹiːv
7944,scribble,8,7,scrobbly,7,,skɹɪbəl,skɹɑːbli
7945,scribe,6,5,scrobe,5,,skɹaɪb,skɹoʊb
7946,script,6,6,scroopt,6,,skɹɪpt,skɹuːpt
7947,scripture,9,8,scruptude,9,,skɹɪptʃɚ,skɹʌptuːd
7948,scroll,6,5,scrogs,6,,skɹoʊl,skɹɑːɡz
7949,scrotum,7,7,scritub,7,,skɹoʊɾəm,skɹɪɾʌb
7950,scrub,5,5,strub,5,,skɹʌb,stɹʌb
7951,scuba,5,5,scobu,5,,skuːbə,skɑːbuː
7952,scuffle,7,6,scuddle,6,,skʌfəl,skʌdəl
7953,scull,5,4,snull,4,,skʌl,snʌl
7954,sculptor,8,8,scalpton,8,,skʌlptɚ,skælptən
7955,sculpture,9,8,scalptare,8,,skʌlptʃɚ,skælptɛɹ
7956,scurry,6,5,scuggy,5,,skɜːɹi,skʌɡi
7957,seagull,7,5,sengall,6,,siːɡʌl,sɛŋɡɔːl
7958,seal,4,4,seow,3,,siːl,sɪoʊ
7959,sealskin,8,8,soalskan,7,,siːlskɪn,soʊlskən
7960,seamstress,10,8,soamstriss,8,,siːmstɹəs,soʊmstɹɪs
7961,seaplane,8,6,senplene,7,,siːpleɪn,sɛnpliːn
7962,search,6,4,searls,5,,sɜːtʃ,sɪɹlz
7963,seashore,8,5,senshare,6,,siːʃɔːɹ,sɛnʃɛɹ
7964,season,6,5,sensan,6,,siːzən,sɛnsən
7965,seat,4,3,seor,4,,siːt,sɪɔːɹ
7966,seaward,7,6,senword,7,,siːwɚd,sɛnwɜːd
7967,seaweed,7,5,senweek,6,,siːwiːd,sɛnwiːk
7968,seclude,7,6,socrude,6,,sᵻkluːd,sɑːkɹuːd
7969,second,6,6,seyord,6,,sɛkənd,seɪɔːɹd
7970,secondary,9,9,secostady,9,,sɛkəndɚɹi,sɛkɔstædi
7971,secondhand,10,10,secindhind,10,,sɛkəndhænd,sɛsɪndhaɪnd
7972,secrecy,7,7,secromy,7,,siːkɹᵻsi,sɛkɹəmi
7973,secret,6,6,sochet,5,,siːkɹᵻt,sɑːtʃɪt
7974,secretarial,11,11,secbetalial,11,,sɛkɹɪtɛɹɪəl,sɛkbɪteɪlɪəl
7975,secretariat,11,11,secdetaliam,11,,sɛkɹɪtɛɹɪæt,sɛkdɪteɪliəm
7976,secretary,9,9,secromary,9,,sɛkɹətɹi,sɛkɹəmɛɹi
7977,secrete,7,6,socrote,6,,sᵻkɹiːt,sɑːkɹoʊt
7978,secretion,9,8,secrotoon,8,,sᵻkɹiːʃən,sɛkɹoʊtuːn
7979,secretive,9,8,secrotave,8,,siːkɹətɪv,sɛkɹoʊteɪv
7980,section,7,6,sentive,6,,sɛkʃən,sɛntɪv
7981,secular,7,8,secomar,7,,sɛkjʊlɚ,sɛkɑːmɚ
7982,secure,6,6,socune,6,,sᵻkjʊɹ,sɑːkjuːn
7983,security,8,9,secanipy,8,,sᵻkjʊɹɹᵻɾi,sɛkɐnɪpi
7984,sedan,5,5,sodin,5,,sᵻdæn,sɑːdɪn
7985,sedate,6,5,sodake,5,,sᵻdeɪt,sɑːdeɪk
7986,sedation,8,7,seditoon,7,,sɛdeɪʃən,sɪdɪtuːn
7987,sedative,8,7,sedotale,7,,sɛdətɪv,sɛdəteɪl
7988,sediment,8,8,sedorent,8,,sɛdɪmənt,sɛdɔːɹənt
7989,sedimentary,11,11,sedimintony,11,,sɛdɪmɛntɚɹi,sɛdᵻmɪntəni
7990,seduce,6,6,sodace,5,,sᵻduːs,sɑːdeɪs
7991,see,3,2,zee,2,,siː,ziː
7992,seed,4,3,soodge,3,,siːd,suːdʒ
7993,seek,4,3,seesh,3,,siːk,siːʃ
7994,seem,4,3,soom,3,,siːm,suːm
7995,seemly,6,5,seeply,5,,siːmli,siːpli
7996,seesaw,6,4,saesow,4,,siːsɔː,siːsoʊ
7997,segment,7,7,sigmint,7,,sɛɡmənt,sɪɡmɪnt
7998,segregate,9,8,segrogale,8,,sɛɡɹɪɡeɪt,sɛɡɹəɡeɪl
7999,segregation,11,10,secrogetive,10,,sɛɡɹɪɡeɪʃən,sɛkɹoʊdʒtɪv
8000,seize,5,3,sooze,3,,siːz,suːz
8001,seizure,7,5,sendure,6,,siːʒɚ,sɛndʒɚ
8002,seldom,6,6,sendim,6,,sɛldəm,sɛndɪm
8003,select,6,6,solede,5,,sᵻlɛkt,soʊld
8004,selection,9,8,selictoon,8,,sᵻlɛkʃən,sɛlɪktuːn
8005,self,4,4,seldge,4,,sɛlf,sɛldʒ
8006,selfish,7,6,sulfist,7,,sɛlfɪʃ,sʌlfɪst
8007,sell,4,3,zell,3,,sɛl,zɛl
8008,semantic,8,8,semintac,8,,səmæntɪk,sɛmɪntæk
8009,semen,5,5,somin,5,,siːmən,sɑːmɪn
8010,semester,8,8,semisten,8,,səmɛstɚ,sɛmɪsən
8011,semicolon,9,9,semitolen,9,,sɛmɪkoʊlən,sɛmɪtoʊlən
8012,semifinal,9,8,semibical,9,,sɛmɪfaɪnəl,sɛmɪbɪkəl
8013,seminar,7,7,semolar,7,,sɛmɪnɑːɹ,sɛmoʊlɚ
8014,seminary,8,8,semifary,8,,sɛmɪnɛɹi,sɛmɪfɛɹi
8015,senate,6,5,sonade,5,,sɛnət,sɑːneɪd
8016,senator,7,7,serumor,7,,sɛnəɾɚ,sɛɹuːmɚ
8017,send,4,4,selt,4,,sɛnd,sɛlt
8018,senile,6,5,sonale,5,,siːnaɪl,soʊneɪl
8019,senior,6,6,sonior,5,,siːnjɚ,soʊnjɚ
8020,seniority,9,9,sefeerony,8,,siːnɪɔːɹᵻɾi,sɛfɪɹəni
8021,sensation,9,8,sensotoon,8,,sɛnseɪʃən,sɛnsətuːn
8022,sense,5,4,selps,5,,sɛns,sɛlps
8023,sensibility,11,11,sensibolamy,11,,sɛnsəbɪlᵻɾi,sɛnsɪbɑːlæmi
8024,sensible,8,8,sensople,8,,sɛnsᵻbəl,sɛnsɑːpəl
8025,sensitive,9,8,sensotave,8,,sɛnsᵻtɪv,sɛnsəteɪv
8026,sensitivity,11,11,sensitavony,11,,sɛnsɪtɪvᵻɾi,sɛnsɪtævəni
8027,sensitize,9,8,sensotase,8,,sɛnsɪtaɪz,sɛnsəteɪs
8028,sensor,6,6,sonsom,6,,sɛnsɚ,sɑːnsəm
8029,sensory,7,7,senlomy,7,,sɛnsɚɹi,sɛnləmi
8030,sensual,7,7,sencuat,7,,sɛnʃuːəl,sɛŋkjuːæt
8031,sensuality,10,11,sensuanimy,11,,sɛnʃuːælᵻɾi,sɛnsuːænɪmi
8032,sensually,9,8,sensianny,8,,sɛnʃuːəli,sɛnsiəni
8033,sensuous,8,7,sencuous,8,,sɛnsjuːəs,sɛŋkjuːəs
8034,sentence,8,7,sertenes,7,,sɛntəns,sɜːtiːnz
8035,sentiment,9,9,sentorent,9,,sɛntɪmənt,sɛntɔːɹənt
8036,sentimental,11,10,sentodencal,11,,sɛntɪmɛntəl,sɛntoʊdɛŋkəl
8037,separable,9,9,sepolamle,9,,sɛpɚɹəbəl,sɛpəlæməl
8038,separate,8,7,seporale,7,,sɛpɹət,sɛpɔːɹeɪl
8039,separation,10,9,sepacative,9,,sɛpɚɹeɪʃən,sɛpɐkətɪv
8040,September,9,9,Septimben,9,,sɛptɛmbɚ,sɛptɪmbən
8041,sequel,6,6,soquil,6,,siːkwəl,sɑːkwɪl
8042,sequence,8,7,soquerce,7,,siːkwəns,sɑːkwɚs
8043,sequin,6,6,siquid,6,,siːkwɪn,sɪkwɪd
8044,sergeant,8,7,surgrant,8,,sɑːɹdʒənt,sɜːɡɹənt
8045,series,6,5,sorios,6,,sɪɹiz,sɔːɹɪoʊz
8046,serious,7,6,sefioos,6,,sɪɹiəs,sɛfɪuːz
8047,sermon,6,6,sarmin,6,,sɜːmən,sɑːɹmɪn
8048,serpent,7,7,sesdent,7,,sɜːpənt,sɛzdənt
8049,serum,5,5,sorim,5,,sɛɹəm,sɔːɹɪm
8050,servant,7,7,selfand,7,,sɜːvənt,sɛlfænd
8051,serve,5,4,selch,4,,sɜːv,sɛltʃ
8052,service,7,6,sorvide,6,,sɜːvɪs,sɔːɹvaɪd
8053,sesame,6,6,sesope,6,,sɛsɐmi,sɛsoʊp
8054,set,3,3,seth,3,,sɛt,sɛθ
8055,setback,7,6,seltack,6,,sɛtbæk,sɛltæk
8056,settle,6,4,sekkle,5,,sɛɾəl,sɛkəl
8057,settlement,10,8,settlorent,9,,sɛɾəlmənt,sɛtlɔːɹənt
8058,settler,7,6,sebbler,6,,sɛtlɚ,sɛblɚ
8059,seven,5,5,suven,5,,sɛvən,suːvən
8060,seventeen,9,8,severmeen,8,,sɛvəntiːn,sɛvɚmiːn
8061,seventy,7,7,severny,7,,sɛvənti,sɛvɚni
8062,sever,5,5,suver,5,,sɛvɚ,suːvɚ
8063,several,7,7,sevuran,7,,sɛvɹəl,sɛvjʊɹɹən
8064,severe,6,5,sovese,5,,sᵻvɪɹ,soʊviːz
8065,sew,3,2,soong,3,,soʊ,suːŋ
8066,sewage,6,4,sowade,5,,suːɪdʒ,soʊəd
8067,sewer,5,4,sawen,5,,suːɚ,sɔːn
8068,sewing,6,4,seming,5,,soʊɪŋ,sɛmɪŋɡ
8069,sex,3,4,soosh,3,,sɛks,suːʃ
8070,sexual,6,7,sexoac,7,,sɛkʃuːəl,sɛksoʊk
8071,sexuality,9,10,sexuanimy,11,,sɛkʃuːælᵻɾi,sɛkʃuːænɪmi
8072,sexually,8,8,sexoanny,8,,sɛkʃuːəli,sɛksoʊni
8073,shabby,6,4,shappy,4,,ʃæbi,ʃæpi
8074,shack,5,3,shans,4,,ʃæk,ʃænz
8075,shackle,7,5,shickle,5,,ʃækəl,ʃɪkəl
8076,shade,5,3,shamp,4,,ʃeɪd,ʃæmp
8077,shading,7,5,shuding,5,,ʃeɪdɪŋ,ʃjuːdɪŋ
8078,shadow,6,4,shidaw,4,,ʃædoʊ,ʃɪdɔː
8079,shaft,5,4,shaze,3,,ʃæft,ʃeɪz
8080,shag,4,3,shog,3,,ʃæɡ,ʃɑːɡ
8081,shake,5,3,shate,3,,ʃeɪk,ʃeɪt
8082,shaken,6,5,shuker,5,,ʃeɪkən,ʃjuːkɚ
8083,shaky,5,4,shuky,4,,ʃeɪki,ʃʌki
8084,shallow,7,4,sharrow,4,,ʃæloʊ,ʃæɹoʊ
8085,shaman,6,5,shumin,5,,ʃæmən,ʃjuːmɪn
8086,shamble,7,6,shimkle,6,,ʃæmbəl,ʃɪmkəl
8087,shame,5,3,shart,4,,ʃeɪm,ʃɑːɹt
8088,shampoo,7,5,shimboo,5,,ʃæmpuː,ʃɪmbuː
8089,shamrock,8,6,slamrack,7,,ʃæmɹɑːk,slæmɹæk
8090,shape,5,3,squape,5,,ʃeɪp,skwɑːp
8091,share,5,3,shash,3,,ʃɛɹ,ʃæʃ
8092,shark,5,4,sharf,4,,ʃɑːɹk,ʃɑːɹf
8093,sharp,5,4,shars,4,,ʃɑːɹp,ʃɑːɹz
8094,sharpen,7,6,shelput,6,,ʃɑːɹpən,ʃɛlpʊt
8095,shatter,7,5,shapper,5,,ʃæɾɚ,ʃæpɚ
8096,shave,5,3,shadge,3,,ʃeɪv,ʃædʒ
8097,shaven,6,5,shuven,4,,ʃeɪvən,ʃjuːvən
8098,shaves,6,4,spaves,5,,ʃeɪvz,speɪvz
8099,shawl,5,3,shalk,4,,ʃɔːl,ʃælk
8100,shear,5,3,sheam,3,,ʃɪɹ,ʃiːm
8101,shears,6,4,sheave,3,,ʃɪɹz,ʃiːv
8102,shed,4,3,shid,3,,ʃɛd,ʃɪd
8103,sheep,5,3,shoop,3,,ʃiːp,ʃuːp
8104,sheepskin,9,7,sheemskan,7,,ʃiːpskɪn,ʃiːmskən
8105,sheet,5,3,sheeg,3,,ʃiːt,ʃiːɡ
8106,shelf,5,4,shept,4,,ʃɛlf,ʃɛpt
8107,shell,5,3,shems,4,,ʃɛl,ʃɛmz
8108,shellfish,9,6,shillmish,6,,ʃɛlfɪʃ,ʃɪlmɪʃ
8109,shelter,7,6,shulper,6,,ʃɛltɚ,ʃʌlpɚ
8110,shelve,6,4,sherbs,5,,ʃɛlv,ʃɜːbz
8111,shelves,7,5,sherves,5,,ʃɛlvz,ʃɜːvz
8112,shepherd,8,6,shiphard,6,,ʃɛpɚd,ʃɪfɑːɹd
8113,sherbet,7,6,sharbit,6,,ʃɜːbɪt,ʃɑːɹbɪt
8114,sheriff,7,5,sharuff,5,,ʃɛɹɪf,ʃɑːɹɹʌf
8115,sherry,6,4,sheppy,4,,ʃɛɹi,ʃɛpi
8116,shield,6,4,shiefs,5,,ʃiːld,ʃiːfs
8117,shift,5,4,shooft,4,,ʃɪft,ʃuːft
8118,shimmer,7,5,shigger,5,,ʃɪmɚ,ʃɪɡɚ
8119,shine,5,3,shink,4,,ʃaɪn,ʃɪŋk
8120,shiner,6,5,shuner,5,,ʃaɪnɚ,ʃjuːnɚ
8121,shiny,5,4,shuny,4,,ʃaɪni,ʃʌni
8122,ship,4,3,shap,3,,ʃɪp,ʃæp
8123,shipboard,9,7,shinbeard,7,,ʃɪpbɔːɹd,ʃɪnbɪɹd
8124,shirk,5,4,shirth,4,,ʃɜːk,ʃɜːθ
8125,shirt,5,4,shirm,4,,ʃɜːt,ʃɜːm
8126,shiver,6,5,shuver,5,,ʃɪvɚ,ʃjuːvɚ
8127,shock,5,3,shig,3,,ʃɑːk,ʃɪɡ
8128,shoe,4,2,shay,2,,ʃuː,ʃeɪ
8129,shoemaker,9,7,shoemoken,7,,ʃuːmeɪkɚ,ʃuːmoʊkən
8130,shoes,5,3,shaos,3,,ʃuːz,ʃaʊz
8131,shook,5,3,shool,3,,ʃʊk,ʃuːl
8132,shop,4,3,shon,3,,ʃɑːp,ʃɑːn
8133,shore,5,3,shogs,4,,ʃɔːɹ,ʃɑːɡz
8134,short,5,4,shoys,3,,ʃɔːɹt,ʃɔɪz
8135,shortcake,9,7,shirtcase,7,,ʃɔːɹtkeɪk,ʃɜːtkeɪs
8136,shortcoming,11,9,shortcaming,9,,ʃɔːɹtkʌmɪŋ,ʃɔːɹtkeɪmɪŋ
8137,shorten,7,5,sharten,6,,ʃɔːɹʔn̩,ʃɑːɹʔn̩
8138,shorthand,9,8,shirthank,8,,ʃɔːɹthænd,ʃɜːθæŋk
8139,shortstop,9,8,shirtstep,8,,ʃɔːɹtstɑːp,ʃɜːtstɛp
8140,shot,4,3,stot,4,,ʃɑːt,stɑːt
8141,shotgun,7,6,shitgin,6,,ʃɑːtɡʌn,ʃɪtdʒɪn
8142,shoulder,8,6,shaulper,6,,ʃoʊldɚ,ʃɔːlpɚ
8143,shout,5,3,shouch,3,,ʃaʊt,ʃaʊtʃ
8144,shove,5,3,shobs,4,,ʃʌv,ʃɑːbz
8145,shovel,6,5,shuvel,5,,ʃʌvəl,ʃjuːvəl
8146,shower,6,4,shumer,5,,ʃaʊɚ,ʃjuːmɚ
8147,showman,7,5,shawmin,5,,ʃoʊmən,ʃɔːmɪn
8148,showy,5,3,shawy,3,,ʃoʊi,ʃɔːi
8149,shrank,6,5,shrams,5,,ʃɹæŋk,ʃɹæmz
8150,shred,5,4,shrod,4,,ʃɹɛd,ʃɹɑːd
8151,shrewd,6,4,shrel,4,,ʃɹuːd,ʃɹɛl
8152,shriek,6,4,shrile,4,,ʃɹiːk,ʃɹaɪl
8153,shrill,6,4,shroil,4,,ʃɹɪl,ʃɹɔɪl
8154,shrimp,6,5,squimp,6,,ʃɹɪmp,skwɪmp
8155,shrine,6,4,shrint,5,,ʃɹaɪn,ʃɹɪnt
8156,shrink,6,5,shroonk,5,,ʃɹɪŋk,ʃɹuːŋk
8157,shrivel,7,6,shroven,6,,ʃɹɪvəl,ʃɹoʊvən
8158,shrub,5,4,shrob,4,,ʃɹʌb,ʃɹɑːb
8159,shrug,5,4,shrag,4,,ʃɹʌɡ,ʃɹæɡ
8160,shrunk,6,5,shrush,4,,ʃɹʌŋk,ʃɹʌʃ
8161,shuck,5,3,shurs,4,,ʃʌk,ʃɜːz
8162,shudder,7,5,shugger,5,,ʃʌdɚ,ʃʌɡɚ
8163,shuffle,7,5,shuzzle,5,,ʃʌfəl,ʃʌzəl
8164,shun,4,3,shen,3,,ʃʌn,ʃɛn
8165,shut,4,3,sput,4,,ʃʌt,spʌt
8166,shutter,7,5,shummer,5,,ʃʌɾɚ,ʃʌmɚ
8167,shuttle,7,4,shummle,5,,ʃʌɾəl,ʃʌməl
8168,shy,3,2,sha,2,,ʃaɪ,ʃɑː
8169,Siamese,7,6,siamabs,7,,saɪəmiːz,saɪəmæbz
8170,sick,4,3,sook,3,,sɪk,sʊk
8171,sicken,6,5,sucken,5,,sɪkən,sʌkən
8172,sickle,6,5,sockle,5,,sɪkəl,sɑːkəl
8173,sickness,8,6,sockpess,6,,sɪknəs,sɑːkpɛs
8174,side,4,3,jide,3,,saɪd,dʒaɪd
8175,siding,6,5,soding,5,,saɪdɪŋ,soʊdɪŋ
8176,sierra,6,5,siemma,5,,siːɛɹə,siːmə
8177,sift,4,4,sirk,4,,sɪft,sɜːk
8178,sigh,4,2,sirm,4,,saɪ,sɜːm
8179,sight,5,3,jight,3,,saɪt,dʒaɪt
8180,sign,4,3,jine,3,,saɪn,dʒaɪn
8181,signal,6,6,sogmal,6,,sɪɡnəl,sɑːɡməl
8182,signature,9,8,signutare,8,,sɪɡnɪtʃɚ,sɪɡnuːtɛɹ
8183,signboard,9,7,sernbeard,8,,saɪnbɔːɹd,sɜːnbɪɹd
8184,significance,12,11,signiticants,12,,sɪɡnɪfɪkəns,sɪɡnɪtɪkənts
8185,signification,13,12,signiforalion,13,,sɪɡnɪfɪkeɪʃən,sɪɡnɪfɔːɹæliən
8186,signify,7,7,signory,7,,sɪɡnᵻfaɪ,sɪnjɔːɹi
8187,signpost,8,7,sernpist,8,,saɪnpoʊst,sɜːnpɪst
8188,silence,7,6,solenes,6,,saɪləns,soʊliːnz
8189,silent,6,6,solert,6,,saɪlənt,soʊlɜːt
8190,silhouette,10,6,silhonitte,7,,sɪlʊwɛt,sɪlhənɪt
8191,silicon,7,7,silocun,7,,sɪlɪkən,saɪləkʌn
8192,silk,4,4,sisk,4,,sɪlk,sɪsk
8193,silly,5,4,sibby,4,,sɪli,sɪbi
8194,silver,6,6,sulmer,6,,sɪlvɚ,sʌlmɚ
8195,silverware,10,9,silvarwale,9,,sɪlvɚwɛɹ,sɪlvɑːɹweɪl
8196,similar,7,7,simolan,7,,sɪmɪlɚ,sɪməlæn
8197,similarity,10,10,similorany,10,,sɪmɪlæɹᵻɾi,sɪmɪlɔːɹəni
8198,similarly,9,9,similandy,9,,sɪmɪlɚli,sɪmɪləndi
8199,simile,6,6,simote,6,,sɪmɪli,sɪmoʊt
8200,simmer,6,5,siller,5,,sɪmɚ,sɪlɚ
8201,simple,6,6,sumgle,6,,sɪmpəl,sʌmɡəl
8202,simplicity,10,10,simprocily,10,,sɪmplɪsᵻɾi,sɪmpɹəsili
8203,simplification,14,13,simplifomalion,14,,sɪmplɪfɪkeɪʃən,sɪmplɪfəmæliən
8204,simplify,8,8,simplory,8,,sɪmplᵻfaɪ,sɪmplɚɹi
8205,simulate,8,8,simolale,7,,sɪmjʊleɪt,sɪməleɪl
8206,simulation,10,10,simunative,10,,sɪmjʊleɪʃən,sɪmənətɪv
8207,simultaneous,12,11,simultinuian,12,,saɪməlteɪniəs,saɪməltɪnuːiən
8208,sin,3,3,zidge,3,,sɪn,zɪdʒ
8209,since,5,4,sinch,4,,sɪns,sɪntʃ
8210,sincere,7,6,sancede,6,,sɪnsɪɹ,sænsiːd
8211,sing,4,3,sint,4,,sɪŋ,sɪnt
8212,single,6,6,sunkle,6,,sɪŋɡəl,sʌŋkəl
8213,singular,8,9,singofar,8,,sɪŋɡjʊlɚ,sɪŋɡəfɑːɹ
8214,singularity,11,12,singulorany,11,,sɪŋɡjʊlæɹᵻɾi,sɪŋɡjʊlɔːɹəni
8215,singularly,10,11,sinmutancy,11,,sɪŋɡjʊlɚli,sɪnmjuːtənsi
8216,sinister,8,8,sinosper,8,,sɪnɪstɚ,sɪnɑːspɚ
8217,sink,4,4,soonk,4,,sɪŋk,suːŋk
8218,sinus,5,5,sunis,5,,saɪnəs,suːniz
8219,sip,3,3,sup,3,,sɪp,sʌp
8220,sir,3,3,serth,4,,sɜː,sɜːθ
8221,siren,5,5,sorin,5,,saɪɹən,sɔːɹɪn
8222,sirloin,7,6,sorlein,6,,sɜːlɔɪn,sɔːɹlaɪn
8223,sister,6,6,susper,6,,sɪstɚ,səspɜː
8224,sit,3,3,souge,3,,sɪt,saʊdʒ
8225,situated,8,9,situaper,9,,sɪtʃuːeɪɾᵻd,sɪɾuːeɪpɚ
8226,situation,9,9,situanium,9,,sɪtʃuːeɪʃən,sɪɾuːeɪniəm
8227,six,3,4,sersh,4,,sɪks,sɜːʃ
8228,sixteen,7,7,suxtoon,7,,sɪkstiːn,sʌkstuːn
8229,sixty,5,6,sifry,5,,sɪksti,sɪfɹi
8230,sizable,7,7,sizeabro,7,,saɪzəbəl,saɪziːbɹoʊ
8231,size,4,3,soze,3,,saɪz,soʊz
8232,sizzle,6,5,siggle,5,,sɪzəl,sɪɡəl
8233,skate,5,4,skake,4,,skeɪt,skeɪk
8234,skateboard,10,8,skotebeard,8,,skeɪtbɔːɹd,skoʊtbɪɹd
8235,skeleton,8,7,skelotin,8,,skɛlᵻtən,skɛlətɪn
8236,skeptic,7,7,sciptid,7,,skɛptɪk,sɪptɪd
8237,sketch,6,4,skutch,4,,skɛtʃ,skʌtʃ
8238,ski,3,3,smi,3,,skiː,smaɪ
8239,skid,4,4,smid,4,,skɪd,smɪd
8240,skill,5,4,skick,4,,skɪl,skɪk
8241,skillet,7,6,smillit,6,,skɪlɪt,smɪlɪt
8242,skim,4,4,skig,4,,skɪm,skɪɡ
8243,skimp,5,5,skile,4,,skɪmp,skaɪl
8244,skin,4,4,snin,4,,skɪn,snɪn
8245,skintight,9,7,skantauht,7,,skɪntaɪt,skæntɔːht
8246,skip,4,4,skap,4,,skɪp,skæp
8247,skipper,7,6,skiffer,6,,skɪpɚ,skɪfɚ
8248,skirt,5,5,skith,4,,skɜːt,skɪθ
8249,skis,4,4,skir,4,,skiːz,skɜː
8250,skit,4,4,skite,4,,skɪt,skaɪt
8251,skunk,5,5,smunk,5,,skʌŋk,smʌŋk
8252,sky,3,3,skoy,3,,skaɪ,skɔɪ
8253,skyscraper,10,10,skyscripen,10,,skaɪskɹeɪpɚ,skaɪskɹaɪpən
8254,slab,4,4,spab,4,,slæb,spæb
8255,slack,5,4,slans,5,,slæk,slænz
8256,slacken,7,6,spicken,6,,slækən,spɪkən
8257,slain,5,4,sloin,4,,sleɪn,slɔɪn
8258,slam,4,4,slar,4,,slæm,slɑːɹ
8259,slander,7,7,snindet,7,,slændɚ,snɪndɪt
8260,slang,5,4,slaws,4,,slæŋ,slɔːz
8261,slant,5,5,spant,5,,slænt,spænt
8262,slap,4,4,slup,4,,slæp,slʌp
8263,slash,5,4,sloosh,4,,slæʃ,sluːʃ
8264,slate,5,4,slote,4,,sleɪt,sloʊt
8265,slaughter,9,6,slonchper,8,,slɔːɾɚ,slɑːntʃpɚ
8266,slave,5,4,slare,4,,sleɪv,slɛɹ
8267,slavery,7,7,slavemy,7,,sleɪvɚɹi,sleɪvmi
8268,Slavic,6,6,Spivic,6,,slɑːvɪk,spɪvɪk
8269,slaw,4,3,slouse,4,,slɔː,slaʊs
8270,sleazy,6,5,sweaky,5,,sliːzi,swiːki
8271,sled,4,4,slud,4,,slɛd,slʌd
8272,sledge,6,4,slence,5,,slɛdʒ,slɛns
8273,sledgehammer,12,9,sledgehadder,9,,slɛdʒhæmɚ,slɛdʒhædɚ
8274,sleek,5,4,slook,4,,sliːk,slʊk
8275,sleep,5,4,sleen,4,,sliːp,sliːn
8276,sleeve,6,4,sleems,5,,sliːv,sliːmz
8277,sleigh,6,3,sloy,3,,sleɪ,slɔɪ
8278,sleight,7,4,slidge,4,,slaɪt,slɪdʒ
8279,slender,7,7,snunded,7,,slɛndɚ,snʌndᵻd
8280,slept,5,5,slelf,5,,slɛpt,slɛlf
8281,slice,5,4,slirk,5,,slaɪs,slɜːk
8282,slicker,7,6,slucker,6,,slɪkɚ,slʌkɚ
8283,slid,4,4,sloid,4,,slɪd,slɔɪd
8284,slide,5,4,slude,4,,slaɪd,sluːd
8285,sliding,7,6,sluding,6,,slaɪdɪŋ,sluːdɪŋ
8286,slim,4,4,slig,4,,slɪm,slɪɡ
8287,slime,5,4,slome,4,,slaɪm,sloʊm
8288,sling,5,4,sping,4,,slɪŋ,spɪŋ
8289,slingshot,9,7,slangshut,7,,slɪŋʃɑːt,slæŋʃʌt
8290,slip,4,4,sloith,4,,slɪp,slɔɪθ
8291,slipknot,8,7,slapknit,7,,slɪpnɑːt,slæpnɪt
8292,slipper,7,6,sliffer,6,,slɪpɚ,slɪfɚ
8293,slippers,8,7,slitters,7,,slɪpɚz,slɪɾɚz
8294,slippery,8,7,slippeny,7,,slɪpɚɹi,slɪpɛni
8295,slit,4,4,slin,4,,slɪt,slɪn
8296,slither,7,6,sluther,7,,slɪðɚ,slʌðɚ
8297,sliver,6,6,sluver,6,,slɪvɚ,sluːvɚ
8298,slobber,7,6,slodder,6,,slɑːbɚ,slɑːdɚ
8299,slope,5,4,slipe,4,,sloʊp,slaɪp
8300,sloppy,6,5,sloddy,5,,slɑːpi,slɑːdi
8301,slot,4,4,slet,4,,slɑːt,slɛt
8302,slouch,6,4,slooch,4,,slaʊtʃ,sluːtʃ
8303,slow,4,3,slau,3,,sloʊ,slaʊ
8304,slug,4,4,sloog,4,,slʌɡ,sluːɡ
8305,slum,4,4,spum,4,,slʌm,spʌm
8306,slumber,7,7,slurger,7,,slʌmbɚ,slɜːdʒɚ
8307,slump,5,5,slimp,5,,slʌmp,slɪmp
8308,slur,4,4,slursh,5,,slɜː,slɜːʃ
8309,slut,4,4,slun,4,,slʌt,slʌn
8310,sly,3,3,slish,4,,slaɪ,slɪʃ
8311,smack,5,4,smook,4,,smæk,smʊk
8312,small,5,4,smill,4,,smɔːl,smɪl
8313,smart,5,5,smace,4,,smɑːɹt,smeɪs
8314,smash,5,4,smank,5,,smæʃ,smæŋk
8315,smear,5,4,smead,4,,smɪɹ,smiːd
8316,smell,5,4,smegs,5,,smɛl,smɛɡz
8317,smelled,7,5,skelled,5,,smɛld,skɛld
8318,smile,5,4,smike,4,,smaɪl,smaɪk
8319,smirk,5,5,smirch,5,,smɜːk,smɜːtʃ
8320,smith,5,4,zich,3,,smɪθ,zɪtʃ
8321,smoke,5,4,smofe,4,,smoʊk,smoʊf
8322,smooth,6,4,smoose,4,,smuːð,smuːs
8323,smother,7,6,smizzer,6,,smʌðɚ,smɪzɚ
8324,smudge,6,4,smedge,4,,smʌdʒ,smɛdʒ
8325,smug,4,4,skug,4,,smʌɡ,skʌɡ
8326,smuggle,7,6,smupple,6,,smʌɡəl,smʌpəl
8327,smut,4,4,smum,4,,smʌt,smʌm
8328,snack,5,4,snock,4,,snæk,snɑːk
8329,snag,4,4,snig,4,,snæɡ,snɪɡ
8330,snail,5,4,snain,4,,sneɪl,sneɪn
8331,snake,5,4,snate,4,,sneɪk,sneɪt
8332,snap,4,4,snop,4,,snæp,snɑːp
8333,snare,5,4,snave,4,,snɛɹ,sneɪv
8334,snarl,5,5,snabe,4,,snɑːɹl,sneɪb
8335,snatch,6,4,snotch,4,,snætʃ,snɑːtʃ
8336,sneak,5,4,sweak,4,,sniːk,swiːk
8337,sneaker,7,6,snealer,6,,sniːkɚ,sniːlɚ
8338,sneer,5,4,sneeg,4,,snɪɹ,sniːɡ
8339,sneeze,6,4,sneege,4,,sniːz,sniːdʒ
8340,snicker,7,6,snucker,6,,snɪkɚ,snʌkɚ
8341,sniff,5,4,snoff,4,,snɪf,snɑːf
8342,sniffle,7,6,snittle,6,,snɪfəl,snɪɾəl
8343,snitch,6,4,snutch,4,,snɪtʃ,snʌtʃ
8344,snob,4,4,snoy,3,,snɑːb,snɔɪ
8345,snoop,5,4,snool,4,,snuːp,snuːl
8346,snooze,6,4,snooge,4,,snuːz,snuːdʒ
8347,snore,5,4,snove,4,,snɔːɹ,snoʊv
8348,snorkel,7,7,sworfel,7,,snɔːɹkəl,swɜːfəl
8349,snort,5,5,snirt,5,,snɔːɹt,snɜːt
8350,snow,4,3,snong,4,,snoʊ,snɑːŋ
8351,snuggle,7,6,snuttle,6,,snʌɡəl,snʌɾəl
8352,soak,4,3,sove,3,,soʊk,soʊv
8353,soap,4,3,soath,3,,soʊp,soʊθ
8354,soar,4,3,soam,3,,sɔːɹ,soʊm
8355,sob,3,3,zob,3,,sɑːb,zɑːb
8356,sober,5,5,saben,5,,soʊbɚ,seɪbən
8357,soccer,6,5,sopper,5,,sɑːkɚ,sɑːpɚ
8358,sociability,11,10,sociabolamy,11,,soʊʃiəbɪlᵻɾi,soʊʃiəbɑːlæmi
8359,sociable,8,7,socintle,8,,soʊʃiəbəl,sɑːsɪntəl
8360,sociably,8,7,socintly,8,,soʊʃiəbli,sɑːsɪntli
8361,social,6,5,sodial,6,,soʊʃəl,soʊdɪəl
8362,socialistic,11,10,sonialictis,11,,soʊʃəlɪstɪk,soʊnɪɐlɪktiz
8363,socialization,13,11,socialoramion,12,,soʊʃəlᵻzeɪʃən,soʊʃəlɔːɹæmiən
8364,socialize,9,7,socianase,7,,soʊʃəlaɪz,soʊʃiəneɪs
8365,society,7,7,sopieny,7,,səsaɪəɾi,soʊpiəni
8366,sociology,9,9,socialiny,9,,soʊsɪɑːlədʒi,soʊʃəlɪni
8367,sock,4,3,sosh,3,,sɑːk,sɑːʃ
8368,socket,6,5,sicket,5,,sɑːkɪt,sɪkɪt
8369,socks,5,4,soves,4,,sɑːks,soʊvz
8370,sod,3,3,som,3,,sɑːd,sɑːm
8371,soda,4,4,sudo,4,,soʊdə,suːdoʊ
8372,sodium,6,6,soriom,6,,soʊdiəm,sɔːɹɪəm
8373,sofa,4,4,safo,4,,soʊfə,sɑːfoʊ
8374,soft,4,4,joft,4,,sɔft,dʒɔft
8375,softball,8,7,siftbull,7,,sɔftbɔːl,sɪftbʊl
8376,soften,6,5,sopter,6,,sɔfən,sɑːptɚ
8377,soggy,5,4,soffy,4,,sɑːɡi,sɑːfi
8378,soil,4,3,soin,3,,sɔɪl,sɔɪn
8379,sol,3,3,zorl,4,,sɑːl,zɔːɹl
8380,solar,5,5,suler,5,,soʊlɚ,suːlɚ
8381,sold,4,4,solsh,4,,soʊld,sɑːlʃ
8382,soldier,7,6,suldien,7,,soʊldʒɚ,sʌldiən
8383,solely,6,5,salely,4,,soʊlli,seɪlli
8384,solemn,6,5,salern,6,,sɑːləm,sælɚn
8385,solemnly,8,7,solimnry,8,,sɑːləmli,sɑːlɪmnɹi
8386,soles,5,4,sodes,4,,soʊlz,soʊdz
8387,solid,5,5,sarid,5,,sɑːlɪd,sɑːɹɹɪd
8388,solidarity,10,10,solidorony,10,,sɑːlɪdæɹᵻɾi,sɑːlɪdɔːɹəni
8389,solidify,8,8,somidiry,8,,səlɪdᵻfaɪ,sɑːmɪdaɪɚɹi
8390,solidity,8,8,somidipy,8,,səlɪdᵻɾi,sɑːmɪdɪpi
8391,solidly,7,7,soludry,7,,sɑːlɪdli,sɑːljuːdɹi
8392,solitaire,9,7,solotaive,7,,sɑːlɪtɛɹ,sɑːləteɪv
8393,solo,4,4,sula,4,,soʊloʊ,suːlə
8394,solubility,10,11,solubolamy,11,,sɑːljuːbɪlᵻɾi,sɑːljuːbɑːlæmi
8395,soluble,7,8,solomle,7,,sɑːljuːbəl,sɑːlɑːməl
8396,solution,8,7,solotoon,7,,səluːʃən,sɑːlətuːn
8397,solve,5,4,soits,4,,sɑːlv,sɔɪts
8398,somebody,8,7,somebory,7,,sʌmbɑːdi,sʌmbɚɹi
8399,someday,7,5,samedar,6,,sʌmdeɪ,seɪmdɑːɹ
8400,somersault,10,9,somorfault,10,,sʌməsɔlt,sɑːmɔːɹfɔlt
8401,something,9,6,samethint,7,,sʌmθɪŋ,sæmɪθɪnt
8402,son,3,3,suv,3,,sʌn,ɛsjuːviː
8403,sonar,5,5,sanam,5,,soʊnɑːɹ,sænɑːm
8404,song,4,3,zooth,3,,sɔŋ,zuːθ
8405,soon,4,3,sorth,4,,suːn,sɔːɹθ
8406,soot,4,3,suk,3,,sʊt,sʌk
8407,soothe,6,3,soobed,4,,suːð,suːbd
8408,sophisticated,13,12,sophistocuten,12,,səfɪstᵻkeɪɾᵻd,sɑːfɪstɑːkjuːʔn̩
8409,soprano,7,7,soprinu,7,,səpɹɑːnoʊ,sɑːpɹɪnuː
8410,sorcery,7,7,sorpery,7,,sɔːɹsɚɹi,sɔːɹpɚɹi
8411,sorority,8,8,soporiny,8,,sɔːɹɔːɹᵻɾi,sɑːpɔːɹɪni
8412,sorrow,6,4,sommow,4,,sɑːɹoʊ,sɑːmoʊ
8413,sorry,5,4,sommy,4,,sɑːɹi,sɑːmi
8414,sort,4,4,zert,4,,sɔːɹt,zɜːt
8415,sought,6,3,sounce,4,,sɔːt,saʊns
8416,sound,5,4,souch,3,,saʊnd,saʊtʃ
8417,soup,4,3,soip,3,,suːp,sɔɪp
8418,sour,4,4,souf,3,,saʊɚ,suːf
8419,source,6,4,smooce,4,,sɔːɹs,smuːs
8420,south,5,3,saith,3,,saʊθ,seɪθ
8421,southeast,9,6,seetheist,6,,saʊθiːst,siːθiːɪst
8422,southern,8,6,seetherd,6,,sʌðɚn,siːðɜːd
8423,southward,9,7,seethwack,6,,saʊθwɚd,siːθwæk
8424,southwest,9,7,seethwert,7,,saʊθwɛst,siːθwɚt
8425,souvenir,8,7,souvomir,7,,suːvənɪɹ,suːvəmɪɹ
8426,sovereign,9,7,sovereach,7,,sɑːvɚɹɪn,soʊvɚɹiːtʃ
8427,soviet,6,6,soriem,6,,soʊviət,sɔːɹɪm
8428,soy,3,2,sry,3,,sɔɪ,ɛsɑːɹwaɪ
8429,spa,3,3,spo,3,,spɑː,spoʊ
8430,space,5,4,spage,4,,speɪs,speɪdʒ
8431,spaceship,9,7,spiceshap,7,,speɪsʃɪp,spaɪsʃæp
8432,spacious,8,6,sladrous,7,,speɪʃəs,slædɹəs
8433,spade,5,4,spood,4,,speɪd,spuːd
8434,spaghetti,9,7,spaghezzi,7,,spɐɡɛɾi,spæɡhɛzi
8435,span,4,4,spep,4,,spæn,spɛp
8436,Spaniard,8,8,Spinaord,8,,spænɪɚd,spɪneɪɔːɹd
8437,spaniel,7,7,spariet,7,,spænjəl,spæɹiət
8438,Spanish,7,6,slinist,7,,spænɪʃ,slɪnɪst
8439,spank,5,5,spags,5,,spæŋk,spæɡz
8440,spare,5,4,spowth,4,,spɛɹ,spaʊθ
8441,sparing,7,6,shanint,6,,spɛɹɪŋ,ʃænɪnt
8442,spark,5,5,sparth,5,,spɑːɹk,spɑːɹθ
8443,sparkle,7,7,spantle,7,,spɑːɹkəl,spæntəl
8444,sparrow,7,5,spannow,5,,spæɹoʊ,spænoʊ
8445,sparse,6,5,slarse,5,,spɑːɹs,slɑːɹs
8446,spasm,5,6,spism,6,,spæzəm,spɪzəm
8447,spastic,7,7,spistid,7,,spæstɪk,spɪstɪd
8448,spat,4,4,spaf,4,,spæt,spæf
8449,spatial,7,6,spotian,7,,speɪʃəl,spoʊʃən
8450,spatter,7,6,spaffer,6,,spæɾɚ,spæfɚ
8451,spatula,7,7,spatuna,7,,spætʃələ,spætuːnə
8452,spawn,5,4,spalt,5,,spɔːn,spɔlt
8453,speak,5,4,speath,4,,spiːk,spiːθ
8454,spear,5,4,spoif,4,,spɪɹ,spɔɪf
8455,special,7,6,spocian,6,,spɛʃəl,spoʊʃiən
8456,specialization,14,12,specialoramion,13,,spɛʃəlᵻzeɪʃən,spɛʃəlɔːɹæmiən
8457,specialty,9,8,specianry,9,,spɛʃəlɾi,spiːʃiənɹi
8458,species,7,6,spamies,6,,spiːsiːz,speɪmiz
8459,specific,8,8,specinic,8,,spəsɪfɪk,spɛsɪnɪk
8460,specification,13,12,speciforalion,13,,spɛsɪfɪkeɪʃən,spɛsɪfɔːɹæliən
8461,specify,7,7,specory,7,,spɛsᵻfaɪ,spɛkɚɹi
8462,specimen,8,8,specuren,9,,spɛsɪmən,spɛkjʊɹɹən
8463,speck,5,4,spelk,5,,spɛk,spɛlk
8464,spectacle,9,9,spectople,9,,spɛktəkəl,spɛktɑːpəl
8465,spectacular,11,12,spectamuber,11,,spɛktækjʊlɚ,spɛktɐmjuːbɚ
8466,spectator,9,9,spectopor,9,,spɛkteɪɾɚ,spɛktɑːpɚ
8467,spectrum,8,8,spictram,8,,spɛktɹəm,spɪktɹæm
8468,speculate,9,9,specolale,8,,spɛkjʊleɪt,spɛkəleɪl
8469,speculation,11,11,specuranion,12,,spɛkjʊleɪʃən,spɛkjʊɹɹæniən
8470,speculative,11,11,specurasive,11,,spɛkjʊlətɪv,spɛkjʊɹɹeɪsɪv
8471,speech,6,4,spouch,4,,spiːtʃ,spaʊtʃ
8472,speed,5,4,spowd,4,,spiːd,spaʊd
8473,speedometer,11,10,speedorener,10,,spiːdɑːmɪɾɚ,spiːdəɹənɚ
8474,speedway,8,6,speelray,6,,spiːdweɪ,spiːlɹeɪ
8475,spell,5,4,spoll,4,,spɛl,spɑːl
8476,spend,5,5,spong,4,,spɛnd,spʌŋɡ
8477,spent,5,5,spint,5,,spɛnt,spɪnt
8478,sperm,5,5,sporm,5,,spɜːm,spɔːɹm
8479,spew,4,4,spow,3,,spjuː,spaʊ
8480,sphere,6,4,schere,4,,sfɪɹ,ʃɪɹ
8481,spherical,9,8,spheromal,8,,sfɛɹɪkəl,sfɛɹɑːməl
8482,sphinx,6,6,sphign,4,,sfɪŋks,sfaɪn
8483,spice,5,4,spirk,4,,spaɪs,spɜːk
8484,spider,6,6,spuden,6,,spaɪdɚ,spjuːdən
8485,spike,5,4,slike,4,,spaɪk,slaɪk
8486,spill,5,4,sposh,4,,spɪl,spɑːʃ
8487,spilled,7,5,spigged,5,,spɪld,spɪɡd
8488,spilt,5,5,zilt,4,,spɪlt,zɪlt
8489,spin,4,4,spanch,5,,spɪn,spæntʃ
8490,spinach,7,6,spanape,6,,spɪnɪtʃ,spæneɪp
8491,spinal,6,5,spumal,6,,spaɪnəl,spjuːməl
8492,spine,5,4,sline,4,,spaɪn,slaɪn
8493,spinster,8,8,spunstem,8,,spɪnstɚ,spʌnstəm
8494,spiral,6,6,spomal,6,,spaɪɚɹəl,spoʊməl
8495,spirit,6,6,spovid,6,,spɪɹɪt,spɑːvɪd
8496,spiritual,9,9,spirotean,8,,spɪɹɪtʃuːəl,spɪɹoʊtiən
8497,spirituality,12,12,spirinuaripy,13,,spɪɹɪtʃuːælᵻɾi,spɪɹɪnuːɑːɹɹɪpi
8498,spiritualize,12,12,spiritoatics,12,,spɪɹɪtʃuːəlaɪz,spɪɹɪtoʊɾɪks
8499,spirituous,10,9,spiropious,9,,spɪɹɪtʃuːəs,spɪɹoʊpiəs
8500,spit,4,4,spish,4,,spɪt,spɪʃ
8501,spite,5,4,spodge,4,,spaɪt,spɑːdʒ
8502,splash,6,5,splank,6,,splæʃ,splæŋk
8503,splatter,8,7,splitten,7,,splæɾɚ,splɪʔn̩
8504,spleen,6,5,spleek,5,,spliːn,spliːk
8505,splendid,8,8,splindad,8,,splɛndɪd,splɪndæd
8506,splendor,8,8,splindon,8,,splɛndɚ,splɪndən
8507,splice,6,5,spling,5,,splaɪs,splɪŋ
8508,splint,6,6,splant,6,,splɪnt,splænt
8509,splinter,8,8,splenten,8,,splɪntɚ,splɛnʔn̩
8510,split,5,5,spliep,6,,splɪt,spliːp
8511,splurge,7,6,splorge,6,,splɜːdʒ,splɔːɹdʒ
8512,spoil,5,4,spoin,4,,spɔɪl,spɔɪn
8513,spoiled,7,5,sloiled,5,,spɔɪld,slɔɪld
8514,spoke,5,4,spote,4,,spoʊk,spoʊt
8515,spoken,6,6,spazen,6,,spoʊkən,speɪzən
8516,spokesman,9,8,spakesmen,8,,spoʊksmən,speɪksmɛn
8517,sponge,6,5,spenge,5,,spʌndʒ,spɛndʒ
8518,sponsor,7,7,spentor,7,,spɑːnsɚ,spɛntɔːɹ
8519,spontaneous,11,10,spontoreous,10,,spɑːnteɪniəs,spɑːntɔːɹiəs
8520,spontaneously,13,12,spondabeousty,12,,spɑːnteɪniəsli,spɑːndeɪbaʊsti
8521,spook,5,4,spoob,4,,spuːk,spuːb
8522,spool,5,4,spoog,4,,spuːl,spuːɡ
8523,spoon,5,4,spoop,4,,spuːn,spuːp
8524,sport,5,5,spoth,4,,spɔːɹt,spɑːθ
8525,sportsman,9,9,spartsmen,9,,spɔːɹtsmən,spɑːɹtsmɛn
8526,spot,4,4,spath,4,,spɑːt,spæθ
8527,spout,5,4,spoot,4,,spaʊt,spuːt
8528,sprain,6,5,sprail,5,,spɹeɪn,spɹeɪl
8529,sprang,6,5,sprank,6,,spɹæŋ,spɹæŋk
8530,sprawl,6,5,spralk,6,,spɹɔːl,spɹælk
8531,spray,5,4,shray,3,,spɹeɪ,ʃɹeɪ
8532,spread,6,5,spreat,5,,spɹɛd,spɹiːt
8533,spring,6,5,sproong,5,,spɹɪŋ,spɹuːŋ
8534,springtime,10,8,sprungtame,8,,spɹɪŋtaɪm,spɹʌŋteɪm
8535,sprinkle,8,8,spruntle,8,,spɹɪŋkəl,spɹʌntəl
8536,sprint,6,6,sprike,5,,spɹɪnt,spɹaɪk
8537,sprite,6,5,sprute,5,,spɹaɪt,spɹuːt
8538,sprout,6,5,spreet,5,,spɹaʊt,spɹiːt
8539,sprung,6,5,sprunk,6,,spɹʌŋ,spɹʌŋk
8540,spunk,5,5,spung,4,,spʌŋk,spʌŋ
8541,spur,4,4,spug,4,,spɜː,spʌɡ
8542,spurt,5,5,spurk,5,,spɜːt,spɜːk
8543,spy,3,3,spu,3,,spaɪ,spuː
8544,squad,5,5,squap,5,,skwɑːd,skwɑːp
8545,squadron,8,8,squatran,8,,skwɑːdɹən,skwɑːtɹæn
8546,square,6,5,squave,5,,skwɛɹ,skwɑːv
8547,squash,6,5,squank,6,,skwɑːʃ,skwɑːŋk
8548,squat,5,5,squit,5,,skwɑːt,skwɪt
8549,squawk,6,5,squaif,5,,skwɔːk,skweɪf
8550,squeak,6,5,spreak,5,,skwiːk,spɹiːk
8551,squeal,6,5,squif,5,,skwiːl,skwɪf
8552,squeamish,9,7,squearise,8,,skwiːmɪʃ,skwɪɹaɪz
8553,squeeze,7,5,squeech,5,,skwiːz,skwiːtʃ
8554,squid,5,5,shrid,4,,skwɪd,ʃɹɪd
8555,squint,6,6,squing,5,,skwɪnt,skwɪŋ
8556,squirm,6,6,squisk,6,,skwɜːm,skwɪsk
8557,squirrel,8,7,squippel,7,,skwɜːl,skwɪpɛl
8558,squirt,6,6,squift,6,,skwɜːt,skwɪft
8559,stab,4,4,stoth,4,,stæb,stɑːθ
8560,stability,9,9,stafilicy,9,,stəbɪlᵻɾi,stæfɪlɪsi
8561,stabilize,9,8,stabolase,8,,steɪbɪlaɪz,stæbəleɪz
8562,stabilizer,10,10,stabunizel,10,,steɪbəlaɪzɚ,stæbjuːnɪzəl
8563,stable,6,6,stuple,6,,steɪbəl,stuːpəl
8564,stack,5,4,stads,5,,stæk,stædz
8565,stadium,7,7,starion,7,,steɪdiəm,stɑːɹɹiən
8566,staff,5,4,stath,4,,stæf,stæθ
8567,stag,4,4,stig,4,,stæɡ,stɪɡ
8568,stage,5,4,starm,5,,steɪdʒ,stɑːɹm
8569,stagger,7,6,statter,6,,stæɡɚ,stæɾɚ
8570,staging,7,6,shigint,6,,steɪdʒɪŋ,ʃɪdʒɪnt
8571,stagnant,8,8,stignint,8,,stæɡnənt,stɪɡnɪnt
8572,stagnate,8,7,stignape,7,,stæɡneɪt,stɪɡneɪp
8573,stagnation,10,9,stagnotoon,9,,stæɡneɪʃən,stæɡnətuːn
8574,stain,5,4,stoin,4,,steɪn,stɔɪn
8575,stair,5,4,stooch,4,,stɛɹ,stuːtʃ
8576,stake,5,4,stabe,4,,steɪk,steɪb
8577,stale,5,4,stoil,4,,steɪl,stɔɪl
8578,stalk,5,4,starl,5,,stɔːk,stɑːɹl
8579,stalked,7,5,stooked,5,,stɔːkt,stʊkt
8580,stall,5,4,stast,5,,stɔːl,steɪst
8581,stallion,8,7,stappion,7,,stæliən,stæpiən
8582,stamina,7,7,stamora,7,,stæmɪnə,stæmɔːɹə
8583,stamp,5,5,stalt,5,,stæmp,stɔlt
8584,stand,5,5,stape,4,,stænd,steɪp
8585,standard,8,8,stintard,8,,stændɚd,stɪntɑːɹd
8586,standardization,15,14,standardozimion,14,,stændɚdᵻzeɪʃən,stændɚdəzɪmiən
8587,standardize,11,10,standarnase,10,,stændɚdaɪz,stændɑːɹneɪs
8588,standby,7,7,stundby,7,,stændbaɪ,stʌndbi
8589,stank,5,5,stoonk,5,,stæŋk,stuːŋk
8590,stanza,6,6,starka,6,,stænzə,stɑːɹkə
8591,staple,6,6,stoble,6,,steɪpəl,stɑːbəl
8592,star,4,4,stoosh,4,,stɑːɹ,stuːʃ
8593,starch,6,5,starls,6,,stɑːɹtʃ,stɑːɹlz
8594,starfish,8,7,sturfash,7,,stɑːɹfɪʃ,stɜːfæʃ
8595,starling,8,7,sturlink,8,,stɑːɹlɪŋ,stɜːlɪŋk
8596,start,5,5,stoong,4,,stɑːɹt,stuːŋ
8597,startle,7,6,stangle,7,,stɑːɹɾəl,stæŋɡəl
8598,starvation,10,9,starvotoon,9,,stɑːɹveɪʃən,stɑːɹvətuːn
8599,starve,6,5,storve,5,,stɑːɹv,stɔːɹv
8600,state,5,4,stope,4,,steɪt,stoʊp
8601,stateroom,9,7,starereem,6,,steɪtɹuːm,stɛɹiːm
8602,statesman,9,8,staresmen,8,,steɪtsmən,stɛɹsmɛn
8603,static,6,6,shatib,5,,stæɾɪk,ʃæɾɪb
8604,station,7,6,stutive,7,,steɪʃən,stuːɾɪv
8605,stationary,10,9,statialury,10,,steɪʃənɛɹi,steɪʃɪæljʊɹi
8606,statistics,10,10,statintims,10,,stɐtɪstɪks,stætɪntɪmz
8607,statue,6,5,stitoe,5,,stætʃuː,stɪɾoʊ
8608,statuette,9,8,statoitte,7,,stætʃuːɛt,stæɾɔɪt
8609,stature,7,6,stitore,6,,stætʃɚ,stɪɾɚ
8610,status,6,6,shanus,5,,stæɾəs,ʃænəs
8611,statute,7,6,shalute,6,,stætʃuːt,ʃæluːt
8612,statutory,9,9,staturomy,10,,stætʃətɔːɹi,stætʃuːɹəmi
8613,stay,4,3,styng,4,,steɪ,staɪŋ
8614,steady,6,5,steary,6,,stɛdi,stɪɹi
8615,steal,5,4,stike,4,,stiːl,staɪk
8616,steam,5,4,stoom,4,,stiːm,stuːm
8617,steelyard,9,8,steeryark,8,,stiːljɑːɹd,stɪɹjɑːɹk
8618,steep,5,4,stiem,5,,stiːp,stiːm
8619,steeple,7,6,sweeble,6,,stiːpəl,swiːbəl
8620,steer,5,4,steeg,4,,stɪɹ,stiːɡ
8621,stem,4,4,stoim,4,,stɛm,stɔɪm
8622,stench,6,5,stedge,4,,stɛntʃ,stɛdʒ
8623,stencil,7,7,stoncit,7,,stɛnsəl,stɑːnsɪt
8624,step,4,4,stoip,4,,stɛp,stɔɪp
8625,stepbrother,11,10,stepbronder,11,,stɛpbɹʌðɚ,stɛpbɹɑːndɚ
8626,stepsister,10,10,stepsusper,10,,stɛpsɪstɚ,stɛpsʌspɚ
8627,stereo,6,6,steria,6,,stɛɹɪoʊ,stɪɹiə
8628,stereotype,10,9,steriatape,9,,stɛɹɪoʊtaɪp,stɪɹiæɾeɪp
8629,sterile,7,6,swerale,6,,stɛɹəl,swɛɹeɪl
8630,sterility,9,9,stebilicy,9,,stɛɹɪlᵻɾi,stɛbɪlɪsi
8631,sterilization,13,12,sterilozimion,13,,stɛɹɪlᵻzeɪʃən,stɛɹɪləzɪmiən
8632,sterilize,9,8,sterolase,8,,stɛɹəlaɪz,stɛɹəleɪz
8633,sterilizer,10,10,sterinizel,10,,stɛɹəlaɪzɚ,stɛɹɪnɪzəl
8634,sterling,8,7,stimlink,8,,stɜːlɪŋ,stɪmlɪŋk
8635,stern,5,5,storn,5,,stɜːn,stɔːɹn
8636,stethoscope,11,9,stethascape,9,,stɛθəskoʊp,stɛθɐskeɪp
8637,stew,4,4,stel,4,,stuː,stɛl
8638,stick,5,4,stish,4,,stɪk,stɪʃ
8639,stickler,8,8,stucklen,7,,stɪklɚ,stʌklən
8640,sticky,6,5,swicky,5,,stɪki,swɪki
8641,stiff,5,4,stite,4,,stɪf,staɪt
8642,stillborn,9,8,swillbarn,8,,stɪlbɔːɹn,swɪlbɑːɹn
8643,stimulant,9,10,stimorant,9,,stɪmjʊlənt,stɪmɚɹənt
8644,stimulation,11,11,stimucative,11,,stɪmjʊleɪʃən,stɪmjuːkətɪv
8645,stimulus,8,9,stimodus,8,,stɪmjʊləs,stɪmɑːdəs
8646,sting,5,4,stong,4,,stɪŋ,stɑːŋ
8647,stingy,6,6,shinpy,5,,stɪndʒi,ʃɪnpi
8648,stink,5,5,stonk,5,,stɪŋk,stɔŋk
8649,stipulation,11,11,stipucative,11,,stɪpjʊleɪʃən,stɪpjuːkətɪv
8650,stir,4,4,stib,4,,stɜː,stɪb
8651,stirrup,7,6,swirrap,6,,stɪɹʌp,swɜːɹæp
8652,stitch,6,4,stetch,4,,stɪtʃ,stɛtʃ
8653,stock,5,4,stons,5,,stɑːk,stɑːnz
8654,stockbroker,11,10,stockblozer,10,,stɑːkbɹoʊkɚ,stɑːkbloʊzɚ
8655,stockholder,11,10,stockbolden,10,,stɑːkhoʊldɚ,stɑːkboʊldən
8656,stocking,8,6,stushint,7,,stɑːkɪŋ,stʌʃɪnt
8657,stocky,6,5,swocky,5,,stɑːki,swɑːki
8658,stockyard,9,8,swockmard,8,,stɑːkjɑːɹd,swɑːkmɑːɹd
8659,stole,5,4,stote,4,,stoʊl,stoʊt
8660,stolen,6,6,spoden,6,,stoʊlən,spoʊdən
8661,stomach,7,6,stopank,7,,stʌmək,stɑːpæŋk
8662,stone,5,4,stose,4,,stoʊn,stoʊs
8663,stood,5,4,stoot,4,,stʊd,stuːt
8664,stooge,6,4,stooze,4,,stuːdʒ,stuːz
8665,stool,5,4,stoob,4,,stuːl,stuːb
8666,stoop,5,4,stoof,4,,stuːp,stuːf
8667,stop,4,4,stiep,5,,stɑːp,stiːp
8668,stopwatch,9,7,stepwitch,7,,stɑːpwɑːtʃ,stɛpwɪtʃ
8669,storage,7,6,sturard,7,,stɔːɹɪdʒ,stjɚɹɑːɹd
8670,store,5,4,stogs,5,,stɔːɹ,stɑːɡz
8671,storeroom,9,7,sworeroam,6,,stɔːɹuːm,swɔːɹɚɹoʊm
8672,storied,7,6,slovied,6,,stɔːɹid,slʌvid
8673,stork,5,5,stoft,5,,stɔːɹk,stɔft
8674,storm,5,5,stosk,5,,stɔːɹm,stɑːsk
8675,story,5,5,swoby,5,,stɔːɹi,swoʊbi
8676,stout,5,4,steet,4,,staʊt,stiːt
8677,stove,5,4,stosh,4,,stoʊv,stɑːʃ
8678,straddle,8,6,stramfle,8,,stɹædəl,stɹæmfəl
8679,straight,8,5,strafe,5,,stɹeɪt,stɹeɪf
8680,straighten,10,6,scrautchen,7,,stɹeɪtən,skɹɔːtʃən
8681,straightforward,15,12,straightfonwarp,12,,stɹeɪtfɔːɹwɚd,stɹeɪtfənwɔːɹp
8682,straightway,11,7,scrautchmay,7,,stɹeɪtweɪ,skɹɔːtʃmeɪ
8683,strain,6,5,strail,5,,stɹeɪn,stɹeɪl
8684,strainer,8,7,stroiner,7,,stɹeɪnɚ,stɹɔɪnɚ
8685,strand,6,6,strind,6,,stɹænd,stɹɪnd
8686,strange,7,6,strawls,6,,stɹeɪndʒ,stɹɔːlz
8687,stranger,8,8,strunger,8,,stɹeɪndʒɚ,stɹʌndʒɚ
8688,strangle,8,8,strinble,8,,stɹæŋɡəl,stɹɪnbəl
8689,strangulate,11,11,strangolape,10,,stɹæŋɡjʊleɪt,stɹæŋɡəleɪp
8690,strangulation,13,13,strantulonion,13,,stɹæŋɡjʊleɪʃən,stɹæntʃəloʊniən
8691,strap,5,5,strup,5,,stɹæp,stɹʌp
8692,strategic,9,9,stratogin,9,,stɹətiːdʒɪk,stɹæɾədʒɪn
8693,strategist,10,10,stratogust,10,,stɹæɾɪdʒɪst,stɹæɾəɡʌst
8694,strategy,8,8,stratory,8,,stɹæɾədʒi,stɹæɾɚɹi
8695,stratosphere,12,10,stratisphare,10,,stɹæɾəsfɪɹ,stɹæɾɪsfɛɹ
8696,straw,5,4,strag,5,,stɹɔː,stɹæɡ
8697,strawberry,10,8,strawbezzy,8,,stɹɔːbɛɹi,stɹɔːbɛzi
8698,stray,5,4,stras,5,,stɹeɪ,stɹɑːz
8699,streak,6,5,streal,5,,stɹiːk,stɹiːəl
8700,stream,6,5,strome,5,,stɹiːm,stɹoʊm
8701,street,6,5,streef,5,,stɹiːt,stɹiːf
8702,strength,8,7,streorge,6,,stɹɛŋθ,stɹɪɔːɹdʒ
8703,strengthen,10,9,straunchen,8,,stɹɛŋθən,stɹɔːntʃən
8704,stress,6,5,struss,5,,stɹɛs,stɹʌs
8705,stretch,7,5,strotch,5,,stɹɛtʃ,stɹɑːtʃ
8706,stricken,8,7,strucken,7,,stɹɪkən,stɹʌkən
8707,strict,6,6,struct,6,,stɹɪkt,stɹʌkt
8708,stride,6,5,straish,5,,stɹaɪd,stɹeɪɪʃ
8709,striding,8,7,struding,7,,stɹaɪdɪŋ,stɹuːdɪŋ
8710,strike,6,5,struke,5,,stɹaɪk,stɹuːk
8711,string,6,5,strunk,6,,stɹɪŋ,stɹʌŋk
8712,strip,5,5,streeth,5,,stɹɪp,stɹiːθ
8713,stripe,6,5,strich,5,,stɹaɪp,stɹɪtʃ
8714,strive,6,5,strave,5,,stɹaɪv,stɹeɪv
8715,striving,8,7,struving,7,,stɹaɪvɪŋ,stɹuːvɪŋ
8716,stroke,6,5,strose,5,,stɹoʊk,stɹoʊz
8717,stroll,6,5,strock,5,,stɹoʊl,stɹɑːk
8718,strong,6,5,stroms,6,,stɹɔŋ,stɹɑːmz
8719,stronger,8,7,stringen,8,,stɹɔŋɡɚ,stɹɪndʒən
8720,stronghold,10,9,strangheld,9,,stɹɔŋhoʊld,stɹæŋhɛld
8721,strongly,8,7,stranglo,8,,stɹɔŋli,stɹæŋɡloʊ
8722,struck,6,5,strack,5,,stɹʌk,stɹæk
8723,structure,9,8,strictude,9,,stɹʌktʃɚ,stɹɪktuːd
8724,struggle,8,7,strustle,8,,stɹʌɡəl,stɹʌsəl
8725,strung,6,5,stroonk,6,,stɹʌŋ,stɹuːŋk
8726,stubble,7,6,studdle,6,,stʌbəl,stʌdəl
8727,stubborn,8,7,studdorn,6,,stʌbɚn,stʌdɔːɹn
8728,stuck,5,4,sture,5,,stʌk,stjʊɹ
8729,stud,4,4,stush,4,,stʌd,stʌʃ
8730,student,7,7,stidesh,6,,stuːdənt,staɪdəʃ
8731,studied,7,6,stevied,6,,stʌdid,stɛvid
8732,studio,6,7,sturia,6,,stuːdɪoʊ,stjɚɹɪə
8733,studious,8,8,sturioes,7,,stuːdiəs,stjɚɹɪoʊz
8734,study,5,5,stidy,5,,stʌdi,staɪdi
8735,stuff,5,4,stugs,5,,stʌf,stʌɡz
8736,stuffy,6,5,stoffy,5,,stʌfi,stɑːfi
8737,stumble,7,7,shurmle,6,,stʌmbəl,ʃɜːməl
8738,stump,5,5,stimp,5,,stʌmp,stɪmp
8739,stun,4,4,ston,4,,stʌn,stɑːn
8740,stung,5,4,stune,5,,stʌŋ,stuːn
8741,stunk,5,5,stute,5,,stʌŋk,stuːt
8742,stunt,5,5,stoont,5,,stʌnt,stuːnt
8743,stupendous,10,10,stupinmous,9,,stuːpɛndəs,stuːpɪnməs
8744,stupid,6,7,stogid,6,,stuːpɪd,stɑːdʒɪd
8745,stupidity,9,10,sturidicy,9,,stuːpɪdᵻɾi,stjɚɹɪdɪsi
8746,stupidly,8,9,stupinry,8,,stuːpɪdli,stuːpɪnɹi
8747,sturdy,6,6,starty,6,,stɜːdi,stɑːɹɾi
8748,stutter,7,6,stugger,6,,stʌɾɚ,stʌɡɚ
8749,sty,3,3,smy,3,,staɪ,smaɪ
8750,style,5,4,styfe,4,,staɪl,staɪf
8751,stylish,7,6,stilist,7,,staɪlɪʃ,stɪlɪst
8752,stylist,7,7,stilirt,7,,staɪlɪst,stɪlɜːt
8753,suave,5,4,surze,4,,swɑːv,sɜːz
8754,sub,3,3,sug,3,,sʌb,sʌɡ
8755,subcommittee,12,9,subconcitree,11,,sʌbkəmɪɾiː,sʌbkənsɪtɹiː
8756,subconscious,12,9,subcomstrous,11,,sʌbkɑːnʃəs,sʌbkɑːmstɹəs
8757,subdivide,9,8,subduvade,8,,sʌbdᵻvaɪd,sʌbdʒuːveɪd
8758,subject,7,7,sabjict,7,,sʌbdʒɛkt,sæbdʒɪkt
8759,subjective,10,9,subjictave,9,,sʌbdʒɛktɪv,sʌbdʒɪkteɪv
8760,sublime,7,6,siblame,6,,sʌblaɪm,sɪbleɪm
8761,submarine,9,8,submopine,8,,sʌbmɚɹiːn,sʌbməpaɪn
8762,submerge,8,7,sudmarge,7,,səbmɜːdʒ,sʌdmɑːɹdʒ
8763,submerse,8,7,sudmelse,7,,səbmɜːs,sʌdmɛls
8764,submit,6,6,sulnit,6,,səbmɪt,sʌlnɪt
8765,subnormal,9,9,subnardal,9,,sʌbnɔːɹməl,sʌbnɑːɹdəl
8766,subordinate,11,10,subolducate,11,,sʌbɔːɹdᵻnət,sʌboʊlduːkeɪt
8767,subscribe,9,8,sibscrabe,8,,səbskɹaɪb,sɪbskɹeɪb
8768,subsequent,10,10,subsoquint,10,,sʌbsᵻkwənt,sʌbsəkwɪnt
8769,subsequently,12,12,subsuprentry,12,,sʌbsᵻkwəntli,sʌbsuːpɹɛntɹi
8770,subside,7,6,sulsade,6,,sʌbsaɪd,sʌlseɪd
8771,subsidize,9,8,subsodase,8,,sʌbsɪdaɪz,sʌbsədeɪs
8772,subsidy,7,7,subsony,7,,sʌbsɪdi,sʌbsəni
8773,substance,9,8,sobstarce,8,,sʌbstəns,sɑːbstɑːɹs
8774,substandard,11,11,substintard,11,,sʌbstændɚd,sʌbstɪntɑːɹd
8775,substantial,11,10,substinrial,11,,səbstænʃəl,sʌbstɪnɹɪəl
8776,substantiate,12,11,subclanriase,11,,səbstænʃɪeɪt,sʌbklɐnɹɪeɪs
8777,substitute,10,10,substotate,9,,sʌbstɪtuːt,sʌbstoʊteɪt
8778,substitution,12,12,subpritative,11,,sʌbstɪtuːʃən,sʌbpɹᵻteɪɾɪv
8779,substructure,12,11,substrictude,12,,sʌbstɹʌktʃɚ,sʌbstɹɪktuːd
8780,subterranean,12,11,subtorrinuan,12,,sʌbtɪɹeɪniən,sʌbtɔɹɪnuːən
8781,subtitle,8,7,subtorle,8,,sʌbtaɪɾəl,sʌbtɔːɹl
8782,subtle,6,4,sabmle,6,,sʌɾəl,sæbməl
8783,subtly,6,5,sibfly,6,,sʌɾəli,sɪbflaɪ
8784,subtract,8,8,sabtruct,8,,sʌbtɹækt,sæbtɹʌkt
8785,subtropical,11,11,subtripinal,11,,sʌbtɹɑːpɪkəl,sʌbtɹɪpɪnəl
8786,suburb,6,6,sibarb,6,,sʌbɜːb,sɪbɑːɹb
8787,suburban,8,8,subulbin,8,,səbɜːbən,sʌbəlbɪn
8788,subway,6,5,sabmay,5,,sʌbweɪ,sæbmeɪ
8789,succeed,7,6,sunneed,6,,səksiːd,sʌniːd
8790,succeeding,10,8,succooding,8,,səksiːdɪŋ,sʌkuːdɪŋ
8791,success,7,6,suttess,5,,səksɛs,sʌɾɛs
8792,successive,10,8,succissave,8,,səksɛsɪv,səksɪseɪv
8793,succulent,9,9,succirent,9,,sʌkjʊlənt,səksaɪɹənt
8794,suck,4,3,zick,3,,sʌk,zɪk
8795,suckle,6,5,sorkle,6,,sʌkəl,sɔːɹkəl
8796,suckling,8,7,sickping,6,,sʌklɪŋ,sɪkpɪŋ
8797,sucrose,7,6,socruse,6,,suːkɹoʊs,sɑːkɹuːs
8798,suction,7,6,surtive,6,,sʌkʃən,sɜːɾɪv
8799,sudden,6,4,suppen,5,,sʌdən,səpɛn
8800,sue,3,2,soif,3,,suː,sɔɪf
8801,suede,5,4,sulge,4,,sweɪd,sʌldʒ
8802,suffer,6,5,sulper,6,,sʌfɚ,sʌlpɚ
8803,suffice,7,5,suppice,5,,səfaɪs,səpɪsɛ
8804,sufficiency,11,9,suffulianty,10,,səfɪʃənsi,sʌfjuːliənti
8805,suffix,6,6,summix,6,,sʌfɪks,sʌmɪks
8806,suffocate,9,7,suffucase,7,,sʌfəkeɪt,sʌfjuːkeɪs
8807,suffocation,11,9,suffetative,9,,sʌfəkeɪʃən,sʌfiːɾətɪv
8808,suffrage,8,6,suddrage,6,,sʌfɹɪdʒ,sʌdɹɪdʒ
8809,sugar,5,5,sular,5,,ʃʊɡɚ,suːlɚ
8810,sugarcane,9,8,sugancase,8,,ʃʊɡɚkeɪn,suːɡɐŋkeɪs
8811,suggest,7,7,suppest,6,,sədʒɛst,səpɛst
8812,suggestion,10,9,suggistoon,8,,sədʒɛstʃən,sʌɡɪstuːn
8813,suicidal,8,7,suimidar,8,,suːɪsaɪdəl,suːɪmɪdɑːɹ
8814,suicide,7,6,suocade,6,,suːɪsaɪd,sjuːəkeɪd
8815,suit,4,3,soig,3,,suːt,sɔɪɡ
8816,suitability,11,10,suitabolany,10,,suːɾəbɪlᵻɾi,suːɾɐbɑːləni
8817,suitable,8,7,suitabro,7,,suːɾəbəl,suːtæbɹoʊ
8818,suitableness,12,10,suitagleress,10,,suːɾəbəlnəs,suːɾɐɡəlɹəs
8819,suitcase,8,6,suidcare,7,,suːtkeɪs,suːɪdkɛɹ
8820,suite,5,4,soite,3,,swiːt,sɔɪt
8821,suiting,7,5,soitive,5,,suːɾɪŋ,sɔɪɾɪv
8822,sulfur,6,6,silphor,6,,sʌlfɜː,sɪlfɚ
8823,sulfuric,8,9,sulphorin,8,,sʌlfjʊɹɹɪk,sʌlfɔːɹɪn
8824,sullen,6,5,surren,5,,sʌlən,sɚɹɛn
8825,sultan,6,5,salfan,6,,sʌltən,sɔlfən
8826,summarily,9,8,sumparicy,9,,sʌmɛɹᵻli,sʌmpɐɹɪsi
8827,summarize,9,7,summorase,7,,sʌmɚɹaɪz,sʌmɔːɹeɪz
8828,summary,7,6,summony,6,,sʌmɚɹi,sʌməni
8829,summer,6,5,sugger,5,,sʌmɚ,sʌɡɚ
8830,summit,6,5,suggit,5,,sʌmɪt,sʌɡɪt
8831,summon,6,5,suggon,5,,sʌmən,sʌɡən
8832,summons,7,6,sammots,6,,sʌmənz,sæmɑːts
8833,sundae,6,5,sindam,6,,sʌndeɪ,sɪndəm
8834,sung,4,3,sunt,4,,sʌŋ,sʌnt
8835,sunk,4,4,sugs,4,,sʌŋk,sʌɡz
8836,sunken,6,6,sinben,6,,sʌŋkən,sɪnbən
8837,sunlight,8,6,sinright,6,,sʌnlaɪt,sɪnɹaɪt
8838,sunrise,7,6,sinrose,6,,sʌnɹaɪz,sɪnɹoʊz
8839,sunset,6,6,sinsut,6,,sʌnsɛt,sɪnsʌt
8840,sunshine,8,6,sinscone,7,,sʌnʃaɪn,sɪnskoʊn
8841,superabundant,13,13,superobinrant,14,,suːpɚɹɐbʌndənt,suːpɚɹɑːbɪnɹənt
8842,superb,6,6,soperk,6,,suːpɜːb,soʊpɜːk
8843,superficial,11,10,supecbinial,11,,suːpɚfɪʃəl,suːpɪkbɪnɪəl
8844,superior,8,8,supomier,7,,suːpiəɹɪɚ,suːpəmiɚ
8845,supernatural,12,12,supernemutal,12,,suːpɚnætʃɚɹəl,suːpɚnɛmjuːɾəl
8846,superstructure,14,13,superstractend,13,,suːpɚstɹʌktʃɚ,suːpɚstɹæktɛnd
8847,supervise,9,8,suporvase,8,,suːpɚvaɪz,suːpɔːɹveɪs
8848,supervision,11,10,sucerbisive,10,,suːpɚvɪʒən,suːsɚbaɪsɪv
8849,supervisor,10,10,suternibor,10,,suːpɚvaɪzɚ,suːtɚnɪbɚ
8850,supervisory,11,11,supervosiry,10,,suːpɚvɪsɚɹi,suːpɚvɑːsaɪɚɹi
8851,supper,6,5,suzzer,5,,sʌpɚ,sʌzɚ
8852,supplement,10,9,supplorent,9,,sʌplɪmənt,səplɔːɹənt
8853,supplemental,12,10,supplomerdal,11,,sʌplɪmɛntəl,səploʊmɚdəl
8854,supply,6,5,suffly,5,,səplaɪ,sʌfli
8855,support,7,6,sippark,6,,səpɔːɹt,sɪpɑːɹk
8856,suppose,7,5,suffose,5,,səpoʊz,sʌfoʊs
8857,supposed,8,6,sippides,6,,səpoʊzd,sɪpaɪdz
8858,suppository,11,10,supposotany,10,,səpɑːzɪtɔːɹi,səpɑːsətəni
8859,suppress,8,6,sippriss,6,,səpɹɛs,sɪpɹɪs
8860,supremacy,9,9,supracaty,9,,suːpɹɛməsi,suːpɹəkeɪɾi
8861,supreme,7,6,soprime,6,,suːpɹiːm,sɑːpɹaɪm
8862,sure,4,3,soont,4,,ʃʊɹ,suːnt
8863,surface,7,6,sorfade,6,,sɜːfɪs,sɔːɹfeɪd
8864,surfboard,9,8,surtbeard,8,,sɜːfbɔːɹd,sɜːtbɪɹd
8865,surgeon,7,6,sarteon,6,,sɜːdʒən,sɑːɹɾɪən
8866,surgery,7,7,surguly,8,,sɜːdʒɚɹi,sɜːɡjuːli
8867,surgical,8,8,surgoral,8,,sɜːdʒɪkəl,sɜːɡɚɹəl
8868,surname,7,6,sarnate,6,,sɜːneɪm,sɑːɹneɪt
8869,surpass,7,6,sarpiss,6,,sɚpæs,sɑːɹpɪs
8870,surplus,7,7,sunplis,7,,sɜːplʌs,sʌnpliz
8871,surprise,8,7,sunprite,7,,sɚpɹaɪz,sʌnpɹaɪt
8872,surrender,9,8,surrinmer,8,,sɚɹɛndɚ,sɚɹɪnmɚ
8873,surrogate,9,7,surrugale,7,,sɜːɹəɡət,sɚɹuːɡeɪl
8874,surround,8,6,suppound,6,,sɚɹaʊnd,səpaʊnd
8875,survey,6,5,sarvoy,5,,sɜːveɪ,sɑːɹvɔɪ
8876,surveying,9,7,survoying,7,,sɚveɪɪŋ,sɚvɔɪɪŋ
8877,survive,7,6,sarvave,6,,sɚvaɪv,sɑːɹveɪv
8878,susceptible,11,10,susmetrinle,11,,səsɛptᵻbəl,sʌsmɪtɹɪnəl
8879,suspect,7,7,surpict,7,,sʌspɛkt,sɜːpɪkt
8880,suspend,7,7,surlend,7,,səspɛnd,sɜːlɛnd
8881,suspense,8,7,surpelse,7,,səspɛns,sɜːpɛls
8882,suspicion,9,8,susporion,9,,səspɪʃən,səspɔːɹiən
8883,sustain,7,6,sistope,6,,səsteɪn,sɪstoʊp
8884,swab,4,4,swib,4,,swɑːb,swɪb
8885,swallow,7,5,swaffow,5,,swɔloʊ,swɑːfaʊ
8886,swam,4,4,swal,4,,swæm,swɑːl
8887,swamp,5,5,swimp,5,,swɑːmp,swɪmp
8888,swan,4,4,swin,4,,swɑːn,swɪn
8889,swap,4,4,swof,4,,swɑːp,swɑːf
8890,swarm,5,5,swarth,5,,swɔːɹm,swɔːɹθ
8891,swastika,8,8,swastoki,8,,swæstɪkə,swæstoʊki
8892,swat,4,4,snat,4,,swɑːt,snæt
8893,sway,4,3,scay,3,,sweɪ,skeɪ
8894,swear,5,4,sweer,4,,swɛɹ,swɪɹ
8895,sweat,5,4,swoot,4,,swɛt,swuːt
8896,sweater,7,6,sweaker,6,,swɛɾɚ,swiːkɚ
8897,swede,5,4,swemp,5,,swiːd,swɛmp
8898,Swedish,7,6,slegish,6,,swiːdɪʃ,slɛdʒɪʃ
8899,sweep,5,4,swees,4,,swiːp,swiːz
8900,sweepstakes,11,9,sweetspakes,9,,swiːpsteɪks,swiːtspeɪks
8901,sweetbread,10,8,sweepbroad,8,,swiːtbɹɛd,swiːpbɹɔːd
8902,sweeten,7,5,sweepen,6,,swiːʔn̩,swiːpən
8903,sweetheart,10,8,sweephearl,8,,swiːthɑːɹt,swiːfɪɹl
8904,swell,5,4,swash,4,,swɛl,swɑːʃ
8905,swept,5,5,swelf,5,,swɛpt,swɛlf
8906,swerve,6,5,swelve,5,,swɜːv,swɛlv
8907,swift,5,5,swirk,5,,swɪft,swɜːk
8908,swim,4,4,snim,4,,swɪm,snɪm
8909,swimsuit,8,7,swumsait,7,,swɪmsuːt,swʌmseɪt
8910,swindle,7,6,swangle,7,,swɪndəl,swɑːŋɡəl
8911,swine,5,4,swink,5,,swaɪn,swɪŋk
8912,swing,5,4,swiet,5,,swɪŋ,swaɪət
8913,swipe,5,4,swice,4,,swaɪp,swaɪs
8914,swirl,5,5,swirm,5,,swɜːl,swɜːm
8915,swish,5,4,swive,4,,swɪʃ,swaɪv
8916,Swiss,5,4,swile,4,,swɪs,swaɪl
8917,switch,6,4,swikes,5,,swɪtʃ,swaɪks
8918,swivel,6,6,swoven,6,,swɪvəl,swoʊvən
8919,swollen,7,6,sninlet,7,,swoʊlən,snɪnlɪt
8920,swoop,5,4,swood,4,,swuːp,swʊd
8921,sword,5,4,swork,5,,sɔːɹd,swɜːk
8922,swordsman,9,8,swurdsten,9,,sɔːɹdzmən,swɜːdsʔn̩
8923,swore,5,4,swone,4,,swɔːɹ,swʌn
8924,sworn,5,5,swold,5,,swɔːɹn,swoʊld
8925,swung,5,4,swong,4,,swʌŋ,swʌŋɡ
8926,syllable,8,7,syllomle,7,,sɪləbəl,sɪlɑːməl
8927,syllabus,8,7,syllobis,7,,sɪlæbəs,sɪləbɪs
8928,symbolic,8,8,symbilin,8,,sɪmbɑːlɪk,sɪmbɪlɪn
8929,symbolism,9,10,symbilive,8,,sɪmbəlɪzəm,sɪmbɪlɪv
8930,symbolization,13,12,symboloramion,13,,sɪmbəlᵻzeɪʃən,sɪmbəlɔːɹæmiən
8931,symbolize,9,8,symbilase,8,,sɪmbəlaɪz,sɪmbɪleɪz
8932,symmetrical,11,10,symcetniral,11,,sɪmɛtɹɪkəl,sɪmsɪtnɜːɹəl
8933,symmetry,8,7,symmopry,7,,sɪmətɹi,sɪmɑːpɹi
8934,sympathetic,11,10,symcatherid,10,,sɪmpəθɛɾɪk,sɪmkɐθɜːɹɪd
8935,sympathize,10,8,sympothaze,8,,sɪmpəθaɪz,sɪmpəθeɪz
8936,sympathy,8,7,symlaphy,7,,sɪmpəθi,sɪmlæfi
8937,symphony,8,7,symphury,7,,sɪmfəni,sɪmfjʊɹi
8938,symptom,7,7,sampten,7,,sɪmptəm,sæmpʔn̩
8939,synchronize,11,9,synchrulize,9,,sɪŋkɹənaɪz,sɪŋkɹəlaɪz
8940,syndicate,9,8,syncidate,8,,sɪndᵻkeɪt,sɪnsᵻdeɪt
8941,syndication,11,10,synpitative,10,,sɪndɪkeɪʃən,sɪnpᵻteɪɾɪv
8942,syndrome,8,7,sandrame,7,,sɪndɹoʊm,sændɹeɪm
8943,synonym,7,7,synurym,7,,sɪnənɪm,sɪnjʊɹɪm
8944,synonymous,10,9,syninymion,10,,sɪnɑːnɪməs,sɪnɪnɪmiən
8945,synthesis,9,8,synthasus,8,,sɪnθəsɪs,sɪnθæsəs
8946,synthetic,9,8,synthotin,8,,sɪnθɛɾɪk,sɪnθətɪn
8947,syringe,7,6,sarunge,6,,sɪɹɪndʒ,sɑːɹɹʌndʒ
8948,syrup,5,5,sarub,5,,sɪɹʌp,sɑːɹɹʌb
8949,system,6,6,syntey,5,,sɪstəm,sɪnti
8950,systematic,10,10,systeretid,10,,sɪstəmæɾɪk,sɪstɚɹɛɾɪd
8951,systemize,9,8,systamase,8,,sɪstɪmaɪz,sɪstɐmeɪs
8952,tab,3,3,tob,3,,tæb,tɑːb
8953,table,5,5,tomle,5,,teɪbəl,tɑːməl
8954,tablecloth,10,9,tabloclath,9,,teɪbəlklɔθ,tæbləklæθ
8955,tablespoon,10,9,tablospeen,9,,teɪbəlspuːn,tæbləspiːn
8956,tablespoonful,13,12,taplespeendul,12,,teɪbəlspuːnfəl,tæplɪspiːndʌl
8957,tablet,6,6,tiblen,6,,tæblət,tɪblən
8958,tableware,9,8,tablowade,8,,teɪbəlwɛɹ,tæbloʊəd
8959,taboo,5,4,tobee,4,,tæbuː,toʊbiː
8960,tabulation,10,10,tabucative,10,,tæbjʊleɪʃən,tæbjuːkətɪv
8961,tack,4,3,tash,3,,tæk,tæʃ
8962,tackle,6,5,tockle,5,,tækəl,tɑːkəl
8963,tacky,5,4,tucky,4,,tæki,tʌki
8964,tact,4,4,tafe,3,,tækt,teɪf
8965,tactic,6,6,tuctib,6,,tæktɪk,tʌktɪb
8966,tadpole,7,6,tidpile,6,,tædpoʊl,tɪdpaɪl
8967,taffy,5,4,tazzy,4,,tæfi,tæzi
8968,tag,3,3,tog,3,,tæɡ,tɑːɡ
8969,tail,4,3,tark,4,,teɪl,tɑːɹk
8970,tailless,8,6,tainness,6,,teɪlləs,teɪnnəs
8971,tailor,6,5,toilon,5,,teɪlɚ,tɔɪlɑːn
8972,taint,5,4,taits,4,,teɪnt,teɪts
8973,take,4,3,tade,3,,teɪk,teɪd
8974,taken,5,4,tokif,5,,teɪkən,tɑːkɪf
8975,talent,6,6,tolert,6,,tælənt,tɑːlɚt
8976,talk,4,3,tarm,4,,tɔːk,tɑːɹm
8977,talkative,9,7,talkomive,7,,tɔːkətɪv,tɔːkəmɪv
8978,tall,4,3,tain,3,,tɔːl,teɪn
8979,tambourine,10,8,tambearane,8,,tæmbɚɹiːn,tæmbɛɹən
8980,tame,4,3,jame,3,,teɪm,dʒeɪm
8981,tan,3,3,tam,3,,tæn,tæm
8982,tang,4,3,tave,3,,tæŋ,teɪv
8983,tangent,7,7,tongint,7,,tændʒənt,tɑːŋɡɪnt
8984,tangerine,9,8,tangorane,8,,tændʒɚɹiːn,tæŋɡɔːɹeɪn
8985,tangible,8,8,tangorle,8,,tændʒɪbəl,tæŋɡɔːɹl
8986,tangle,6,6,tongly,5,,tæŋɡəl,tɑːŋli
8987,tango,5,5,tongu,5,,tæŋɡoʊ,tʌŋɡuː
8988,tank,4,4,toink,4,,tæŋk,tɔɪŋk
8989,tanker,6,6,tonker,6,,tæŋkɚ,tɔŋkɚ
8990,tanner,6,5,taffer,5,,tænɚ,tæfɚ
8991,tantalize,9,7,tantolaze,8,,tæntəlaɪz,tæntəleɪz
8992,tantrum,7,7,tuntoom,6,,tæntɹəm,tʌntuːm
8993,tap,3,3,tach,3,,tæp,tæk
8994,tape,4,3,tage,3,,teɪp,teɪdʒ
8995,tapeworm,8,7,tanewort,7,,teɪpwɜːm,teɪnwɔːɹt
8996,tapioca,7,7,tapiola,7,,tæpɪoʊkə,tæpɪoʊlə
8997,taps,4,4,tadge,3,,tæps,tædʒ
8998,tar,3,3,ter,3,,tɑːɹ,tɜː
8999,tardy,5,5,turpy,5,,tɑːɹdi,tɜːpi
9000,target,6,6,tancet,6,,tɑːɹɡɪt,tænsɪt
9001,tariff,6,5,turaff,5,,tæɹɪf,tjɚɹæf
9002,tarnish,7,6,tanmish,6,,tɑːɹnɪʃ,tænmɪʃ
9003,tart,4,4,tarze,4,,tɑːɹt,tɑːɹz
9004,task,4,4,tisk,4,,tæsk,tɪsk
9005,tassel,6,5,tarrel,5,,tæsəl,tæɹəl
9006,taste,5,4,taids,4,,teɪst,teɪdz
9007,tasty,5,5,tusty,5,,teɪsti,tʌsti
9008,tattle,6,4,tapple,5,,tæɾəl,tæpəl
9009,tattoo,6,4,tappoo,4,,tætuː,tæpuː
9010,taught,6,3,taunch,4,,tɔːt,tɔːntʃ
9011,taunt,5,4,toont,4,,tɔːnt,tuːnt
9012,tavern,6,6,toverd,6,,tævɚn,toʊvɜːd
9013,tax,3,4,toox,4,,tæks,tuːks
9014,taxation,8,8,taxorion,9,,tækseɪʃən,tæksɔːɹiən
9015,taxi,4,5,toxa,4,,tæksi,tɑːksə
9016,taxicab,7,8,taxocub,8,,tæksɪkæb,tæksəkʌb
9017,taxpayer,8,8,taxmayen,8,,tækspeɪɚ,tæksmeɪən
9018,teach,5,3,toash,3,,tiːtʃ,toʊʃ
9019,teacher,7,5,toachen,5,,tiːtʃɚ,toʊtʃən
9020,team,4,3,tierf,4,,tiːm,tɪɹf
9021,teammate,8,6,toommard,7,,tiːmeɪt,tuːmɚd
9022,tear,4,3,tead,3,,tɪɹ,tiːd
9023,tease,5,3,tures,5,,tiːz,tjʊɹz
9024,teaspoon,8,6,terspeen,7,,tiːspuːn,tɜːspiːn
9025,teat,4,3,tiat,4,,tiːt,tiːət
9026,technical,9,8,technoral,8,,tɛknɪkəl,tɛknɚɹəl
9027,technicality,12,11,technicolary,11,,tɛknɪkælᵻɾi,tɛknɪkoʊlɛɹi
9028,technician,10,8,technorian,9,,tɛknɪʃən,tɛknɔːɹiən
9029,technique,9,6,tertnoque,7,,tɛkniːk,tɜːtnoʊk
9030,technological,13,12,technolagoral,12,,tɛknəlɑːdʒɪkəl,tɛknəlæɡɚɹəl
9031,technology,10,9,technilocy,9,,tɛknɑːlədʒi,tɛknɪlɑːsi
9032,tedious,7,6,tecioos,6,,tiːdiəs,tɛsɪuːz
9033,teen,4,3,tien,4,,tiːn,taɪn
9034,teens,5,4,tiens,5,,tiːnz,taɪnz
9035,teeny,5,4,toomy,4,,tiːni,tuːmi
9036,teeth,5,3,toath,3,,tiːθ,toʊθ
9037,telecast,8,8,telocist,8,,tɛlᵻkæst,tɛləsɪst
9038,telecommunication,17,16,telecompuribation,17,,tɛlᵻkəmjuːnɪkeɪʃən,tɛlᵻkɑːmpjʊɹɹɪbeɪʃən
9039,telegram,8,8,telogrim,8,,tɛlᵻɡɹæm,tɛlɑːɡɹɪm
9040,telegrapher,11,10,telermaphic,9,,tɛlᵻɡɹəfɚ,tɛlᵻəmæfɪk
9041,telegraphic,11,10,teletrastid,11,,tɛlᵻɡɹæfɪk,tɛlᵻtɹæstɪd
9042,telepathy,9,8,telerachy,8,,təlɛpəθi,tɛlᵻɹæki
9043,telephone,9,7,telophane,7,,tɛlᵻfoʊn,tɛləfeɪn
9044,telephonic,10,9,telepronac,10,,tɛlᵻfɑːnɪk,tɛlᵻpɹɑːnæk
9045,telephoto,9,8,telephiro,8,,tɛlᵻfoʊɾoʊ,tɛlᵻfiəɹoʊ
9046,telescope,9,8,teloscape,8,,tɛlᵻskoʊp,tɛləskeɪp
9047,telescopic,10,10,telestepir,10,,tɛlᵻskɑːpɪk,tɛlᵻstɛpɪɹ
9048,televise,8,7,telovase,7,,tɛlᵻvaɪz,tɛləveɪs
9049,television,10,9,telebitive,9,,tɛlᵻvɪʒən,tɛlᵻbᵻtɪv
9050,tell,4,3,tesh,3,,tɛl,tɛʃ
9051,temper,6,6,tomfer,6,,tɛmpɚ,tɑːmfɚ
9052,temperament,11,11,temporozint,11,,tɛmpɹəmənt,tɛmpɔːɹɑːzɪnt
9053,temperamental,13,12,temperamindal,13,,tɛmpɹəmɛntəl,tɛmpɚɹæmaɪndəl
9054,temperate,9,8,temporase,8,,tɛmpɚɹət,tɛmpɔːɹeɪz
9055,temperature,11,10,temporotude,11,,tɛmpɹɪtʃɚ,tɛmpɔːɹɑːɾuːd
9056,tempest,7,7,tumbest,7,,tɛmpɪst,tʌmɪst
9057,temple,6,6,tomble,6,,tɛmpəl,tuːməl
9058,temporal,8,8,tempatal,8,,tɛmpɚɹəl,tɛmpæɾəl
9059,temporarily,11,11,temporatomy,11,,tɛmpɚɹɛɹᵻli,tɛmpɔːɹæɾəmi
9060,temporary,9,9,temtonary,9,,tɛmpɚɹɛɹi,tɛmtənɛɹi
9061,tempt,5,5,telsh,4,,tɛmpt,tɛlʃ
9062,temptation,10,9,temptotoon,9,,tɛmpteɪʃən,tɛmptətuːn
9063,ten,3,3,tinth,4,,tɛn,tɪnθ
9064,tenant,6,6,tonash,5,,tɛnənt,tɑːnæʃ
9065,tend,4,4,tert,4,,tɛnd,tɜːt
9066,tendency,8,8,tendinry,8,,tɛndənsi,tɛndɪnɹi
9067,tender,6,6,tanzer,6,,tɛndɚ,tænzɚ
9068,tenderfoot,10,9,tendormoot,9,,tɛndɚfʊt,tɛndɔːɹmuːt
9069,tenderhearted,13,12,tenberhounter,11,,tɛndɚhɑːɹɾᵻd,tɛnbɚhaʊntɚ
9070,tenderize,9,8,tendorase,8,,tɛndɚɹaɪz,tɛndɔːɹeɪz
9071,tenderloin,10,9,tendorlain,9,,tɛndɚlɔɪn,tɛndɔːɹleɪn
9072,tendon,6,6,tondin,6,,tɛndən,tɑːndɪn
9073,tennis,6,5,teppis,5,,tɛnɪs,tɛpiz
9074,tenor,5,5,tifor,5,,tɛnɚ,tɪfɚ
9075,tense,5,4,telms,5,,tɛns,tɛlmz
9076,tension,7,6,tunsive,6,,tɛnʃən,tʌnsɪv
9077,tent,4,4,tunt,4,,tɛnt,tʌnt
9078,tentacle,8,8,tentomle,8,,tɛntəkəl,tɛntɑːməl
9079,tentative,9,8,tentotave,8,,tɛntətɪv,tɛntoʊteɪv
9080,tequila,7,6,teguilo,6,,təkiːlə,tɛɡwɪloʊ
9081,term,4,4,telk,4,,tɜːm,tɛlk
9082,terminal,8,7,terrifal,7,,tɜːmɪnəl,tɛɹɪfəl
9083,terminate,9,8,terfirate,8,,tɜːmᵻneɪt,tɜːfᵻɹeɪt
9084,termination,11,10,tercimative,10,,tɜːmᵻneɪʃən,tɜːsɪmətɪv
9085,terminology,11,11,terminalory,11,,tɜːmɪnɑːlədʒi,tɜːmɪnælɚɹi
9086,termite,7,6,tarmate,6,,tɜːmaɪt,tɑːɹmeɪt
9087,terrace,7,5,teppace,5,,tɛɹɪs,tɛpeɪs
9088,terrain,7,5,teppain,5,,tɚɹeɪn,tɛpeɪn
9089,terrible,8,7,terromle,7,,tɛɹᵻbəl,tɛɹɑːməl
9090,terrier,7,6,terroen,6,,tɛɹiɚ,tɛɹoʊn
9091,terrific,8,7,terrofin,7,,tɚɹɪfɪk,tɛɹəfɪn
9092,terrify,7,6,terromy,6,,tɛɹᵻfaɪ,tɛɹəmi
9093,territorial,11,10,tersitudian,11,,tɛɹɪtɔːɹɪəl,tɜːsɪtuːdiən
9094,territory,9,8,termicoly,9,,tɛɹɪtɔːɹi,tɜːmɪkɑːli
9095,terror,6,5,teffor,5,,tɛɹɚ,tɛfɚ
9096,test,4,4,terg,4,,tɛst,tɜːɡ
9097,testament,9,9,testomint,9,,tɛstəmənt,tɛstəmɪnt
9098,tester,6,6,tister,6,,tɛstɚ,tɪstɚ
9099,testes,6,6,tictis,6,,tɛstiːz,tɪktiz
9100,testicle,8,8,testople,8,,tɛstɪkəl,tɛstɑːpəl
9101,testify,7,7,testory,7,,tɛstᵻfaɪ,tɛstɚɹi
9102,testimonial,11,11,testomitian,11,,tɛstᵻmoʊnɪəl,tɛstəmɪʃən
9103,testimony,9,9,testedocy,9,,tɛstᵻməni,tɛstɪdɑːsi
9104,testy,5,5,tisty,5,,tɛsti,tɪsti
9105,text,4,5,tewt,4,,tɛkst,tuːt
9106,textbook,8,8,tertbeek,7,,tɛkstbʊk,tɜːtbiːk
9107,textile,7,7,tertale,6,,tɛkstaɪl,tɜːɾeɪl
9108,texture,7,7,tedtore,6,,tɛkstʃɚ,tɛdtɚ
9109,thank,5,4,thash,3,,θæŋk,θæʃ
9110,thanksgiving,12,10,thanksgoring,10,,θæŋksɡɪvɪŋ,θæŋksɡɚɹɪŋ
9111,thaw,4,2,thadge,3,,θɔː,θædʒ
9112,theater,7,6,theopre,5,,θiəɾɚ,θiːəpɹɛ
9113,theatrical,10,9,theaclinal,9,,θiːætɹɪkəl,θiːklɪnəl
9114,theft,5,4,theld,4,,θɛft,θɛld
9115,theme,5,3,thert,4,,θiːm,ðɜːt
9116,themselves,10,8,thimserves,8,,ðɛmsɛlvz,θɪmsɜːvz
9117,theology,8,7,theoropy,7,,θɪɑːlədʒi,θiəɹəpi
9118,theoretical,11,10,theorecimal,10,,θiəɹɛɾɪkəl,θiəɹɪsɪməl
9119,theorize,8,6,thearaze,6,,θiəɹaɪz,θɪɹəz
9120,theory,6,4,theamy,5,,θiəɹi,θiːmi
9121,therapeutic,11,10,therapaetis,9,,θɛɹəpjuːɾɪk,θɛɹəpiːɾiz
9122,therapy,7,6,theromy,6,,θɛɹəpi,ðɚɹoʊmi
9123,therefore,9,6,thurefare,6,,ðɛɹfɔːɹ,θjʊɹɹɪfɛɹ
9124,thermal,7,6,thormil,6,,θɜːməl,θɔːɹmɪl
9125,thermometer,11,10,thermineber,10,,θɜːmɑːmɪɾɚ,θɜːmaɪnbɚ
9126,thermostat,10,9,thermestit,9,,θɜːməstæt,θɜːmɪstɪt
9127,thermostatic,12,11,thermicratid,11,,θɜːməstæɾɪk,θɜːmɪkɹæɾɪd
9128,these,5,3,thuse,3,,ðiːz,ðjuːs
9129,thesis,6,5,thasus,5,,θiːsɪs,θæsəs
9130,thick,5,3,thodge,3,,θɪk,θɑːdʒ
9131,thicken,7,5,thocken,5,,θɪkən,θɑːkən
9132,thicket,7,5,thocket,5,,θɪkɪt,θɑːkɪt
9133,thief,5,3,thouf,3,,θiːf,θuːf
9134,thieve,6,3,thiest,5,,θiːv,θiːst
9135,thievery,8,6,thieveny,6,,θiːvɚɹi,θiːvɛni
9136,thieves,7,4,thooves,4,,θiːvz,θuːvz
9137,thigh,5,2,thisk,4,,θaɪ,θɪsk
9138,thimble,7,6,thittle,5,,θɪmbəl,θɪɾəl
9139,thin,4,3,thun,3,,θɪn,θʌn
9140,thing,5,3,thive,3,,θɪŋ,θaɪv
9141,think,5,4,thoonk,4,,θɪŋk,θuːŋk
9142,thinner,7,5,thimmer,5,,θɪnɚ,θɪmɚ
9143,third,5,4,thirk,4,,θɜːd,θɜːk
9144,thirst,6,5,thorst,5,,θɜːst,θɔːɹst
9145,thirteen,8,6,thartoon,6,,θɜːtiːn,θɑːɹtuːn
9146,thirty,6,5,thorty,5,,θɜːɾi,θɔːɹɾi
9147,thistle,7,5,thasple,6,,θɪsəl,θæspəl
9148,thong,5,3,thielve,5,,θɑːŋ,θiːlv
9149,thorn,5,4,thurg,4,,θɔːɹn,θɜːɡ
9150,thorough,8,4,thurogue,5,,θʌɹoʊ,θjʊɹɹoʊɡ
9151,thoroughbred,12,8,thorouldbrid,10,,θʌɹoʊbɹɛd,θɔːɹʊdbɹɪd
9152,those,5,3,thoke,3,,ðoʊz,θoʊk
9153,thought,7,3,thounce,4,,θɔːt,θaʊns
9154,thousand,8,6,thursank,7,,θaʊzənd,θɜːsæŋk
9155,thrash,6,4,thrank,5,,θɹæʃ,θɹæŋk
9156,thread,6,4,throod,4,,θɹɛd,θɹuːd
9157,threat,6,4,threash,4,,θɹɛt,θɹiːʃ
9158,three,5,3,threa,4,,θɹiː,θɹiə
9159,threshold,9,8,thrushald,7,,θɹɛʃoʊld,θɹʌʃəld
9160,threw,5,3,thraw,3,,θɹuː,θɹɔː
9161,thrift,6,5,thraft,5,,θɹɪft,θɹæft
9162,thrill,6,4,thrigs,5,,θɹɪl,θɹɪɡz
9163,thrive,6,4,thrave,4,,θɹaɪv,θɹeɪv
9164,thriving,8,6,thruding,6,,θɹaɪvɪŋ,θɹuːdɪŋ
9165,throat,6,4,troosh,4,,θɹoʊt,tɹuːʃ
9166,throb,5,4,thrub,4,,θɹɑːb,θɹʌb
9167,throne,6,4,threen,4,,θɹoʊn,θɹiːn
9168,throughout,10,5,throuseout,6,,θɹuːaʊt,θɹaʊsɪaʊt
9169,throw,5,3,throg,4,,θɹoʊ,θɹɑːɡ
9170,thrust,6,5,throost,5,,θɹʌst,θɹuːst
9171,thud,4,3,thed,3,,θʌd,θɛd
9172,thumb,5,3,thowl,3,,θʌm,θaʊl
9173,thump,5,4,thamp,4,,θʌmp,θæmp
9174,thunder,7,6,thinper,6,,θʌndɚ,θɪnpɚ
9175,thundershower,13,10,thundorcrepar,12,,θʌndɚʃaʊɚ,θʌndɔːɹkɹɛpɑːɹ
9176,Thursday,8,6,Thorsmay,6,,θɜːzdeɪ,θɔːɹsmeɪ
9177,thyroid,7,5,thamoid,5,,θaɪɹɔɪd,θæmɔɪd
9178,thyself,7,6,thoseft,6,,ðaɪsɛlf,θoʊsəft
9179,ticket,6,5,tocket,5,,tɪkɪt,tɑːkɪt
9180,ticking,7,5,tirking,6,,tɪkɪŋ,tɜːkɪŋ
9181,tickle,6,5,tuckly,5,,tɪkəl,tʌkli
9182,tidal,5,4,todal,5,,taɪdəl,toʊdəl
9183,tidbit,6,6,tilsit,6,,tɪdbɪt,tɪlsɪt
9184,tide,4,3,timp,4,,taɪd,tɪmp
9185,tidy,4,4,topy,4,,taɪdi,toʊpi
9186,tie,3,2,teo,3,,taɪ,tiːoʊ
9187,tiger,5,5,toker,5,,taɪɡɚ,toʊkɚ
9188,tight,5,3,tilks,5,,taɪt,tɪlks
9189,tights,6,4,tidged,4,,taɪts,tɪdʒd
9190,tile,4,3,tife,3,,taɪl,taɪf
9191,tilt,4,4,tauk,3,,tɪlt,tɔːk
9192,timber,6,6,tamfer,6,,tɪmbɚ,tæmfɚ
9193,time,4,3,toadge,3,,taɪm,toʊdʒ
9194,times,5,4,tudes,5,,taɪmz,tuːdz
9195,timetable,9,8,timetomle,8,,taɪmteɪbəl,taɪmtɑːməl
9196,timid,5,5,tamod,5,,tɪmɪd,tæmɑːd
9197,timidity,8,8,timisipy,8,,tɪmɪdᵻɾi,tɪmɪsɪpi
9198,timidly,7,7,timodry,7,,tɪmɪdli,tɪmɑːdɹi
9199,tin,3,3,tid,3,,tɪn,tɪd
9200,tinfoil,7,6,tanfoid,6,,tɪnfɔɪl,tænfɔɪd
9201,tingle,6,6,tamkle,6,,tɪŋɡəl,tæmkəl
9202,tinkle,6,6,tonble,6,,tɪŋkəl,tɑːnbəl
9203,tinsel,6,6,tandle,6,,tɪnsəl,tændəl
9204,tint,4,4,tinst,5,,tɪnt,tɪnst
9205,tiny,4,4,tomy,4,,taɪni,toʊmi
9206,tip,3,3,gip,3,,tɪp,dʒɪp
9207,tipsy,5,5,topry,5,,tɪpsi,tɑːpɹi
9208,tiptoe,6,5,toptie,5,,tɪptoʊ,tɑːpti
9209,tire,4,4,tist,4,,taɪɚ,tɪst
9210,tired,5,5,tured,5,,taɪɚd,tjʊɹd
9211,tireless,8,7,torkness,7,,taɪɚləs,tɔːɹknəs
9212,tissue,6,4,tippue,5,,tɪʃuː,tɪpjuː
9213,tit,3,3,tish,3,,tɪt,tɪʃ
9214,titan,5,4,totin,5,,taɪtən,toʊtɪn
9215,titanic,7,7,titonid,7,,taɪtænɪk,tɪtənɪd
9216,title,5,4,torle,5,,taɪɾəl,tɔːɹl
9217,titled,6,5,tomled,6,,taɪɾəld,tɑːməld
9218,toad,4,3,tood,3,,toʊd,tuːd
9219,toast,5,4,toost,4,,toʊst,tuːst
9220,toaster,7,6,toisten,6,,toʊstɚ,tɔɪsən
9221,toastmaster,11,10,toastmisfer,10,,toʊstmæstɚ,toʊstmɪsfɚ
9222,tobacco,7,6,toballo,6,,təbækoʊ,toʊbæloʊ
9223,today,5,4,tumay,4,,tədeɪ,tuːmeɪ
9224,toe,3,2,toust,4,,toʊ,taʊst
9225,toenail,7,5,tormail,6,,toʊneɪl,tɔːɹmeɪl
9226,toga,4,4,tago,4,,toʊɡə,teɪɡoʊ
9227,together,8,7,toguther,7,,təɡɛðɚ,tɑːɡʌðɚ
9228,toil,4,3,toin,3,,tɔɪl,tɔɪn
9229,toilet,6,5,torfet,6,,tɔɪlɪt,tɔːɹfɪt
9230,toiletry,8,7,toilotmy,7,,tɔɪlɪtɹi,tɔɪlɑːtmi
9231,token,5,5,tuker,5,,toʊkən,tuːkɚ
9232,told,4,4,toldge,4,,toʊld,toʊlddʒ
9233,tolerable,9,9,tolarofly,9,,tɑːlɚɹəbəl,toʊlɐɹɑːfli
9234,tolerance,9,8,tolorarce,8,,tɑːlɚɹəns,tɑːlɔːɹɑːɹs
9235,tolerate,8,7,tolorase,7,,tɑːlɚɹeɪt,tɑːlɔːɹeɪz
9236,toleration,10,9,tolaramive,9,,tɑːlɚɹeɪʃən,toʊlɐɹæmɪv
9237,toll,4,3,toidge,3,,toʊl,tɔɪdʒ
9238,tomahawk,8,7,tomohark,8,,tɑːmɐhɔːk,tɑːmoʊhɑːɹk
9239,tomato,6,6,tometa,6,,təmeɪɾoʊ,toʊmtə
9240,tomb,4,3,tobe,3,,tuːm,toʊb
9241,tomboy,6,5,timbay,5,,tɑːmbɔɪ,tɪmbeɪ
9242,tombstone,9,7,timbstane,8,,tuːmstoʊn,tɪmbsteɪn
9243,tomcat,6,6,timwat,6,,tɑːmkæt,tɪmwɑːt
9244,tomorrow,8,6,tomobbow,6,,təmɑːɹoʊ,tɑːməboʊ
9245,ton,3,3,toosh,3,,tʌn,tuːʃ
9246,tone,4,3,tove,3,,toʊn,toʊv
9247,tong,4,3,tond,4,,tɑːŋ,tɑːnd
9248,tongs,5,4,zongs,4,,tɑːŋz,zɑːŋz
9249,tongue,6,3,tooves,4,,tʌŋ,tuːvz
9250,tonic,5,5,tanid,5,,tɑːnɪk,tænɪd
9251,tonight,7,5,tanives,6,,tənaɪt,tænaɪvz
9252,tonsil,6,6,tansid,6,,tɑːnsəl,tænsɪd
9253,took,4,3,toodge,3,,tʊk,tuːdʒ
9254,tool,4,3,trof,4,,tuːl,tɹɑːf
9255,toot,4,3,toop,3,,tuːt,tuːp
9256,tooth,5,3,tooch,3,,tuːθ,tuːtʃ
9257,toothache,9,5,toatharce,6,,tuːθeɪk,toʊθɑːɹs
9258,toothless,9,6,toachness,6,,tuːθləs,toʊtʃnəs
9259,top,3,3,tiep,4,,tɑːp,taɪp
9260,topcoat,7,6,tomcout,6,,tɑːpkoʊt,tɑːmkaʊt
9261,topic,5,5,tupin,5,,tɑːpɪk,tuːpɪn
9262,topping,7,5,tobbing,5,,tɑːpɪŋ,tɑːbɪŋ
9263,topple,6,5,tozzle,5,,tɑːpəl,tɑːzəl
9264,tops,4,4,tonk,4,,tɑːps,tɔŋk
9265,torch,5,4,torth,4,,tɔːɹtʃ,tɔːɹθ
9266,torment,7,7,turmint,7,,tɔːɹmɛnt,tɜːmɪnt
9267,torn,4,4,tauge,3,,tɔːɹn,tɔːdʒ
9268,tornado,7,7,tornoda,7,,tɔːɹneɪdoʊ,tɔːɹnoʊdə
9269,torso,5,5,tarsa,5,,tɔːɹsoʊ,tɑːɹsə
9270,tortoise,8,6,turtaise,6,,tɔːɹɾəs,tɜːteɪz
9271,torture,7,6,turtore,6,,tɔːɹtʃɚ,tɜːɾɚ
9272,toss,4,3,taus,3,,tɔs,taʊs
9273,total,5,4,tatol,5,,toʊɾəl,tæɾɑːl
9274,totalitarian,12,12,totalotavial,12,,toʊtælᵻtɛɹiən,toʊɾɐləteɪvɪəl
9275,totality,8,8,totaniry,8,,toʊtælᵻɾi,toʊtɐnaɪɚɹi
9276,touch,5,3,tauch,3,,tʌtʃ,tɔːtʃ
9277,touchdown,9,6,touserown,6,,tʌtʃdaʊn,taʊsɚɹoʊn
9278,touchy,6,4,tourty,5,,tʌtʃi,tʊɹɾi
9279,tough,5,3,touge,3,,tʌf,taʊdʒ
9280,tour,4,3,traf,4,,tʊɹ,tɹæf
9281,tourist,7,6,toodint,6,,tʊɹɹɪst,tuːdɪnt
9282,tournament,10,9,tournorent,9,,tʊɹnəmənt,tʊɹnɔːɹənt
9283,tourniquet,10,8,tourdiquail,8,,tɜːnᵻkɪt,tʊɹdɪkweɪl
9284,towards,7,7,tamards,7,,təwɔːɹdz,tæmɑːɹdz
9285,towel,5,4,timel,5,,taʊəl,tɪməl
9286,tower,5,4,turer,5,,taʊɚ,tjɚɹɜː
9287,town,4,3,towdge,3,,taʊn,toʊdʒ
9288,townsfolk,9,7,tawnsfalk,8,,taʊnsfoʊk,tɔːnsfɔlk
9289,township,8,6,tomestip,7,,taʊnʃɪp,toʊmstɪp
9290,townsman,8,7,tawnsmen,7,,taʊnzmən,tɔːnzmɛn
9291,toxic,5,6,tixic,6,,tɑːksɪk,tɪksɪk
9292,toxin,5,6,tixid,6,,tɑːksɪn,tɪksɪd
9293,toy,3,2,tey,2,,tɔɪ,teɪ
9294,trace,5,4,trach,4,,tɹeɪs,tɹæk
9295,trachea,7,6,traflea,7,,tɹɐkiə,tɹæfliə
9296,track,5,4,trang,4,,tɹæk,tɹæŋ
9297,tract,5,5,trasp,5,,tɹækt,tɹæsp
9298,traction,8,7,tructive,7,,tɹækʃən,tɹʌktɪv
9299,tractor,7,7,trapton,7,,tɹæktɚ,tɹæptən
9300,trade,5,4,trame,4,,tɹeɪd,tɹeɪm
9301,trader,6,6,trider,6,,tɹeɪdɚ,tɹaɪdɚ
9302,tradesman,9,8,trudesmen,8,,tɹeɪdzmən,tɹuːdɪsmɛn
9303,tradition,9,8,tradorion,9,,tɹɐdɪʃən,tɹædɔːɹiən
9304,traffic,7,6,triffop,6,,tɹæfɪk,tɹɪfəp
9305,tragedy,7,7,tragony,7,,tɹædʒədi,tɹæɡəni
9306,tragic,6,6,tralid,6,,tɹædʒɪk,tɹælɪd
9307,trail,5,4,troil,4,,tɹeɪl,tɹɔɪl
9308,trailer,7,6,troiler,6,,tɹeɪlɚ,tɹɔɪlɚ
9309,train,5,4,trage,4,,tɹeɪn,tɹædʒ
9310,trait,5,4,trarp,5,,tɹeɪt,tɹɑːɹp
9311,traitor,7,6,troitor,6,,tɹeɪɾɚ,tɹɔɪɾɚ
9312,tram,4,4,fram,4,,tɹæm,fɹæm
9313,tramp,5,5,troomp,5,,tɹæmp,tɹuːmp
9314,trance,6,5,tradge,4,,tɹæns,tɹædʒ
9315,tranquil,8,8,trinquid,8,,tɹæŋkwɪl,tɹɪŋkwɪd
9316,tranquility,11,11,tranquanicy,11,,tɹæŋkwɪlᵻɾi,tɹæŋkwɐnɪsi
9317,tranquillize,12,10,tranquinase,10,,tɹæŋkwɪlaɪz,tɹæŋkwɪneɪs
9318,tranquilly,10,9,tranquinry,10,,tɹæŋkwɪli,tɹæŋkwɪnɹi
9319,transact,8,8,trinsart,8,,tɹænsækt,tɹɪnsɑːɹt
9320,transatlantic,13,13,transaprantid,13,,tɹænsɐtlæntɪk,tɹænsæpɹɐntɪd
9321,transcend,9,9,trinscand,9,,tɹænsɛnd,tɹɪnskænd
9322,transcendent,12,12,transcinrent,11,,tɹænsɛndənt,tɹænsɪnɹənt
9323,transcontinental,16,15,transcontoninral,16,,tɹænskɑːntɪnɛntəl,tɹænskɔntənɪnɹəl
9324,transcribe,10,10,trinscrobe,9,,tɹænskɹaɪb,tɹɪnskɹoʊb
9325,transcript,10,11,trinscrupt,10,,tɹænskɹɪpt,tɹɪnskɹʌpt
9326,transcription,13,13,transcraptoon,12,,tɹænskɹɪpʃən,tɹænskɹɐptuːn
9327,transfer,8,8,tramsfor,8,,tɹænsfɜː,tɹæmsfɚ
9328,transference,12,11,transforarce,12,,tɹænsfɜːɹəns,tɹænsfɔːɹɑːɹs
9329,transfiguration,15,16,transfigomation,14,,tɹænsfɪɡjɚɹeɪʃən,tɹænsfɪɡəmeɪʃən
9330,transform,9,10,tramslorm,9,,tɹænsfɔːɹm,tɹæmslɔːɹm
9331,transformation,14,14,transfirgative,13,,tɹænsfɔːɹmeɪʃən,tɹænsfɜːɡətɪv
9332,transformer,11,12,transfarmen,11,,tɹænsfɔːɹmɚ,tɹænsfɑːɹmɛn
9333,transfuse,9,10,tramsfase,8,,tɹænsfjuːz,tɹæmsfeɪs
9334,transgress,10,9,tramsgrass,9,,tɹænsɡɹɛs,tɹæmsɡɹæs
9335,transistor,10,10,transuspor,10,,tɹænzɪstɚ,tɹænsʌspɚ
9336,transit,7,7,trinsat,7,,tɹænsɪt,tɹɪnsæt
9337,transition,10,9,transorion,10,,tɹænsɪʃən,tɹænsɔːɹiən
9338,translatable,12,12,translitacle,12,,tɹænsleɪɾəbəl,tɹænslɪɾəkəl
9339,translate,9,8,tramslake,8,,tɹænsleɪt,tɹæmsleɪk
9340,transparent,11,11,transpanems,11,,tɹænspæɹənt,tɹænspeɪnəmz
9341,transpire,9,10,tramspare,8,,tɹænspaɪɚ,tɹæmspɛɹ
9342,transplant,10,11,tramsplint,10,,tɹænsplænt,tɹæmsplɪnt
9343,transplantation,15,14,transplensative,14,,tɹænsplɐnteɪʃən,tɹænsplɛnsətɪv
9344,transport,9,9,tramspart,9,,tɹænspɔːɹt,tɹæmspɑːɹt
9345,transportation,14,14,transnorlative,13,,tɹænspɔːɹteɪʃən,tɹænsnɔːɹlətɪv
9346,transporter,11,11,transpurten,11,,tɹænspɔːɹɾɚ,tɹænspɜːʔn̩
9347,transpose,9,8,tramspase,8,,tɹænspoʊz,tɹæmspeɪs
9348,transverse,10,9,tramsvorse,9,,tɹænsvɜːs,tɹæmsvɔːɹs
9349,trap,4,4,trop,4,,tɹæp,tɹɑːp
9350,trapdoor,8,7,tripdeer,7,,tɹæpdɔːɹ,tɹɪpdɪɹ
9351,trapezoid,9,8,trapozaid,8,,tɹæpɪzɔɪd,tɹæpəzeɪd
9352,trapezoidal,11,9,trapezampal,11,,tɹæpɪzɔɪdəl,tɹəpiːzæmpəl
9353,trappings,9,7,trabbings,7,,tɹæpɪŋz,tɹæbɪŋz
9354,traps,5,5,trups,5,,tɹæps,tɹʌps
9355,trash,5,4,trank,5,,tɹæʃ,tɹæŋk
9356,trauma,6,5,truemo,5,,tɹɔːmə,tɹuːmoʊ
9357,traumatic,9,8,traumitid,8,,tɹɔːmæɾɪk,tɹɔːmɪtɪd
9358,travel,6,6,trovel,6,,tɹævəl,tɹoʊvəl
9359,tray,4,3,trabe,4,,tɹeɪ,tɹeɪb
9360,treacherous,11,8,treachorius,9,,tɹɛtʃɚɹəs,tɹiːkɔːɹɪəs
9361,tread,5,4,trood,4,,tɹɛd,tɹuːd
9362,treadmill,9,7,treakmull,7,,tɹɛdmɪl,tɹiːkmʌl
9363,treason,7,6,truesin,6,,tɹiːzən,tɹuːsɪn
9364,treasure,8,6,truesare,6,,tɹɛʒɚ,tɹuːsɛɹ
9365,treasury,8,7,treasony,7,,tɹɛʒɚɹi,tɹiːzəni
9366,treat,5,4,troot,4,,tɹiːt,tɹuːt
9367,treaty,6,5,truedy,5,,tɹiːɾi,tɹuːdi
9368,treble,6,6,trumle,6,,tɹɛbəl,tɹʌməl
9369,tree,4,3,treedge,4,,tɹiː,tɹiːdʒ
9370,tremble,7,7,trettle,6,,tɹɛmbəl,tɹɛɾəl
9371,tremendous,10,9,treminrous,9,,tɹəmɛndəs,tɹɛmɪnɹəs
9372,tremor,6,6,trumor,6,,tɹɛmɚ,tɹuːmɚ
9373,trench,6,5,troonch,5,,tɹɛntʃ,tɹuːntʃ
9374,trend,5,5,trond,5,,tɹɛnd,tɹɑːnd
9375,trespass,8,7,trispiss,7,,tɹɛspəs,tɹɪspɪs
9376,trial,5,5,truin,5,,tɹaɪəl,tɹuːɪn
9377,triangle,8,8,triartle,8,,tɹaɪæŋɡəl,tɹaɪɑːɹɾəl
9378,triangular,10,11,triargecar,9,,tɹaɪæŋɡjʊlɚ,tɹaɪɑːɹdʒɛkɑːɹ
9379,tribal,6,6,trobal,6,,tɹaɪbəl,tɹoʊbəl
9380,tribe,5,4,trisp,5,,tɹaɪb,tɹɪsp
9381,tribune,7,7,trubane,6,,tɹɪbjuːn,tɹuːbeɪn
9382,tribute,7,7,trubate,6,,tɹɪbjuːt,tɹuːbeɪt
9383,triceps,7,7,trucips,7,,tɹaɪsɛps,tɹuːsɪps
9384,trick,5,4,trook,4,,tɹɪk,tɹʊk
9385,trickle,7,6,trocken,6,,tɹɪkəl,tɹɑːkən
9386,trickster,9,8,trucksler,8,,tɹɪkstɚ,tɹʌkslɚ
9387,tricolor,8,8,triculer,9,,tɹaɪkʌlɚ,tɹaɪkjʊlɚ
9388,tricycle,8,8,tricaclo,8,,tɹaɪsɪkəl,tɹaɪkækloʊ
9389,trident,7,6,trubent,7,,tɹaɪdənt,tɹuːbənt
9390,tried,5,4,trooks,5,,tɹaɪd,tɹʊks
9391,trifle,6,6,trugle,6,,tɹaɪfəl,tɹʌɡəl
9392,trigger,7,6,tribber,6,,tɹɪɡɚ,tɹɪbɚ
9393,trigonometry,12,12,trigonimopry,12,,tɹɪɡənɑːmətɹi,tɹɪɡənɪmɑːpɹi
9394,trillion,8,7,triffion,7,,tɹɪliən,tɹɪfiən
9395,trim,4,4,treeth,4,,tɹɪm,tɹiːθ
9396,trinket,7,7,trimper,7,,tɹɪŋkɪt,tɹɪmpɚ
9397,trio,4,4,trua,4,,tɹiːoʊ,trjuːæ
9398,trip,4,4,trib,4,,tɹɪp,tɹɪb
9399,triple,6,6,trople,6,,tɹɪpəl,tɹɑːpəl
9400,triplet,7,7,tropler,7,,tɹɪplɪt,tɹɑːplɚ
9401,tripod,6,6,trupid,6,,tɹaɪpɑːd,tɹuːpɪd
9402,triumph,7,6,traupts,6,,tɹaɪʌmf,tɹɔːpts
9403,triumphant,10,9,triomshant,9,,tɹaɪʌmfənt,tɹaɪɑːmʃənt
9404,trivial,7,7,trivoad,7,,tɹɪvɪəl,tɹaɪvoʊd
9405,troll,5,4,trogs,5,,tɹoʊl,tɹɑːɡz
9406,trolley,7,5,trobbey,5,,tɹɑːli,tɹɑːbi
9407,trombone,8,7,trimbane,7,,tɹɑːmboʊn,tɹɪmbeɪn
9408,troop,5,4,troon,4,,tɹuːp,tɹuːn
9409,trophy,6,5,trubhy,5,,tɹoʊfi,tɹʌbhi
9410,tropic,6,6,trusid,6,,tɹɑːpɪk,tɹuːsɪd
9411,trouble,7,6,trouple,6,,tɹʌbəl,tɹuːpəl
9412,trousers,8,7,treebers,6,,tɹaʊsɚz,tɹiːbɚz
9413,trout,5,4,troush,4,,tɹaʊt,tɹaʊʃ
9414,truant,6,6,troert,6,,tɹuːənt,tɹoʊɚt
9415,truck,5,4,truds,5,,tɹʌk,tɹʌdz
9416,truckload,9,7,trickloaf,7,,tɹʌkloʊd,tɹɪkloʊf
9417,true,4,3,truh,3,,tɹuː,tɹʌ
9418,trump,5,5,trimp,5,,tɹʌmp,tɹɪmp
9419,trumpet,7,7,trimpit,7,,tɹʌmpɪt,tɹɪmpɪt
9420,trunk,5,5,tronk,5,,tɹʌŋk,tɹɔŋk
9421,trust,5,5,trost,5,,tɹʌst,tɹɑːst
9422,trustee,7,6,tristem,7,,tɹʌstiː,tɹɪstəm
9423,trustful,8,8,tristfal,8,,tɹʌstfəl,tɹɪstfəl
9424,truth,5,4,trume,4,,tɹuːθ,tɹuːm
9425,try,3,3,tra,3,,tɹaɪ,tɹɑː
9426,tub,3,3,tur,3,,tʌb,tɜː
9427,tuba,4,5,tibu,4,,tuːbə,tɪbuː
9428,tube,4,4,tusp,4,,tuːb,tʌsp
9429,tubing,6,6,tabint,6,,tuːbɪŋ,tæbɪnt
9430,tubular,7,9,tubomer,8,,tuːbjʊlɚ,tuːbəmɚ
9431,tuck,4,3,toik,3,,tʌk,tɔɪk
9432,Tuesday,7,6,Tiesmay,5,,tuːzdeɪ,taɪsmeɪ
9433,tug,3,3,tue,3,,tʌɡ,tuː
9434,tugboat,7,6,tagbait,6,,tʌɡboʊt,tæɡbeɪt
9435,tuition,7,7,tuorion,8,,tuːɪʃən,tʃuːɔːɹiən
9436,tulip,5,6,tilup,5,,tjuːlɪp,tɪlʌp
9437,tumble,6,6,tambly,6,,tʌmbəl,tæmbli
9438,tumbler,7,8,tamblem,7,,tʌmblɚ,tæmbləm
9439,tumbleweed,10,9,tumplefeed,9,,tʌmbəlwiːd,tʌmplɪfiːd
9440,tumor,5,6,timon,5,,tuːmɚ,tɪmən
9441,tuna,4,5,tanu,4,,tuːnə,tɑːnuː
9442,tune,4,4,tust,4,,tuːn,tʌst
9443,tuneable,8,8,tuneabro,8,,tuːnəbəl,tuːnæbɹoʊ
9444,tunnel,6,4,tuffel,5,,tʌnəl,tʌfəl
9445,turban,6,6,tarbin,6,,tɜːbən,tɑːɹbɪn
9446,turbojet,8,8,turbujit,8,,tɜːbədʒɛt,tɜːbjuːdʒɪt
9447,turbulence,10,10,turborence,9,,tɜːbjʊləns,tɜːbɔːɹəns
9448,turkey,6,5,tarkay,5,,tɜːki,tɑːɹkeɪ
9449,turn,4,4,zurn,4,,tɜːn,zɜːn
9450,turnip,6,6,tarbip,6,,tɜːnɪp,tɑːɹbɪp
9451,turnout,7,6,tarnoat,6,,tɜːnaʊt,tɑːɹnoʊt
9452,turnpike,8,7,tarnfike,7,,tɜːnpaɪk,tɑːɹnfaɪk
9453,turquoise,9,7,tarquaise,7,,tɜːkwɔɪs,tɑːɹkweɪz
9454,turtle,6,5,tormle,6,,tɜːɾəl,tɔːɹməl
9455,tusk,4,4,tulk,4,,tʌsk,tʌlk
9456,tutor,5,6,titar,5,,tuːɾɚ,tɪɾɚ
9457,tuxedo,6,7,tuxodi,7,,tʌksiːdoʊ,tʌksoʊdi
9458,tweed,5,4,theed,3,,twiːd,θiːd
9459,tweet,5,4,tweef,4,,twiːt,twiːf
9460,tweezers,8,7,tweemers,7,,twiːzɚz,twiːmɚz
9461,twelfth,7,6,twength,5,,twɛlfθ,twɛŋθ
9462,twelve,6,5,twerve,5,,twɛlv,twɜːv
9463,twenty,6,6,twinby,6,,twɛnti,twɪnbi
9464,twice,5,4,twife,4,,twaɪs,twaɪf
9465,twiddle,7,5,twibble,6,,twɪdəl,twɪbəl
9466,twig,4,4,twib,4,,twɪɡ,twɪb
9467,twilight,8,6,trimight,6,,twaɪlaɪt,tɹaɪmaɪt
9468,twin,4,4,twim,4,,twɪn,twɪm
9469,twinge,6,5,twirge,5,,twɪndʒ,twɜːdʒ
9470,twinkle,7,7,twankly,7,,twɪŋkəl,twæŋkli
9471,twirl,5,5,twirm,5,,twɜːl,twɜːm
9472,twist,5,5,twisk,5,,twɪst,twɪsk
9473,twit,4,4,twoot,4,,twɪt,tuːɑːt
9474,twitch,6,4,twikes,5,,twɪtʃ,twaɪks
9475,two,3,2,twa,3,,tuː,twɑː
9476,tycoon,6,5,tycoop,5,,taɪkuːn,taɪkuːp
9477,tyke,4,3,tysh,3,,taɪk,tɪʃ
9478,type,4,3,zype,3,,taɪp,zaɪp
9479,typewriter,10,8,typewriner,8,,taɪpɹaɪɾɚ,taɪpɹɪnɚ
9480,typhoid,7,5,typhaid,5,,taɪfɔɪd,taɪfeɪd
9481,typhoon,7,5,typhoot,5,,taɪfuːn,taɪfuːt
9482,typical,7,7,typoral,7,,tɪpɪkəl,taɪpɚɹəl
9483,ugly,4,4,oglu,4,,ʌɡli,ɑːɡluː
9484,ulcer,5,5,ulper,5,,ʌlsɚ,ʌlpɚ
9485,ulterior,8,8,ultomior,8,,ʌltɪɹiɚ,ʌltoʊmjɚ
9486,ultimate,8,7,ultomale,7,,ʌltᵻmət,ʌltəmeɪl
9487,ultimately,10,9,ultomazery,10,,ʌltᵻmətli,ʌltəmeɪzɚɹi
9488,ultimatum,9,9,ultomitir,9,,ʌltɪmeɪɾəm,ʌltəmɪɾɪɹ
9489,ultra,5,5,ulpra,5,,ʌltɹə,ʌlpɹə
9490,ultraconservative,17,16,ultracansorvotave,16,,ʊltɹɐkɑːnsɚvətɪv,ʊltɹɐkænsɔːɹvɑːɾeɪv
9491,umbrella,8,7,umbretta,7,,ʌmbɹɛlə,ʌmbɹɛɾə
9492,umpire,6,6,ungare,5,,ʌmpaɪɚ,ʌŋɡɛɹ
9493,unable,6,6,unabro,7,,ʌneɪbəl,ʌnɐbɹoʊ
9494,unabridged,10,8,unoprodged,8,,ʌnɐbɹɪdʒd,ʌnɑːpɹɑːdʒd
9495,unaccompanied,13,11,unacconramied,11,,ʌnɐkʌmpənid,ʌnɐkɑːnɹæmid
9496,unadvised,9,8,unidvased,8,,ʌnɐdvaɪzd,juːnɪdveɪst
9497,unaffected,10,9,unafficter,9,,ʌnɐfɛktᵻd,ʌnɐfɪktɚ
9498,unanimous,9,9,umelirous,9,,juːnænɪməs,juːmɪlɪɹəs
9499,unanimously,11,11,unanopously,11,,juːnænɪməsli,ʌnænɑːpəsli
9500,unarm,5,5,unave,4,,ʌnɑːɹm,ʌnɑːveɪ
9501,unattached,10,7,unalluched,7,,ʌnɐtætʃt,ʌnɐlʌtʃt
9502,unaware,7,6,unawade,6,,ʌnəwɛɹ,ʌnɐweɪd
9503,unbalanced,10,9,unbilarced,9,,ʌnbælənst,ʌnbaɪlɑːɹst
9504,unbecoming,10,9,unbacolics,10,,ʌnbᵻkʌmɪŋ,ʌnbeɪkɑːlɪks
9505,unbelief,8,7,unbiloof,7,,ʌnbᵻliːf,ʌnbaɪluːf
9506,unbend,6,6,umbenk,6,,ʌnbɛnd,ʌmbɛŋk
9507,unbiased,8,7,unbuarced,8,,ʌnbaɪəst,ʌnbjuːɑːɹst
9508,unbroken,8,8,unblowen,8,,ʌnbɹoʊkən,ʌnbloʊɪn
9509,uncanny,7,6,uncappy,6,,ʌŋkæni,ʌŋkæpi
9510,uncertain,9,7,uncentail,8,,ʌnsɜːʔn̩,ʌnsɛnteɪl
9511,uncircumcised,13,12,uncortumrised,12,,ʌnsɜːkəmsaɪzd,ʌŋkɔːɹɾəmɹaɪzd
9512,unclean,7,6,ulclone,6,,ʌŋkliːn,ʌlkloʊn
9513,uncommitted,11,9,uncorminter,11,,ʌŋkəmɪɾᵻd,ʌŋkɔːɹmɪntɚ
9514,uncommon,8,7,uncammin,7,,ʌŋkɑːmən,ʌŋkæmɪn
9515,uncommunicative,15,14,uncommonucotave,14,,ʌŋkəmjuːnɪkətɪv,ʌŋkɑːmənuːkəteɪv
9516,uncompromising,14,13,uncompremusing,14,,ʌŋkɑːmpɹəmaɪzɪŋ,ʌŋkəmpɹɛmjuːzɪŋ
9517,unconcern,9,9,uncomcorn,9,,ʌŋkənsɜːn,ʌŋkɑːmkɔːɹn
9518,unconditional,13,12,uncondorional,12,,ʌŋkəndɪʃənəl,ʌŋkɑːndɔːɹɪɑːnəl
9519,unconquerable,13,12,unconquinotle,13,,ʌŋkɑːŋkɚɹəbəl,ʌŋkəŋkwɪnɑːɾəl
9520,unconstitutional,16,16,unconstiturionan,17,,ʌŋkɑːnstɪtuːʃənəl,ʌŋkənstɪtʃɚɹɪoʊnən
9521,uncontrollable,14,13,uncontrommatle,13,,ʌŋkəntɹoʊləbəl,ʌŋkɑːntɹəmæɾəl
9522,uncork,6,6,ulcurk,6,,ʌŋkɔːɹk,ʌlkɜːk
9523,uncover,7,7,uncoher,7,,ʌŋkʌvɚ,ʌŋkoʊhɚ
9524,uncurl,6,6,ulcorl,6,,ʌŋkɜːl,ʌlkɔːɹl
9525,under,5,5,uldar,5,,ʌndɚ,ʌldɑːɹ
9526,underbrush,10,9,undorbrish,9,,ʌndɚbɹʌʃ,ʌndɔːɹbɹɪʃ
9527,undercharge,11,9,undorchurge,9,,ʌndɚtʃɑːɹdʒ,ʌndɔːɹtʃɜːdʒ
9528,underclassman,13,12,undarcrassmin,12,,ʌndɚklæsmən,ʌndɑːɹkɹɐsmɪn
9529,underclothes,12,10,undorclathes,10,,ʌndɚkloʊðz,ʌndɔːɹkleɪðz
9530,undercover,10,10,undarcoral,10,,ʌndɚkʌvɚ,ʌndɑːɹkɚɹəl
9531,underdog,8,8,undordag,8,,ʌndɚdɑːɡ,ʌndɔːɹdæɡ
9532,underestimate,13,12,underistomale,12,,ʌndɚɹɛstᵻmət,ʌndɚɹɪstəmeɪl
9533,underfoot,9,8,undorfeet,8,,ʌndɚfʊt,ʌndɔːɹfiːt
9534,undergarment,12,12,undemgurnent,12,,ʌndɚɡɑːɹmənt,ʌndɛmɡɜːnənt
9535,underground,11,10,undorgrourd,10,,ʌndɚɡɹaʊnd,ʌndɔːɹɡɹɜːd
9536,undergrowth,11,9,undorgrawth,10,,ʌndɚɡɹoʊθ,ʌndɔːɹɡɹɔːθ
9537,underhand,9,9,undorhind,9,,ʌndɚhænd,ʌndɔːɹhaɪnd
9538,underhanded,11,11,undemharder,11,,ʌndɚhændᵻd,ʌndɛmhɑːɹdɚ
9539,underline,9,8,undorlane,8,,ʌndɚlaɪn,ʌndɔːɹleɪn
9540,underneath,10,8,undorleath,8,,ʌndɚniːθ,ʌndɔːɹlɛð
9541,underpants,10,10,undorpints,10,,ʌndɚpænts,ʌndɔːɹpɪnts
9542,underpay,8,7,undorpoy,7,,ʌndɚpeɪ,ʌndɔːɹpɔɪ
9543,underproduction,15,14,underprediclion,14,,ʌndɚpɹədʌkʃən,ʌndɚpɹɪdɪkliən
9544,underrate,9,8,undorrale,7,,ʌndɚɹeɪt,ʌndɔɹeɪl
9545,underscore,10,9,undorscare,9,,ʌndɚskɔːɹ,ʌndɔːɹskɛɹ
9546,undersea,8,7,undorsen,8,,ʌndɚsiː,ʌndɔːɹsən
9547,undershirt,10,9,undorshart,9,,ʌndɚʃɜːt,ʌndɔːɹʃɑːɹt
9548,underside,9,8,undorsade,8,,ʌndɚsaɪd,ʌndɔːɹseɪd
9549,undersized,10,9,undorsazed,9,,ʌndɚsaɪzd,ʌndɔːɹseɪzd
9550,understand,10,10,undorstind,10,,ʌndɚstænd,ʌndɔːɹstɪnd
9551,understate,10,9,undorstale,9,,ʌndɚsteɪt,ʌndɔːɹsteɪl
9552,understudy,10,10,undarstaty,10,,ʌndɚstʌdi,ʌndɑːɹstəɾi
9553,undertake,9,8,undortale,8,,ʌndɚteɪk,ʌndɔːɹɾeɪl
9554,undertaker,10,10,undortacel,10,,ʌndɚteɪkɚ,ʌndɔːɹɾeɪsəl
9555,undertone,9,8,undortane,8,,ʌndɚtoʊn,ʌndɔːɹteɪn
9556,undervalue,10,10,undormalum,10,,ʌndɚvæljuː,ʌndɔːɹmæləm
9557,underwater,10,10,undorbator,10,,ʌndɚwɔːɾɚ,ʌndɔːɹbeɪɾɚ
9558,underwear,9,8,undorweal,8,,ʌndɚwɛɹ,ʌndɔːɹwiəl
9559,underweight,11,8,undorheight,8,,ʌndɚweɪt,ʌndɔːɹhaɪt
9560,underworld,10,10,undormorld,9,,ʌndɚwɜːld,ʌndɔːɹmɔːɹld
9561,underwrite,10,8,undorwrote,7,,ʌndɚɹaɪt,ʌndɔːɹoʊt
9562,undesirable,11,12,undesurotle,11,,ʌndɪzaɪɚɹəbəl,ʌndᵻsjʊɹɹɑːɾəl
9563,undeviating,11,10,underioting,10,,ʌndiːvɪeɪɾɪŋ,ʌndɚɹaɪoʊɾɪŋ
9564,undo,4,4,uldu,4,,ʌnduː,ʌlduː
9565,undoubted,9,7,undoulten,8,,ʌndaʊɾᵻd,ʌndoʊlʔn̩
9566,uneasy,6,5,uneaso,5,,ʌniːzi,ʌniːsoʊ
9567,unemployed,10,8,unenplayed,8,,ʌnɛmplɔɪd,ʌnɛnpleɪd
9568,unending,8,7,unindint,8,,ʌnɛndɪŋ,ʌnɪndɪnt
9569,unequivocal,11,11,unequinotle,11,,ʌnᵻkwɪvəkəl,ʌnɛkwɪnɑːɾəl
9570,uneventful,10,10,unebentnul,10,,ʌnᵻvɛntfəl,ʌnɛbəntnʌl
9571,unexceptionable,15,14,unexcenrionamle,15,,ʌnɛksɛpʃənəbəl,ʌnɛksɛnɹɪɑːnæməl
9572,unexpected,10,11,unedprecer,10,,ʌnɛkspɛktᵻd,ʌnɛdpɹɛsɚ
9573,unfailing,9,7,unpailing,7,,ʌnfeɪlɪŋ,ʌnpeɪlɪŋ
9574,unfamiliar,10,10,unfumidian,10,,ʌnfəmɪlɪɹ,ʌnfjuːmɪdiən
9575,unfasten,8,7,unfantin,8,,ʌnfæsən,ʌnfæntɪn
9576,unfit,5,5,ulfot,5,,ʌnfɪt,ʌlfɑːt
9577,unforgettable,13,12,unforgellatle,11,,ʌnfɚɡɛɾəbəl,ʌnfɔːɹdʒɪlæɾəl
9578,unformed,8,7,ulfirmed,7,,ʌnfɔːɹmd,ʌlfɜːmd
9579,unfrequented,12,12,unfroquailer,11,,ʌnfɹiːkwəntᵻd,ʌnfɹɑːkweɪlɚ
9580,unfriendly,10,9,unpriendry,9,,ʌnfɹɛndli,ʌnpɹiːndɹi
9581,ungenerous,10,9,unganorlus,10,,ʌndʒɛnɚɹəs,ʌŋɡænɔːɹləs
9582,ungodly,7,7,ungadry,7,,ʌŋɡɑːdli,ʌŋɡædɹi
9583,ungrateful,10,9,ungraletul,9,,ʌŋɡɹeɪtfəl,ʌŋɡɹælɪtʌl
9584,unharness,9,8,unhanpess,8,,ʌnhɑːɹnɪs,ʌnhænpɛs
9585,unicorn,7,8,unocarn,8,,juːnɪkɔːɹn,ʌnɑːkɑːɹn
9586,unicycle,8,9,umigytle,9,,juːnɪsaɪkəl,juːmɪdʒɪɾəl
9587,unification,11,11,uniforalion,12,,juːnɪfɪkeɪʃən,juːnɪfɔːɹæliən
9588,uniform,7,8,unoparm,8,,juːnɪfɔːɹm,ʌnɑːpɑːɹm
9589,uniformity,10,11,unifarmony,11,,juːnɪfɔːɹmᵻɾi,juːnɪfɑːɹməni
9590,unify,5,6,unory,6,,juːnɪfaɪ,ʌnɔːɹi
9591,unimpeachable,13,11,unimpatchomle,11,,ʌnɪmpiːtʃəbəl,ʌnɪmpætʃɑːməl
9592,uninhibited,11,11,uninhaboten,11,,ʌnɪnhɪbɪɾᵻd,ʌnɪnhæboʊʔn̩
9593,unintentional,13,12,uninmenrional,13,,ʌnɪntɛnʃənəl,ʌnɪnmənɹɪɑːnəl
9594,uninterested,12,11,unintaristen,12,,ʌnɪntɚɹəstᵻd,ʌnɪntɑːɹɹɪsən
9595,uninterrupted,13,12,unintarriptes,12,,ʌnɪntɚɹʌptᵻd,ʌnɪntæɹɪpts
9596,union,5,6,umiol,6,,juːniən,juːmɪɑːl
9597,unique,6,5,ufique,5,,juːniːk,juːfiːk
9598,unison,6,7,unosoon,7,,juːnɪsən,ʌnɑːsuːn
9599,unit,4,5,ufit,5,,juːnɪt,juːfɪt
9600,unite,5,5,unate,5,,juːnaɪt,ʌneɪt
9601,united,6,7,unoten,7,,juːnaɪɾᵻd,ʌnoʊʔn̩
9602,unity,5,6,unoly,6,,juːnɪɾi,ʌnɑːli
9603,universal,9,10,unavortal,10,,juːnɪvɜːsəl,ʌnævɔːɹɾəl
9604,universe,8,8,unolerse,8,,juːnɪvɜːs,ʌnoʊlɚs
9605,university,10,11,univorsamy,11,,juːnɪvɜːsᵻɾi,juːnɪvɔːɹsæmi
9606,unjust,6,6,uljist,6,,ʌndʒʌst,ʌldʒɪst
9607,unknowing,9,6,unknawint,6,,ʌnnoʊɪŋ,ʌnnæwɪnt
9608,unknown,7,5,ulknawn,5,,ʌnnoʊn,ʌlknɔːn
9609,unlawful,8,7,unlowfal,7,,ʌnlɔːfəl,ʌnloʊfəl
9610,unloose,7,5,umloore,5,,ʌnluːs,ʌmlɔːɹ
9611,unmistakable,12,12,unmistikomle,12,,ʌnmɪsteɪkəbəl,ʌnmɪstɪkɑːməl
9612,unmoved,7,6,ulmaved,6,,ʌnmuːvd,ʌlmeɪvd
9613,unnatural,9,9,unnitoran,9,,ʌnnætʃɚɹəl,ʌnnɪɾɔːɹən
9614,unnecessarily,13,12,unnecissurony,12,,ʌnnɛsɪsɛɹᵻli,ʌnnɛsɪʃɚɹəni
9615,unnerve,7,6,ullerve,6,,ʌnnɜːv,ʌlɜːv
9616,unoccupied,10,9,unoscehood,8,,ʌnɑːkjʊpaɪd,ʌnɑːshʊd
9617,unpopularity,12,13,unpopoleropy,12,,ʌnpɑːpjʊlæɹᵻɾi,ʌnpɑːpoʊlɹəpi
9618,unprecedented,13,13,unprecodinten,13,,ʌnpɹɛsᵻdəntᵻd,ʌnpɹiːkoʊdɪnʔn̩
9619,unpredictable,13,13,unpredactomle,13,,ʌnpɹɪdɪktəbəl,ʌnpɹɪdæktɑːməl
9620,unprofessional,14,12,unprofellionel,13,,ʌnpɹəfɛʃənəl,ʌnpɹoʊfəliənəl
9621,unprofitable,12,12,unprofetomle,12,,ʌnpɹɑːfɪɾəbəl,ʌnpɹoʊftɑːməl
9622,unravel,7,7,unroven,7,,ʌnɹævəl,ʌnɹoʊvən
9623,unreal,6,6,ungeal,6,,ʌnɹiːəl,ʌndʒiːl
9624,unrest,6,6,ulrist,6,,ʌnɹɛst,ʌlɹɪst
9625,unrestrained,12,10,unrostringed,10,,ʌnɹᵻstɹeɪnd,ʌnɹɑːstɹɪndʒd
9626,unruly,6,6,unromy,6,,ʌnɹuːli,ʌnɹoʊmi
9627,unscientific,12,11,unsciertinid,10,,ʌnsaɪəntɪfɪk,ʌnsɪɹtɪnɪd
9628,unscramble,10,10,unscrimdle,10,,ʌnskɹæmbəl,ʌnskɹɪmdəl
9629,unseat,6,5,ulsoat,5,,ʌnsiːt,ʌlsoʊt
9630,unshaped,8,6,ulshoped,6,,ʌnʃeɪpt,ʌlʃəpd
9631,unsophisticated,15,14,unsophustociten,14,,ʌnsəfɪstᵻkeɪɾᵻd,ʌnsɑːfəstɑːsaɪʔn̩
9632,unstable,8,8,unstuple,8,,ʌnsteɪbəl,ʌnstuːpəl
9633,unsuitable,10,9,unsateacle,9,,ʌnsuːɾəbəl,ʌnseɪɾəkəl
9634,untie,5,4,ulton,5,,ʌntaɪ,ʌltən
9635,until,5,5,urtol,5,,ʌntɪl,ɜːɾɑːl
9636,untimely,8,7,untamery,7,,ʌntaɪmli,ʌnteɪmɚɹi
9637,untold,6,6,ultald,6,,ʌntoʊld,ʌltəld
9638,unusual,7,8,unosoan,7,,ʌnjuːʒuːəl,ʌnɑːsoʊn
9639,unvarnished,11,9,unvurnashed,9,,ʌnvɑːɹnɪʃt,ʌnvɜːnæʃt
9640,unworthy,8,7,unwarphy,7,,ʌnwɜːði,ʌnwɔːɹfi
9641,unwritten,9,6,unwriffen,7,,ʌnɹɪʔn̩,ʌnɹɪfən
9642,upbeat,6,5,ulbeak,5,,ʌpbiːt,ʌlbiːk
9643,upbringing,10,8,upfringing,8,,ʌpbɹɪŋɪŋ,ʌpfɹɪŋɪŋ
9644,upcoming,8,7,upcaming,7,,ʌpkʌmɪŋ,ʌpkeɪmɪŋ
9645,update,6,5,uldare,5,,ʌpdeɪt,ʌldɛɹ
9646,upgrade,7,6,ulgrate,6,,ʌpɡɹeɪd,ʌlɡɹeɪt
9647,upheaval,8,7,upheadan,7,,ʌphiːvəl,ʌphɛdən
9648,uphill,6,5,unhull,5,,ʌphɪl,ʌnhʌl
9649,uphold,6,6,unhald,6,,ʌphoʊld,ʌnhæld
9650,upholster,9,9,uphonpler,9,,ʌpoʊlstɚ,ʌphɑːnplɚ
9651,upland,6,6,unlank,6,,ʌplənd,ʌnlæŋk
9652,uplift,6,6,unlaft,6,,ʌplɪft,ʌnlæft
9653,upmost,6,6,ulmist,6,,ʌpmoʊst,ʌlmɪst
9654,upon,4,4,ulen,4,,əpɑːn,uːlən
9655,upper,5,4,uller,4,,ʌpɚ,ʌlɚ
9656,upperclassman,13,11,uppencrassmal,11,,ʌpɚklæsmən,ʌpəŋkɹæsməl
9657,uppercut,8,7,upparcat,7,,ʌpɚkʌt,ʌpɑːɹkæt
9658,uppermost,9,8,upparmist,8,,ʌpɚmoʊst,ʌpɑːɹmɪst
9659,upraise,7,5,unraide,5,,ʌpɹeɪz,ʌnɹeɪd
9660,upright,7,5,ulfight,5,,ʌpɹaɪt,ʌlfaɪt
9661,uprising,8,7,uprosing,7,,ʌpɹaɪzɪŋ,ʌpɹoʊzɪŋ
9662,uproar,6,5,unroaf,5,,ʌpɹɔːɹ,ʌnɹoʊf
9663,uproot,6,5,unreet,5,,ʌpɹuːt,ʌnɹiːt
9664,upset,5,5,ulsit,5,,ʌpsɛt,ʌlsɪt
9665,upshot,6,5,ulshut,5,,ʌpʃɑːt,ʌlʃʌt
9666,upside,6,5,ulsade,5,,ʌpsaɪd,ʌlseɪd
9667,upstage,7,6,unspage,6,,ʌpsteɪdʒ,ʌnspeɪdʒ
9668,upstairs,8,7,unstaurs,6,,ʌpstɛɹz,ʌnstɔːɹz
9669,upstanding,10,9,upstinding,9,,ʌpstændɪŋ,ʌpstɪndɪŋ
9670,upstate,7,6,ulstake,6,,ʌpsteɪt,ʌlsteɪk
9671,upstream,8,7,unspream,7,,ʌpstɹiːm,ʌnspɹiːm
9672,upswing,7,6,unsping,6,,ʌpswɪŋ,ʌnspɪŋ
9673,uptown,6,5,untawn,5,,ʌptaʊn,ʌntɔːn
9674,upward,6,6,unpard,6,,ʌpwɚd,ʌnpɑːɹd
9675,uranium,7,8,urovian,8,,jʊɹɹeɪniəm,jʊɹɹoʊviən
9676,urban,5,5,ulbin,5,,ɜːbən,ʌlbɪn
9677,urbanization,12,11,urbanomarion,12,,ɜːbɐnᵻzeɪʃən,ɜːbɐnəmæɹiən
9678,urbanize,8,7,urbinase,7,,ɜːbənaɪz,ɜːbɪneɪs
9679,urge,4,3,urse,3,,ɜːdʒ,ɜːs
9680,urgent,6,6,ulgint,6,,ɜːdʒənt,ʌldʒɪnt
9681,urinal,6,6,urugal,7,,jʊɹɹɪnəl,jʊɹɹuːɡəl
9682,urinary,7,8,uranily,8,,jʊɹɹɪnɛɹi,jʊɹɹənili
9683,urination,9,9,uranutive,10,,jʊɹɹᵻneɪʃən,jʊɹɹɐnuːɾɪv
9684,urine,5,5,urane,5,,jʊɹɹɪn,jʊɹɹeɪn
9685,usable,6,7,usabro,7,,juːzəbəl,juːzæbɹoʊ
9686,usage,5,5,urade,5,,juːsɪdʒ,jʊɹɹeɪd
9687,use,3,3,yosh,3,,juːs,jɑːʃ
9688,useful,6,6,ushfal,6,,juːsfəl,ʌʃfəl
9689,useless,7,6,yoshness,6,,juːsləs,jɑːʃnəs
9690,usher,5,4,osher,4,,ʌʃɚ,ɑːʃɚ
9691,usual,5,6,useal,6,,juːʒuːəl,juːziəl
9692,utensil,7,8,utonsal,8,,juːtɛnsəl,juːtɑːnsəl
9693,uterus,6,7,utoris,7,,juːɾɚɹəs,juːɾɔːɹɪs
9694,utilitarian,11,12,utilotalien,12,,juːɾɪlɪtɛɹiən,juːɾɪləteɪliən
9695,utility,7,8,utiricy,8,,juːtɪlᵻɾi,juːɾɪɹɪsi
9696,utilization,11,11,utilomarion,12,,juːɾɪlᵻzeɪʃən,juːɾɪləmæɹiən
9697,utilize,7,6,utolaze,7,,juːɾɪlaɪz,juːɾəleɪz
9698,utmost,6,6,ulpost,6,,ʌtmoʊst,ʌlpoʊst
9699,utopia,6,7,utumio,7,,juːtoʊpiə,juːtuːmɪoʊ
9700,utter,5,4,uzzer,4,,ʌɾɚ,ʌzɚ
9701,vacancy,7,7,vaconry,7,,veɪkənsi,vækɑːnɹi
9702,vacant,6,6,vocane,5,,veɪkənt,voʊkeɪn
9703,vacate,6,5,vocare,5,,veɪkeɪt,voʊkɛɹ
9704,vacation,8,7,vacurion,8,,veɪkeɪʃən,vækjʊɹɹiən
9705,vaccinate,9,8,vaccumate,8,,væksᵻneɪt,vækjuːmeɪt
9706,vaccine,7,6,vammine,5,,væksiːn,væmaɪn
9707,vacuum,6,7,vacoim,5,,vækjuːm,vækɔɪm
9708,vagina,6,6,vagano,6,,vədʒaɪnə,væɡɑːnoʊ
9709,vague,5,3,verg,4,,veɪɡ,vɜːɡ
9710,vain,4,3,voin,3,,veɪn,vɔɪn
9711,valedictorian,13,13,valedintumian,13,,vælɪdɪktɔːɹiən,vælɪdɪntuːmiən
9712,valedictory,11,11,valedintumy,11,,vælɪdɪktɚɹi,vælɪdɪntʌmi
9713,valentine,9,8,valertane,8,,væləntaɪn,vælɚteɪn
9714,valet,5,4,voler,5,,væleɪ,voʊlɚ
9715,valid,5,5,volin,5,,vælɪd,vɑːlɪn
9716,validate,8,7,valodale,7,,vælᵻdeɪt,vælədeɪl
9717,validation,10,9,validotive,9,,vælɪdeɪʃən,vælɪdɑːɾɪv
9718,validity,8,8,valisidy,8,,vælɪdᵻɾi,vælɪsɪdi
9719,valley,6,4,vappey,4,,væli,væpi
9720,valuable,8,9,valoamle,8,,væljuːəbəl,væloʊməl
9721,value,5,5,voloe,4,,væljuː,vɑːloʊ
9722,valve,5,4,velve,4,,vælv,vɛlv
9723,vampire,7,7,vimpare,6,,væmpaɪɚ,vɪmpɛɹ
9724,van,3,3,vap,3,,væn,væp
9725,vandal,6,5,vonpal,6,,vændəl,vɑːnpəl
9726,vanilla,7,6,vanimma,6,,vɐnɪlə,vænɪmə
9727,vanish,6,5,vonise,5,,vænɪʃ,vɑːnaɪz
9728,vanity,6,6,vanory,6,,vænᵻɾi,vænɚɹi
9729,vantage,7,6,vontare,6,,væntɪdʒ,vɔntɛɹ
9730,vapor,5,5,vopar,5,,veɪpɚ,vɑːpɑːɹ
9731,vaporization,12,11,vaporomarion,12,,veɪpɚɹᵻzeɪʃən,veɪpɔːɹəmæɹiən
9732,vaporize,8,7,vaponaze,7,,veɪpɚɹaɪz,veɪpəneɪz
9733,vaporous,8,7,vaponous,7,,veɪpɚɹəs,veɪpənəs
9734,variability,11,11,variobalomy,11,,vɛɹɪəbɪlᵻɾi,vɛɹɪəbæləmi
9735,variable,8,8,varoamle,7,,vɛɹɪəbəl,væɹoʊməl
9736,variableness,12,11,variapleress,11,,vɛɹɪəbəlnəs,vɛɹɪæplɚɹəs
9737,variance,8,7,varoarce,7,,vɛɹiəns,væɹɔːɹs
9738,variation,9,8,varoative,8,,vɛɹɪeɪʃən,væɹoʊtɪv
9739,varied,6,5,voried,5,,vɛɹid,vɔːɹid
9740,variety,7,7,vamiory,7,,vɚɹaɪəɾi,væmɪɹi
9741,various,7,6,varuoes,6,,vɛɹiəs,vɑːɹjuːoʊz
9742,varnish,7,6,vormish,6,,vɑːɹnɪʃ,vɔːɹmɪʃ
9743,vary,4,4,vury,4,,vɛɹi,vʌɹi
9744,vascular,8,9,vascolor,8,,væskjʊlɚ,væskʌlɚ
9745,vase,4,3,vose,3,,veɪs,voʊs
9746,vast,4,4,vost,4,,væst,vɑːst
9747,Vatican,7,7,Vatolan,7,,væɾɪkən,væɾəlæn
9748,vault,5,4,vawps,4,,vɔlt,vɔːps
9749,vegetable,9,9,vegobatle,8,,vɛdʒɪɾəbəl,vɛɡəbæɾəl
9750,vegetarian,10,10,vegetaliar,9,,vɛdʒɪtɛɹiən,vɛdʒɪteɪlɪɹ
9751,vegetation,10,9,vegecative,9,,vɛdʒɪteɪʃən,vɛdʒɪkətɪv
9752,vehicle,7,6,vehorle,7,,viəkəl,vɛhɔːɹl
9753,veil,4,3,vish,3,,veɪl,vɪʃ
9754,velocity,8,8,veleciry,8,,vəlɑːsᵻɾi,vɛlɪsaɪɚɹi
9755,velvet,6,6,vilvot,6,,vɛlvɪt,vɪlvɑːt
9756,vendor,6,6,vindon,6,,vɛndɚ,vɪndən
9757,vengeful,8,7,vergetul,7,,vɛndʒfəl,vɜːdʒɪtʌl
9758,venom,5,5,vinim,5,,vɛnəm,vɪnɪm
9759,venomous,8,7,venimius,8,,vɛnəməs,vɛnɪmɪəs
9760,vent,4,4,vech,3,,vɛnt,vɛtʃ
9761,ventilate,9,8,ventolale,8,,vɛntᵻleɪt,vɛntəleɪl
9762,ventilation,11,10,ventulotive,11,,vɛntɪleɪʃən,vɛntʃəlɑːɾɪv
9763,ventricle,9,9,ventromle,9,,vɛntɹɪkəl,vɛntɹɑːməl
9764,ventriloquism,13,14,ventrolaqaism,13,,vɛntɹɪləkwɪzəm,vɛntɹəlækeɪɪzəm
9765,venture,7,6,vintude,7,,vɛntʃɚ,vɪntuːd
9766,verb,4,4,verf,4,,vɜːb,vɜːf
9767,verbal,6,6,vorpal,6,,vɜːbəl,vɔːɹpəl
9768,verbalization,13,12,verbalomarion,13,,vɜːbəlᵻzeɪʃən,vɜːbɐləmæɹiən
9769,verbalize,9,8,vermalase,8,,vɜːbəlaɪz,vɜːmɐleɪz
9770,verdict,7,7,vorduct,7,,vɜːdɪkt,vɔːɹdʌkt
9771,verge,5,4,varge,4,,vɜːdʒ,vɑːɹdʒ
9772,verification,12,11,verifomalion,12,,vɛɹɪfɪkeɪʃən,vɛɹɪfəmæliən
9773,verify,6,6,verory,6,,vɛɹᵻfaɪ,vɛɹɚɹi
9774,versatile,9,7,versotale,8,,vɜːsətaɪl,vɜːsəteɪl
9775,versatility,11,11,versatolory,11,,vɜːsətɪlᵻɾi,vɜːsətɑːlɚɹi
9776,verse,5,4,vorse,4,,vɜːs,vɔːɹs
9777,version,7,6,vorsoon,6,,vɜːʒən,vɔːɹsuːn
9778,versus,6,6,vorsis,6,,vɜːsᵻz,vɔːɹsɪs
9779,vertebra,8,8,verbotra,8,,vɜːɾɪbɹə,vɜːbɑːtɹə
9780,vertebrate,10,9,verbetrate,9,,vɜːɾɪbɹeɪt,vɜːbɪtɹeɪt
9781,vertex,6,7,vormix,7,,vɜːtɛks,vɔːɹmɪks
9782,vertical,8,8,vertoral,8,,vɜːɾɪkəl,vɜːɾɚɹəl
9783,vertices,8,8,vertores,8,,vɜːɾɪsiːz,vɜːɾɚz
9784,very,4,4,vory,4,,vɛɹi,vɔːɹi
9785,vessel,6,5,veppel,5,,vɛsəl,vɛpɛl
9786,vest,4,4,voost,4,,vɛst,vuːst
9787,vet,3,3,vot,3,,vɛt,vɑːt
9788,veteran,7,6,vetorun,7,,vɛɾɚɹən,vɛɾɔːɹʌn
9789,veterinarian,12,11,veteromarien,12,,vɛɾɚɹɪnɛɹiən,vɛɾɚɹɑːmɚɹiən
9790,veterinary,10,10,veteromany,10,,vɛɾɚɹɪnɛɹi,vɛɾɚɹoʊməni
9791,vibrant,7,7,vabrunt,7,,vaɪbɹənt,væbɹʌnt
9792,vibrate,7,6,vabrake,6,,vaɪbɹeɪt,væbɹeɪk
9793,vibration,9,8,vibrorion,9,,vaɪbɹeɪʃən,vaɪbɹɔːɹiən
9794,vicarious,9,8,vicapious,8,,vɪkɛɹiəs,vɪkæpiəs
9795,vice,4,3,vaith,3,,vaɪs,veɪθ
9796,vicinity,8,8,viciridy,8,,vɪsɪnᵻɾi,vɪsɪɹɪdi
9797,vicious,7,5,vashees,5,,vɪʃəs,væʃiːz
9798,victim,6,6,viplum,6,,vɪktɪm,vɪpləm
9799,victimize,9,8,victomaze,8,,vɪktɪmaɪz,vɪktəmeɪz
9800,victimizer,10,10,victemazor,10,,vɪktɪmaɪzɚ,vɪktɪmæzɚ
9801,victor,6,6,vipton,6,,vɪktɚ,vɪptən
9802,victoria,8,8,victumio,8,,vɪktɔːɹiə,vɪktuːmɪoʊ
9803,victorious,10,9,victupious,9,,vɪktɔːɹiəs,vɪktuːpiəs
9804,victory,7,7,victumy,8,,vɪktɚɹi,vɪktʌmi
9805,video,5,5,vidia,5,,vɪdɪoʊ,vɪdiə
9806,Vietnamese,10,9,viernalede,8,,viːɛtnəmiːz,vɪɹneɪld
9807,view,4,3,vien,4,,vjuː,viːn
9808,viewpoint,9,7,vienpaint,8,,vjuːpɔɪnt,viːnpeɪnt
9809,vigor,5,5,vogar,5,,vɪɡɚ,vɑːɡɚ
9810,Viking,6,5,voping,5,,vaɪkɪŋ,voʊpɪŋ
9811,vile,4,3,vauk,3,,vaɪl,vɔːk
9812,villa,5,4,vippa,4,,vɪlə,vɪpə
9813,village,7,5,vippage,5,,vɪlɪdʒ,vɪpɪdʒ
9814,villain,7,5,vippain,5,,vɪlən,vɪpeɪn
9815,vine,4,3,vone,3,,vaɪn,voʊn
9816,vinegar,7,7,vinotar,7,,vɪnᵻɡɚ,vɪnɑːɾɚ
9817,vineyard,8,7,voneyord,7,,vɪnjɚd,voʊnjɔːɹd
9818,vintage,7,6,vontade,6,,vɪntɪdʒ,vɔnteɪd
9819,vinyl,5,4,vonol,5,,vaɪnəl,vɑːnɑːl
9820,violate,7,6,vialake,6,,vaɪəleɪt,vaɪəleɪk
9821,violation,9,8,vialurion,10,,vaɪəleɪʃən,vaɪəlʊɹɹiən
9822,violence,8,7,vialerce,7,,vaɪələns,vaɪəlɚs
9823,violent,7,7,vialort,8,,vaɪələnt,vaɪəlɔːɹt
9824,violet,6,6,viamet,6,,vaɪəlɪt,vaɪəmɪt
9825,violin,6,6,viarin,6,,vaɪəlɪn,vɪɹɪn
9826,violist,7,7,viamist,7,,vaɪəlɪst,vaɪəmɪst
9827,virgin,6,6,vorgan,6,,vɜːdʒɪn,vɔːɹɡən
9828,virginity,9,9,virganicy,9,,vɜːdʒɪnᵻɾi,vɜːɡɐnɪsi
9829,virtual,7,7,virteal,7,,vɜːtʃuːəl,vɜːɾiəl
9830,virtue,6,5,vortae,5,,vɜːtʃuː,vɔːɹɾiː
9831,virtuous,8,7,virtaeos,7,,vɜːtʃuːəs,vɜːɾiːoʊz
9832,virus,5,5,voris,5,,vaɪɹəs,vɔːɹɪs
9833,visa,4,4,voma,4,,viːzə,voʊmə
9834,viscous,7,6,voscour,6,,vɪskəs,vɑːskaʊɚ
9835,visibility,10,10,visiobalomy,11,,vɪzᵻbɪlᵻɾi,vɪsɪəbæləmi
9836,visible,7,7,visople,7,,vɪzᵻbəl,vɪsɑːpəl
9837,vision,6,5,vasoon,5,,vɪʒən,væsuːn
9838,visit,5,5,vosut,5,,vɪzɪt,vɑːsʌt
9839,visitation,10,9,visinative,9,,vɪzɪteɪʃən,vɪsɪnətɪv
9840,visitor,7,7,visotar,7,,vɪzɪɾɚ,vɪsɑːɾɚ
9841,visor,5,5,vosar,5,,vaɪzɚ,vɑːsɑːɹ
9842,visual,6,6,visoen,6,,vɪʒuːəl,vɪsoʊn
9843,visualization,13,12,visuanomalion,14,,vɪʒuːəlᵻzeɪʃən,vɪsuːænəmæliən
9844,visualize,9,8,visoaraze,8,,vɪʒuːəlaɪz,vɪsɔːɹəz
9845,vital,5,4,vorle,5,,vaɪɾəl,vɔːɹl
9846,vitality,8,8,vitolicy,8,,vaɪtælᵻɾi,vɪɾəlɪsi
9847,vitalize,8,6,vitolaze,7,,vaɪɾəlaɪz,vɪɾəleɪz
9848,vitals,6,6,vozals,6,,vaɪɾəlz,voʊzəlz
9849,vitamin,7,7,vituman,7,,vaɪɾəmɪn,vaɪɾuːmən
9850,vivacious,9,7,vivopious,8,,vɪveɪʃəs,vɪvoʊpiəs
9851,vivid,5,5,vovin,5,,vɪvɪd,vɑːvɪn
9852,vocabulary,10,11,vocabolany,10,,voʊkæbjʊlɛɹi,voʊkɐbɑːləni
9853,vocal,5,5,vibal,5,,voʊkəl,vɪbəl
9854,vocalist,8,8,vocamise,7,,voʊkəlɪst,voʊkɐmaɪz
9855,vocalize,8,7,vocamaze,7,,voʊkəlaɪz,voʊkɐmeɪz
9856,vocation,8,7,vocorion,8,,voʊkeɪʃən,voʊkɔːɹiən
9857,vodka,5,5,vidpa,5,,vɑːdkə,vɪdpə
9858,vogue,5,3,voint,4,,voʊɡ,vɔɪnt
9859,voice,5,3,vorne,4,,vɔɪs,vɔːɹn
9860,voiced,6,4,vorced,5,,vɔɪst,vɔːɹst
9861,void,4,3,voit,3,,vɔɪd,vɔɪt
9862,volatile,8,6,volotale,7,,vɑːlɐɾəl,vɑːləteɪl
9863,volcanic,8,8,volconin,8,,vɑːlkænɪk,vɑːlkənɪn
9864,volcano,7,7,volcona,7,,vɑːlkeɪnoʊ,vɑːlkoʊnə
9865,volley,6,4,vorrey,4,,vɑːli,vɔɹi
9866,volt,4,4,vort,4,,voʊlt,vɔːɹt
9867,volume,6,6,vilude,6,,vɑːljuːm,vɪluːd
9868,voluntarily,11,11,voluntamoly,11,,vɑːləntɛɹᵻli,vɑːləntæmɑːli
9869,voluntary,9,9,volintasy,9,,vɑːləntɚɹi,vɑːlɪntəsi
9870,volunteer,9,8,volanteen,8,,vɑːləntɪɹ,vɑːlɐntiːn
9871,vomit,5,5,vimid,5,,vɑːmɪt,vɪmɪd
9872,voodoo,6,4,veedee,4,,vuːduː,viːdiː
9873,vote,4,3,vomp,4,,voʊt,vɑːmp
9874,vowel,5,4,vimet,5,,vaʊəl,vɪmɪt
9875,voyage,6,4,vayade,4,,vɔɪɪdʒ,veɪeɪd
9876,vulgar,6,6,volbar,6,,vʌlɡɚ,vɑːlbɑːɹ
9877,vulgarity,9,9,vulginiry,9,,vʌlɡæɹᵻɾi,vʌldʒɪnaɪɚɹi
9878,vulnerability,13,12,vulnerobalory,13,,vʌlnɚɹəbɪlᵻɾi,vʌlnɚɹɑːbɐlɚɹi
9879,vulnerable,10,10,vulnoracle,10,,vʌlnɚɹəbəl,vʌlnəɹəkəl
9880,vulnerably,10,10,vulterofly,10,,vʌlnɚɹəbli,vʌltɚɹɑːfli
9881,vulture,7,6,voltude,7,,vʌltʃɚ,voʊltuːd
9882,wacky,5,4,wooky,4,,wæki,wʊki
9883,wad,3,3,zaf,3,,wɑːd,zæf
9884,waddle,6,4,wapple,5,,wɑːdəl,wæpəl
9885,wade,4,3,wame,3,,weɪd,weɪm
9886,wafer,5,5,wofar,5,,weɪfɚ,wɑːfɑːɹ
9887,waffle,6,5,wannle,5,,wɑːfəl,wɔnəl
9888,wag,3,3,wemth,4,,wæɡ,wɛmθ
9889,wage,4,3,wabe,3,,weɪdʒ,weɪb
9890,waggle,6,5,wammle,5,,wæɡəl,wæməl
9891,wagon,5,5,wamon,5,,wæɡən,wæmən
9892,waist,5,4,woost,4,,weɪst,wuːst
9893,waistband,9,8,woistbind,8,,weɪstbænd,wɔɪstbaɪnd
9894,waistcoat,9,7,woistcort,8,,weɪstkoʊt,wɔɪstkɔːɹt
9895,waistline,9,7,woistlane,7,,weɪslaɪn,wɔɪsleɪn
9896,wait,4,3,woidge,3,,weɪt,wɔɪdʒ
9897,waitress,8,6,waistess,6,,weɪtɹəs,weɪstɛs
9898,waive,5,3,woove,3,,weɪv,wuːv
9899,waiver,6,5,woivel,5,,weɪvɚ,wɔɪvəl
9900,wake,4,3,wape,3,,weɪk,weɪp
9901,waken,5,5,wikel,5,,weɪkən,wɪkəl
9902,walk,4,3,zalk,3,,wɔːk,zælk
9903,wall,4,3,woin,3,,wɔːl,wɔɪn
9904,wallet,6,5,wappet,5,,wɔlɪt,wæpɪt
9905,wallflower,10,8,wallflawen,8,,wɔːlflaʊɚ,wɔːlflɔːn
9906,wallpaper,9,8,wallpopar,7,,wɔːlpeɪpɚ,wɔːlpəpɑːɹ
9907,walnut,6,6,wilnit,6,,wɔːlnʌt,wɪlnɪt
9908,walrus,6,6,wilris,6,,wɔlɹəs,wɪlɹɪs
9909,waltz,5,5,wonks,5,,wɔlts,wɔŋks
9910,wand,4,4,wamp,4,,wɔnd,wæmp
9911,wander,6,6,windar,6,,wɔndɚ,wɪndɑːɹ
9912,want,4,4,wang,3,,wɔnt,wæŋɡ
9913,wanton,6,6,wintan,6,,wɔntən,wɪntən
9914,war,3,3,wong,3,,wɔːɹ,wʌŋɡ
9915,warden,6,5,werlen,6,,wɔːɹdən,wɜːlən
9916,wardrobe,8,7,wordrabe,7,,wɔːɹdɹoʊb,wɜːdɹeɪb
9917,ware,4,3,wielve,5,,wɛɹ,wiːlv
9918,warfare,7,6,wanfure,6,,wɔːɹfɛɹ,wɔnfjʊɹ
9919,warlord,7,7,wanlard,7,,wɔːɹlɔːɹd,wɔnlɑːɹd
9920,warm,4,4,wern,4,,wɔːɹm,wɜːn
9921,warmhearted,11,10,warmhearled,10,,wɔːɹmhɑːɹɾᵻd,wɔːɹmhɪɹld
9922,warmth,6,5,woimed,4,,wɔːɹmθ,wɔɪmd
9923,warn,4,4,walt,4,,wɔːɹn,wɔlt
9924,warp,4,4,woth,3,,wɔːɹp,wɑːθ
9925,warpath,7,6,wanpith,6,,wɔːɹpæθ,wɔnpɪθ
9926,warrant,7,6,wappant,6,,wɔːɹənt,wæpənt
9927,warranty,8,7,warronmy,7,,wɔːɹənti,wɔːɹɑːnmi
9928,warrior,7,6,warroer,6,,wɔːɹɪɚ,wɔːɹoʊɚ
9929,warship,7,6,wanshop,6,,wɔːɹʃɪp,wɔnʃɑːp
9930,wartime,7,6,wantame,6,,wɔːɹtaɪm,wɔnteɪm
9931,wash,4,3,wams,4,,wɑːʃ,wæmz
9932,washbasin,9,8,washbisun,8,,wɑːʃbeɪsən,wɑːʃbɪsʌn
9933,washer,6,5,woshen,5,,wɑːʃɚ,wɑːʃən
9934,washhouse,9,6,wishmouse,6,,wɑːʃhaʊs,wɪʃmaʊs
9935,washout,7,5,wishoul,5,,wɑːʃaʊt,wɪʃaʊl
9936,washy,5,4,wudgy,4,,wɑːʃi,wʌdʒi
9937,wasp,4,4,warl,4,,wɑːsp,wɔːɹl
9938,wastepaper,10,9,wastepopar,9,,weɪstpeɪpɚ,weɪstpəpɑːɹ
9939,watch,5,3,wapes,4,,wɑːtʃ,weɪps
9940,water,5,5,wotar,5,,wɔːɾɚ,wɑːɾɚ
9941,watercolor,10,10,watelciler,10,,wɔːɾɚkʌlɚ,weɪtlsaɪlɚ
9942,waterline,9,8,waperlane,7,,wɔːɾɚlaɪn,weɪpɚleɪn
9943,watermelon,10,10,wapermiton,9,,wɔːɾɚmɛlən,weɪpɚmɪtən
9944,waterpower,10,9,waperlower,8,,wɔːɾɚpaʊɚ,weɪpɚloʊɚ
9945,waterproof,10,9,wapertroof,8,,wɔːɾɚpɹuːf,weɪpɚtɹuːf
9946,waterspout,10,9,wapertrout,8,,wɔːɾɚspaʊt,weɪpɚtɹaʊt
9947,watertight,10,8,waperfight,7,,wɔːɾɚtaɪt,weɪpɚfaɪt
9948,waterway,8,7,wapermay,6,,wɔːɾɚweɪ,weɪpɚmeɪ
9949,watery,6,6,walery,6,,wɔːɾɚɹi,weɪlɚɹi
9950,watt,4,3,weth,3,,wɑːt,wɛθ
9951,wavy,4,4,wevy,4,,weɪvi,wɛvi
9952,wax,3,4,wah,2,,wæks,wɑː
9953,way,3,2,woy,2,,weɪ,wɔɪ
9954,wealth,6,4,weldge,4,,wɛlθ,wɛldʒ
9955,weapon,6,5,weadon,5,,wɛpən,wiːdɑːn
9956,wearable,8,7,wearabro,7,,wɛɹəbəl,wɛɹæbɹoʊ
9957,wearer,6,5,weaden,5,,wɛɹɚ,wiːdən
9958,weary,5,4,woamy,4,,wɪɹi,woʊmi
9959,weather,7,5,wearten,6,,wɛðɚ,wɛɹʔn̩
9960,weathering,10,7,weathorint,8,,wɛðɚɹɪŋ,wɛðɔːɹɪnt
9961,weatherman,10,8,weathorran,7,,wɛðɚmæn,wɛðɔɹən
9962,weatherproof,12,9,weathorfloof,9,,wɛðɚpɹuːf,wɛðɔːɹfluːf
9963,weave,5,3,weant,4,,wiːv,wiːnt
9964,web,3,3,waidge,3,,wɛb,weɪdʒ
9965,wed,3,3,zed,3,,wɛd,zɛd
9966,wedding,7,5,wemming,5,,wɛdɪŋ,wɛmɪŋ
9967,wedge,5,3,jedge,3,,wɛdʒ,dʒɛdʒ
9968,Wednesday,9,6,Windsmay,6,,wɛnzdeɪ,wɪndsmeɪ
9969,weed,4,3,woid,3,,wiːd,wɔɪd
9970,week,4,3,zeek,3,,wiːk,ziːk
9971,weep,4,3,wooth,3,,wiːp,wuːθ
9972,weird,5,4,weige,4,,wɪɹd,waɪdʒ
9973,welcome,7,6,wilcame,6,,wɛlkʌm,wɪlkeɪm
9974,welfare,7,6,wilfade,6,,wɛlfɛɹ,wɪlfeɪd
9975,well,4,3,wodge,3,,wɛl,wɑːdʒ
9976,wench,5,4,werge,4,,wɛntʃ,wɜːdʒ
9977,went,4,4,wemp,4,,wɛnt,wɛmp
9978,wept,4,4,woit,3,,wɛpt,wɔɪt
9979,werewolf,8,7,wenewalf,7,,wɛɹwʊlf,wɛnwɔlf
9980,west,4,4,wost,4,,wɛst,wɑːst
9981,western,7,7,werterd,7,,wɛstɚn,wɜːɾɜːd
9982,wet,3,3,zet,3,,wɛt,zɛt
9983,whack,5,4,whuck,3,,wæk,wʌk
9984,whale,5,4,whamp,4,,weɪl,wæmp
9985,wharf,5,5,whoodge,3,,wɔːɹf,wʊddʒ
9986,whatever,8,8,whatoven,7,,wʌtɛvɚ,wʌɾoʊvən
9987,whatnot,7,7,whotnit,6,,wʌtnɑːt,hɑːtnɪt
9988,whatsoever,10,10,whatsieror,9,,wʌtsoʊɛvɚ,wʌtsɪɹɚ
9989,wheat,5,4,whaut,3,,wiːt,waʊt
9990,wheel,5,4,whoal,3,,wiːl,woʊl
9991,wheelbarrow,11,8,wheelnarrog,8,,wiːlbæɹoʊ,wiːlnɐɹɑːɡ
9992,wheeze,6,4,wieze,4,,wiːz,wiːz
9993,which,5,4,whirt,4,,wɪtʃ,wɜːt
9994,whichsoever,11,10,whichsieror,9,,wɪtʃsoʊɛvɚ,wɪtʃsɪɹɚ
9995,whiff,5,4,whime,3,,wɪf,waɪm
9996,whim,4,4,wauf,3,,wɪm,wɔːf
9997,whimper,7,7,whumber,6,,wɪmpɚ,wʌmbɚ
9998,whip,4,4,whuz,3,,wɪp,wʌz
9999,whiplash,8,7,whoplase,6,,wɪplæʃ,wɑːpleɪz
10000,whirl,5,5,whirb,4,,wɜːl,wɜːb
10001,whirlpool,9,8,whorlpoon,7,,wɜːlpuːl,wɔːɹlpuːn
10002,whisk,5,5,whilk,4,,wɪsk,wɪlk
10003,whisker,7,7,whusken,6,,wɪskɚ,wʌskən
10004,whiskey,7,6,whoospy,5,,wɪski,wuːspi
10005,whisper,7,7,whusber,6,,wɪspɚ,wʌsbɚ
10006,whistle,7,6,whusple,6,,wɪsəl,wʌspəl
10007,white,5,4,zike,3,,waɪt,zaɪk
10008,whitefish,9,7,whotefush,6,,waɪtfɪʃ,hoʊtfʌʃ
10009,whiteness,9,6,whoteless,6,,waɪtnəs,hoʊtləs
10010,whoever,7,6,whooven,6,,huːɛvɚ,wuːvən
10011,wholesale,9,6,whalesade,6,,hoʊlseɪl,weɪlseɪd
10012,wholesome,9,6,whalesame,6,,hoʊlsʌm,weɪlseɪm
10013,whom,4,3,whog,3,,huːm,hɑːɡ
10014,whomever,8,7,whomoven,7,,huːmɛvɚ,huːmuːvən
10015,whomsoever,10,9,whomsieror,9,,huːmsoʊɛvɚ,huːmzɪɹɚ
10016,whopper,7,6,whodder,5,,wɑːpɚ,huːdɚ
10017,whore,5,3,whorsh,4,,hɔːɹ,hɔːɹʃ
10018,whose,5,3,whote,3,,huːz,hoʊt
10019,whosoever,9,8,whosieror,8,,huːsoʊɛvɚ,huːsɪɹɚ
10020,wick,4,3,wiek,4,,wɪk,wiːk
10021,wicked,6,5,wocken,5,,wɪkᵻd,wɑːkən
10022,wide,4,3,woing,3,,waɪd,woʊɪŋ
10023,widen,5,4,wodel,5,,waɪdən,woʊdəl
10024,widespread,10,8,wadespreal,9,,waɪdspɹɛd,weɪdspɹiːəl
10025,widow,5,4,wadow,4,,wɪdoʊ,wɑːdoʊ
10026,widower,7,6,widonel,7,,wɪdoʊɚ,wɪdoʊnəl
10027,width,5,4,widst,5,,wɪtθ,wɪdst
10028,wiener,6,5,waimer,5,,wiːnɚ,weɪmɚ
10029,wife,4,3,waish,3,,waɪf,weɪʃ
10030,wifehood,8,6,wafenood,6,,waɪfhʊd,weɪfnuːd
10031,wig,3,3,woong,3,,wɪɡ,wuːŋ
10032,wiggle,6,5,wipple,5,,wɪɡəl,wɪpəl
10033,wild,4,4,zild,4,,waɪld,zɪld
10034,wildcat,7,7,woldcut,7,,waɪldkæt,woʊldkʌt
10035,wilderness,10,9,wildorless,9,,wɪldɚnəs,waɪldɔːɹləs
10036,wildfire,8,8,woldfare,7,,waɪldfaɪɚ,woʊldfɛɹ
10037,willing,7,5,wolling,5,,wɪlɪŋ,woʊlɪŋ
10038,willow,6,4,wippow,4,,wɪloʊ,wɪpaʊ
10039,willpower,9,7,willpawen,8,,wɪlpaʊɚ,wɪlpɔːn
10040,win,3,3,wib,3,,wɪn,wɪb
10041,wince,5,4,winge,4,,wɪns,wɪndʒ
10042,wind,4,4,wike,3,,wɪnd,waɪk
10043,windbag,7,7,winebig,6,,wɪndbæɡ,waɪnbɪɡ
10044,windfall,8,7,winefull,6,,wɪndfɔːl,waɪnfʊl
10045,winding,7,6,winping,6,,waɪndɪŋ,wɪnpɪŋ
10046,windmill,8,7,winemull,6,,wɪndmɪl,waɪnmʌl
10047,window,6,5,wandaw,5,,wɪndoʊ,wɔndɔː
10048,windpipe,8,7,winepope,6,,wɪndpaɪp,waɪnpoʊp
10049,windshield,10,8,winestield,8,,wɪndʃiːld,waɪnstiːld
10050,windy,5,5,wondy,5,,wɪndi,wʌndi
10051,wine,4,3,weern,4,,waɪn,wɪɹn
10052,winegrower,10,8,winegrawen,8,,waɪŋɡɹoʊɚ,waɪŋɡɹɔːn
10053,wing,4,3,wist,4,,wɪŋ,wɪst
10054,winged,6,4,wibbed,4,,wɪŋd,wɪbd
10055,wingspan,8,7,windspin,8,,wɪŋspæn,wɪndspɪn
10056,wink,4,4,wownk,4,,wɪŋk,waʊŋk
10057,winter,6,6,wonper,6,,wɪntɚ,wʌnpɚ
10058,wipe,4,3,wiss,3,,waɪp,wɪs
10059,wire,4,4,wibs,4,,waɪɚ,wɪbz
10060,wiring,6,6,wizing,5,,waɪɚɹɪŋ,waɪzɪŋ
10061,wisdom,6,6,wasdim,6,,wɪzdəm,wɑːsdɪm
10062,wise,4,3,jise,3,,waɪz,dʒaɪz
10063,wish,4,3,woish,3,,wɪʃ,wɔɪʃ
10064,wit,3,3,woich,3,,wɪt,woʊɪtʃ
10065,witchery,8,6,witcheny,6,,wɪtʃɚɹi,wɪtʃɛni
10066,withdraw,8,6,wothdrew,6,,wɪθdɹɔː,wɑːθdɹuː
10067,wither,6,5,wothen,5,,wɪðɚ,wɑːðən
10068,withhold,8,7,wuthhord,7,,wɪðhoʊld,wʌθhɔːɹd
10069,within,6,5,wuthid,5,,wɪðɪn,wʌθɪd
10070,withstand,9,8,wuthstind,8,,wɪðstænd,wʌθstɪnd
10071,witless,7,6,wotness,6,,wɪtləs,wɑːtnəs
10072,witness,7,6,wotpess,6,,wɪtnəs,wɑːtpɛs
10073,witty,5,4,wizzy,4,,wɪɾi,wɪzi
10074,wives,5,4,woodge,3,,waɪvz,wʊddʒ
10075,wizard,6,6,wozarn,6,,wɪzɚd,wɑːzɑːɹn
10076,wobble,6,5,worrle,5,,wɑːbəl,wʌəl
10077,woe,3,2,wosh,3,,woʊ,wɑːʃ
10078,woke,4,3,wauk,3,,woʊk,wɔːk
10079,wolf,4,4,wooch,3,,wʊlf,wuːtʃ
10080,wolves,6,5,jolves,5,,wʊlvz,dʒɑːlvz
10081,woman,5,5,wogan,5,,wʊmən,woʊɡən
10082,womankind,9,9,wominlind,9,,wʊməŋkaɪnd,wɑːmɪnlɪnd
10083,womb,4,3,woimb,3,,wuːm,wɔɪm
10084,women,5,5,wogen,5,,wɪmɪn,woʊdʒən
10085,wonder,6,6,winden,6,,wʌndɚ,wɪndən
10086,wonderful,9,9,wondortul,9,,wʌndɚfəl,wʌndɔːɹtʌl
10087,wondrous,8,7,windraus,7,,wʌndɹəs,wɪndɹaʊs
10088,wood,4,3,wook,3,,wʊd,wʊk
10089,woodchopper,11,8,woodchodder,8,,wʊdtʃɑːpɚ,wʊdtʃɑːdɚ
10090,wooden,6,4,weeber,5,,wʊdən,wiːbɚ
10091,woodland,8,7,wooblane,6,,wʊdlənd,wuːbleɪn
10092,woodpecker,10,8,woodpicken,8,,wʊdpɛkɚ,wʊdpɪkən
10093,woods,5,4,woadge,3,,wʊdz,woʊdʒ
10094,woodwind,8,7,woobwine,6,,wʊdwɪnd,wuːbwaɪn
10095,woof,4,3,woog,3,,wuːf,wuːɡ
10096,wool,4,3,woob,3,,wʊl,wuːb
10097,woozy,5,4,wooxy,5,,wuːzi,wuːksi
10098,word,4,4,woig,3,,wɜːd,wɔɪɡ
10099,wordplay,8,7,wardploy,7,,wɜːdpleɪ,wɔːɹdplɔɪ
10100,work,4,4,woil,3,,wɜːk,wɔɪl
10101,workbag,7,7,wardbig,7,,wɜːkbæɡ,wɔːɹdbɪɡ
10102,working,7,6,worging,6,,wɜːkɪŋ,wɜːdʒɪŋ
10103,workman,7,7,wolkmun,7,,wɜːkmən,wɑːlkmʌn
10104,workout,7,6,wolkert,6,,wɜːkaʊt,wɑːlkɚt
10105,world,5,5,worlth,5,,wɜːld,wɜːlθ
10106,worldly,7,7,warldly,7,,wɜːldli,wɔːɹldli
10107,worldwide,9,8,warldwade,8,,wɜːldwaɪd,wɔːɹldweɪd
10108,worm,4,4,wosk,4,,wɜːm,wɑːsk
10109,worrisome,9,7,worrosame,7,,wʌɹisʌm,wʌɹəsɑːmɛ
10110,worry,5,4,wotty,4,,wʌɹi,wɑːɾi
10111,worse,5,4,worge,4,,wɜːs,wɜːdʒ
10112,worsen,6,6,worten,6,,wɜːsən,wɜːʔn̩
10113,worship,7,6,warshop,6,,wɜːʃɪp,wɔːɹʃɑːp
10114,worst,5,5,zerst,5,,wɜːst,zɜːst
10115,worth,5,4,werch,4,,wɜːθ,wɜːtʃ
10116,worthwhile,10,8,warthwhale,7,,wɜːθwaɪl,wɔːɹθweɪl
10117,worthy,6,5,warphy,5,,wɜːði,wɔːɹfi
10118,wound,5,4,wouse,3,,wuːnd,waʊs
10119,woven,5,5,wavin,5,,woʊvən,wævɪn
10120,wrath,5,3,wroith,3,,ɹæθ,ɹɔɪθ
10121,wreck,5,3,wrauth,3,,ɹɛk,ɹɔːθ
10122,wrench,6,4,smench,5,,ɹɛntʃ,smɛntʃ
10123,wrestle,7,5,wrostly,6,,ɹɛsəl,ɹɑːstli
10124,wrestling,9,7,wrispling,7,,ɹɛsəlɪŋ,ɹɪsplɪŋ
10125,wretched,8,5,writchen,5,,ɹɛtʃᵻd,ɹɪtʃən
10126,wrinkle,7,6,wranple,6,,ɹɪŋkəl,ɹænpəl
10127,wrist,5,4,wrish,3,,ɹɪst,ɹɪʃ
10128,wristband,9,8,wrostbind,8,,ɹɪstbænd,ɹɑːstbaɪnd
10129,writer,6,5,wriner,5,,ɹaɪɾɚ,ɹaɪnɚ
10130,writing,7,5,wrigint,6,,ɹaɪɾɪŋ,ɹɪdʒɪnt
10131,written,7,4,wriffen,5,,ɹɪʔn̩,ɹɪfən
10132,wrong,5,3,wrosh,3,,ɹɔŋ,ɹɑːʃ
10133,wrongdoer,9,7,wrongdear,6,,ɹɔŋduːɚ,ɹɔŋdɪɹ
10134,wrongly,7,5,wraongly,6,,ɹɔŋli,ɹeɪɑːŋli
10135,yacht,5,3,yakes,4,,jɑːt,jeɪks
10136,yam,3,3,yad,3,,jæm,jæd
10137,Yankee,6,5,yonkae,5,,jæŋkiː,jɑːŋkiː
10138,yard,4,4,yaunk,4,,jɑːɹd,jɔːŋk
10139,yawn,4,3,yane,3,,jɔːn,jeɪn
10140,year,4,3,yeen,3,,jɪɹ,jiːn
10141,yearlong,8,6,yeanlang,6,,jɪɹlɔŋ,jiːnlæŋ
10142,yearn,5,4,yeath,3,,jɜːn,jiːθ
10143,yeast,5,4,youst,4,,jiːst,jaʊst
10144,yell,4,3,yong,3,,jɛl,jɑːŋ
10145,yellow,6,4,yenbow,5,,jɛloʊ,jɛnboʊ
10146,yesterday,9,8,yestormay,8,,jɛstɚdeɪ,jɛstɔːɹmeɪ
10147,yesteryear,10,9,yestoryeal,10,,jɛstɚjɪɹ,jɛstɔːɹɪiəl
10148,yield,5,4,yilps,5,,jiːld,jɪlps
10149,yoga,4,4,yugo,4,,joʊɡə,juːɡoʊ
10150,yogi,4,4,yugu,4,,joʊɡi,juːɡuː
10151,young,5,3,yeeng,3,,jʌŋ,jiːŋ
10152,youngish,8,5,yeangish,5,,jʌŋɡɪʃ,jiːŋɡɪʃ
10153,youth,5,3,yoong,3,,juːθ,juːŋ
10154,yummy,5,4,yimmy,4,,jʌmi,jɪmi
10155,zeal,4,3,zong,3,,ziːl,zɑːŋ
10156,zealous,7,5,zeamous,5,,zɛləs,ziːməs
10157,zebra,5,5,zoclo,5,,ziːbɹə,zɑːkloʊ
10158,zero,4,4,zoru,4,,ziəɹoʊ,zɔːɹuː
10159,zest,4,4,zegs,4,,zɛst,zɛɡz
10160,zigzag,6,6,zugzig,6,,zɪɡzæɡ,zʌɡzɪɡ
10161,zinc,4,4,gink,4,,zɪŋk,dʒɪŋk
10162,zip,3,3,zop,3,,zɪp,zɑːp
10163,zipper,6,5,ziller,5,,zɪpɚ,zɪlɚ
10164,zodiac,6,6,zoriat,6,,zoʊdiæk,zɔːɹɪæt
10165,zombie,6,5,zimbin,6,,zɑːmbi,zɪmbɪn
10166,zone,4,3,zore,3,,zoʊn,zɔːɹ
10167,zoo,3,2,zai,2,,zuː,zaɪ
10168,zoom,4,3,zeem,3,,zuːm,ziːm
10169,zucchini,8,6,zucclimi,7,,zʌkiːni,zʌklaɪmi
